_항목,ADDR1_NM,ADDR2_NM,MIN_PRICE,MID_PRICE,AVG_PRICE,MAX_PRICE,ANIMAL_TYPE_CD,SIDO_CD,ADDR1_CD,GUGUN_PRICE_SEQ,MEDI_TYPE_CD,ATTR,_시도,_mediTypeCd,_animalTypeCd
초진 진찰료 5kg,서울특별시,강남구,5000,11000,15078,50000,ANITY00006,11,11,128,MEDIT00001,seoul-Gangnam-gu,서울특별시,MEDIT00001,ANITY00006
초진 진찰료 5kg,서울특별시,강동구,5000,9500,9300,22000,ANITY00006,11,11,129,MEDIT00001,seoul-Gangdong-gu,서울특별시,MEDIT00001,ANITY00006
초진 진찰료 5kg,서울특별시,강북구,5000,10000,8709,15000,ANITY00006,11,11,130,MEDIT00001,seoul-Gangbuk-gu,서울특별시,MEDIT00001,ANITY00006
초진 진찰료 5kg,서울특별시,강서구,4000,10000,9915,22000,ANITY00006,11,11,131,MEDIT00001,seoul-Gangseo-gu,서울특별시,MEDIT00001,ANITY00006
초진 진찰료 5kg,서울특별시,관악구,5000,8000,9305,27500,ANITY00006,11,11,132,MEDIT00001,seoul-Gwanak-gu,서울특별시,MEDIT00001,ANITY00006
초진 진찰료 5kg,서울특별시,광진구,3000,9000,8866,30000,ANITY00006,11,11,133,MEDIT00001,seoul-Gwangjin-gu,서울특별시,MEDIT00001,ANITY00006
초진 진찰료 5kg,서울특별시,구로구,5000,8000,8581,15000,ANITY00006,11,11,134,MEDIT00001,seoul-Guro-gu,서울특별시,MEDIT00001,ANITY00006
초진 진찰료 5kg,서울특별시,금천구,3000,11500,12594,30000,ANITY00006,11,11,135,MEDIT00001,seoul-Geumcheon-gu,서울특별시,MEDIT00001,ANITY00006
초진 진찰료 5kg,서울특별시,노원구,5000,10000,10835,30000,ANITY00006,11,11,136,MEDIT00001,seoul-Nowon-gu,서울특별시,MEDIT00001,ANITY00006
초진 진찰료 5kg,서울특별시,도봉구,3300,7700,8548,25000,ANITY00006,11,11,137,MEDIT00001,seoul-Dobong-gu,서울특별시,MEDIT00001,ANITY00006
초진 진찰료 5kg,서울특별시,동대문구,5000,10000,9550,20000,ANITY00006,11,11,138,MEDIT00001,seoul-Dongdaemun-gu,서울특별시,MEDIT00001,ANITY00006
초진 진찰료 5kg,서울특별시,동작구,5000,9750,9230,15000,ANITY00006,11,11,139,MEDIT00001,seoul-Dongjak-gu,서울특별시,MEDIT00001,ANITY00006
초진 진찰료 5kg,서울특별시,마포구,5000,10000,10486,22000,ANITY00006,11,11,140,MEDIT00001,seoul-Mapo-gu,서울특별시,MEDIT00001,ANITY00006
초진 진찰료 5kg,서울특별시,서대문구,5000,10000,10175,15000,ANITY00006,11,11,141,MEDIT00001,seoul-Seodaemun-gu,서울특별시,MEDIT00001,ANITY00006
초진 진찰료 5kg,서울특별시,서초구,3000,10000,10000,22000,ANITY00006,11,11,142,MEDIT00001,seoul-Seocho-gu,서울특별시,MEDIT00001,ANITY00006
초진 진찰료 5kg,서울특별시,성동구,5000,11000,10922,20000,ANITY00006,11,11,143,MEDIT00001,seoul-Seongdong-gu,서울특별시,MEDIT00001,ANITY00006
초진 진찰료 5kg,서울특별시,성북구,5000,10000,10558,22000,ANITY00006,11,11,144,MEDIT00001,seoul-Seongbuk-gu,서울특별시,MEDIT00001,ANITY00006
초진 진찰료 5kg,서울특별시,송파구,3000,10000,10674,30000,ANITY00006,11,11,145,MEDIT00001,seoul-Songpa-gu,서울특별시,MEDIT00001,ANITY00006
초진 진찰료 5kg,서울특별시,양천구,3000,8400,9579,30000,ANITY00006,11,11,146,MEDIT00001,seoul-Yangcheon-gu,서울특별시,MEDIT00001,ANITY00006
초진 진찰료 5kg,서울특별시,영등포구,5000,10000,9986,16000,ANITY00006,11,11,147,MEDIT00001,seoul-Yeongdeungpo-gu,서울특별시,MEDIT00001,ANITY00006
초진 진찰료 5kg,서울특별시,용산구,5000,10000,10848,19000,ANITY00006,11,11,148,MEDIT00001,seoul-Yongsan-gu,서울특별시,MEDIT00001,ANITY00006
초진 진찰료 5kg,서울특별시,은평구,5000,9000,9541,25000,ANITY00006,11,11,149,MEDIT00001,seoul-Eunpyeong-gu,서울특별시,MEDIT00001,ANITY00006
초진 진찰료 5kg,서울특별시,종로구,6000,10000,10636,15000,ANITY00006,11,11,150,MEDIT00001,seoul-Jongno-gu,서울특별시,MEDIT00001,ANITY00006
초진 진찰료 5kg,서울특별시,중구,5000,10000,11382,30000,ANITY00006,11,11,151,MEDIT00001,seoul-jung-gu,서울특별시,MEDIT00001,ANITY00006
초진 진찰료 5kg,서울특별시,중랑구,5500,10000,10138,20000,ANITY00006,11,11,152,MEDIT00001,seoul-Jungnang-gu,서울특별시,MEDIT00001,ANITY00006
초진 진찰료 5kg,부산광역시,강서구,5000,8500,8645,11000,ANITY00006,26,26,111,MEDIT00001,Busan-Gangseo-gu,부산광역시,MEDIT00001,ANITY00006
초진 진찰료 5kg,부산광역시,금정구,5000,10000,11647,27000,ANITY00006,26,26,112,MEDIT00001,Busan-Geumjeong-gu,부산광역시,MEDIT00001,ANITY00006
초진 진찰료 5kg,부산광역시,기장군,5000,8000,7823,12000,ANITY00006,26,26,113,MEDIT00001,Busan-Gijang-gun,부산광역시,MEDIT00001,ANITY00006
초진 진찰료 5kg,부산광역시,남구,5000,10000,10569,22000,ANITY00006,26,26,114,MEDIT00001,Busan-Nam-gu,부산광역시,MEDIT00001,ANITY00006
초진 진찰료 5kg,부산광역시,동구,7000,9500,9000,10000,ANITY00006,26,26,115,MEDIT00001,Busan-Dong-gu,부산광역시,MEDIT00001,ANITY00006
초진 진찰료 5kg,부산광역시,동래구,3000,10000,10362,22000,ANITY00006,26,26,116,MEDIT00001,Busan-Dongrae-gu,부산광역시,MEDIT00001,ANITY00006
초진 진찰료 5kg,부산광역시,부산진구,3000,9000,8455,15000,ANITY00006,26,26,117,MEDIT00001,Busan-Busanjin-gu,부산광역시,MEDIT00001,ANITY00006
초진 진찰료 5kg,부산광역시,북구,3000,8000,8332,15000,ANITY00006,26,26,118,MEDIT00001,Busan-Buk-gu,부산광역시,MEDIT00001,ANITY00006
초진 진찰료 5kg,부산광역시,사상구,7000,12000,13400,43000,ANITY00006,26,26,119,MEDIT00001,Busan-Sasang-gu,부산광역시,MEDIT00001,ANITY00006
초진 진찰료 5kg,부산광역시,사하구,5000,10000,10606,30000,ANITY00006,26,26,120,MEDIT00001,Busan-Saha-gu,부산광역시,MEDIT00001,ANITY00006
초진 진찰료 5kg,부산광역시,서구,7000,8000,8000,10000,ANITY00006,26,26,121,MEDIT00001,Busan-Seo-gu,부산광역시,MEDIT00001,ANITY00006
초진 진찰료 5kg,부산광역시,수영구,5500,10000,10814,30000,ANITY00006,26,26,122,MEDIT00001,Busan-Suyeong-gu,부산광역시,MEDIT00001,ANITY00006
초진 진찰료 5kg,부산광역시,연제구,3000,9000,11118,30000,ANITY00006,26,26,123,MEDIT00001,Busan-Yeonje-gu,부산광역시,MEDIT00001,ANITY00006
초진 진찰료 5kg,부산광역시,영도구,7000,7850,8175,10000,ANITY00006,26,26,124,MEDIT00001,Busan-Yeongdo-gu,부산광역시,MEDIT00001,ANITY00006
초진 진찰료 5kg,부산광역시,중구,5000,10000,11667,20000,ANITY00006,26,26,125,MEDIT00001,Busan-Jung-gu,부산광역시,MEDIT00001,ANITY00006
초진 진찰료 5kg,부산광역시,해운대구,3000,9000,9121,20000,ANITY00006,26,26,126,MEDIT00001,Busan-Haeundae-gu,부산광역시,MEDIT00001,ANITY00006
초진 진찰료 5kg,대구광역시,남구,5000,9400,9600,15000,ANITY00006,27,27,96,MEDIT00001,Daegu-Nam-gu,대구광역시,MEDIT00001,ANITY00006
초진 진찰료 5kg,대구광역시,달서구,5000,9000,8582,12000,ANITY00006,27,27,97,MEDIT00001,Daegu-Dalseo-gu,대구광역시,MEDIT00001,ANITY00006
초진 진찰료 5kg,대구광역시,달성군,5000,10000,9321,15000,ANITY00006,27,27,98,MEDIT00001,Daegu-Dal-Sung-gun,대구광역시,MEDIT00001,ANITY00006
초진 진찰료 5kg,대구광역시,동구,5000,10000,8559,11000,ANITY00006,27,27,99,MEDIT00001,Daegu-Dong-gu,대구광역시,MEDIT00001,ANITY00006
초진 진찰료 5kg,대구광역시,북구,5000,10000,9160,20000,ANITY00006,27,27,100,MEDIT00001,Daegu-Buk-gu,대구광역시,MEDIT00001,ANITY00006
초진 진찰료 5kg,대구광역시,서구,3000,9000,11700,35000,ANITY00006,27,27,101,MEDIT00001,Daegu-Seo-gu,대구광역시,MEDIT00001,ANITY00006
초진 진찰료 5kg,대구광역시,수성구,5000,10000,10174,25000,ANITY00006,27,27,102,MEDIT00001,Daegu-Suseong-gu,대구광역시,MEDIT00001,ANITY00006
초진 진찰료 5kg,대구광역시,중구,3300,10000,13650,33000,ANITY00006,27,27,103,MEDIT00001,Daegu-Jung-gu,대구광역시,MEDIT00001,ANITY00006
초진 진찰료 5kg,인천광역시,강화군,5000,10000,8400,10000,ANITY00006,28,28,162,MEDIT00001,Incheon-Ganghwa-gun,인천광역시,MEDIT00001,ANITY00006
초진 진찰료 5kg,인천광역시,계양구,5000,10000,13787,61000,ANITY00006,28,28,163,MEDIT00001,Incheon-Gyeyang-gu,인천광역시,MEDIT00001,ANITY00006
초진 진찰료 5kg,인천광역시,남동구,5000,9000,8574,15000,ANITY00006,28,28,164,MEDIT00001,Incheon-Namdong-gu,인천광역시,MEDIT00001,ANITY00006
초진 진찰료 5kg,인천광역시,동구,8800,9400,9400,10000,ANITY00006,28,28,165,MEDIT00001,Incheon-Dong-gu,인천광역시,MEDIT00001,ANITY00006
초진 진찰료 5kg,인천광역시,미추홀구,4000,9000,9111,20000,ANITY00006,28,28,166,MEDIT00001,Incheon-Michuhol-gu,인천광역시,MEDIT00001,ANITY00006
초진 진찰료 5kg,인천광역시,부평구,5000,10000,10329,22500,ANITY00006,28,28,167,MEDIT00001,Incheon-Bupyeong-gu,인천광역시,MEDIT00001,ANITY00006
초진 진찰료 5kg,인천광역시,서구,5000,7000,7640,15000,ANITY00006,28,28,168,MEDIT00001,Incheon-Seo-gu,인천광역시,MEDIT00001,ANITY00006
초진 진찰료 5kg,인천광역시,연수구,5000,9000,9075,20000,ANITY00006,28,28,169,MEDIT00001,Incheon-Yeonsu-gu,인천광역시,MEDIT00001,ANITY00006
초진 진찰료 5kg,인천광역시,중구,8000,8000,8000,8000,ANITY00006,28,28,170,MEDIT00001,Incheon-Jung-gu,인천광역시,MEDIT00001,ANITY00006
초진 진찰료 5kg,광주광역시,광산구,4000,9000,9261,18000,ANITY00006,29,29,89,MEDIT00001,Gwangju-Gwangsan-gu,광주광역시,MEDIT00001,ANITY00006
초진 진찰료 5kg,광주광역시,남구,7000,10000,10463,18000,ANITY00006,29,29,90,MEDIT00001,Gwangju-Nam-gu,광주광역시,MEDIT00001,ANITY00006
초진 진찰료 5kg,광주광역시,동구,6600,9000,9700,15000,ANITY00006,29,29,91,MEDIT00001,Gwangju-Dong-gu,광주광역시,MEDIT00001,ANITY00006
초진 진찰료 5kg,광주광역시,북구,7700,9000,10246,20000,ANITY00006,29,29,92,MEDIT00001,Gwangju-Buk-gu,광주광역시,MEDIT00001,ANITY00006
초진 진찰료 5kg,광주광역시,서구,5000,9000,9597,20000,ANITY00006,29,29,93,MEDIT00001,Gwangju-Seo-gu,광주광역시,MEDIT00001,ANITY00006
초진 진찰료 5kg,대전광역시,대덕구,6000,12000,11444,15000,ANITY00006,30,30,105,MEDIT00001,Daejeon-Daedeok-gu,대전광역시,MEDIT00001,ANITY00006
초진 진찰료 5kg,대전광역시,동구,7000,10000,11000,15000,ANITY00006,30,30,106,MEDIT00001,Daejeon-Dong-gu,대전광역시,MEDIT00001,ANITY00006
초진 진찰료 5kg,대전광역시,서구,5000,10500,11494,20000,ANITY00006,30,30,107,MEDIT00001,Daejeon-Seo-gu,대전광역시,MEDIT00001,ANITY00006
초진 진찰료 5kg,대전광역시,유성구,5000,11000,13093,33000,ANITY00006,30,30,108,MEDIT00001,Daejeon-Yuseong-gu,대전광역시,MEDIT00001,ANITY00006
초진 진찰료 5kg,대전광역시,중구,5000,10000,8993,13000,ANITY00006,30,30,109,MEDIT00001,Daejeon-Jung-gu,대전광역시,MEDIT00001,ANITY00006
초진 진찰료 5kg,울산광역시,남구,3000,11250,12188,21000,ANITY00006,31,31,156,MEDIT00001,Ulsan-Nam-gu,울산광역시,MEDIT00001,ANITY00006
초진 진찰료 5kg,울산광역시,동구,7000,9000,9200,11000,ANITY00006,31,31,157,MEDIT00001,Ulsan-Dong-gu,울산광역시,MEDIT00001,ANITY00006
초진 진찰료 5kg,울산광역시,북구,5000,9000,8111,10000,ANITY00006,31,31,158,MEDIT00001,Ulsan-Buk-gu,울산광역시,MEDIT00001,ANITY00006
초진 진찰료 5kg,울산광역시,울주군,8000,10500,11688,16500,ANITY00006,31,31,159,MEDIT00001,Ulsan-Ulju-gun,울산광역시,MEDIT00001,ANITY00006
초진 진찰료 5kg,울산광역시,중구,8000,10000,11167,22000,ANITY00006,31,31,160,MEDIT00001,Ulsan-Jung-gu,울산광역시,MEDIT00001,ANITY00006
초진 진찰료 5kg,세종특별자치시,세종특별자치시,4000,8500,11330,50800,ANITY00006,36,36,154,MEDIT00001,Sejong-Sejong-si,세종특별자치시,MEDIT00001,ANITY00006
초진 진찰료 5kg,경기도,가평군,5000,5000,5125,5500,ANITY00006,41,41,19,MEDIT00001,Gyeonggi-Gapyeong-gun,경기도,MEDIT00001,ANITY00006
초진 진찰료 5kg,경기도,고양시,5000,10000,10488,44000,ANITY00006,41,41,20,MEDIT00001,Gyeonggi-Goyang-si,경기도,MEDIT00001,ANITY00006
초진 진찰료 5kg,경기도,과천시,5000,8000,9500,20000,ANITY00006,41,41,21,MEDIT00001,Gyeonggi-Gwacheon,경기도,MEDIT00001,ANITY00006
초진 진찰료 5kg,경기도,광명시,5000,9500,8750,12000,ANITY00006,41,41,22,MEDIT00001,Gyeonggi-Gwangmyeong,경기도,MEDIT00001,ANITY00006
초진 진찰료 5kg,경기도,광주시,1000,9000,8612,15000,ANITY00006,41,41,23,MEDIT00001,Gyeonggi-Gwangju-si,경기도,MEDIT00001,ANITY00006
초진 진찰료 5kg,경기도,구리시,4400,9150,9067,15000,ANITY00006,41,41,24,MEDIT00001,Gyeonggi-Guri-si,경기도,MEDIT00001,ANITY00006
초진 진찰료 5kg,경기도,군포시,5000,9500,9286,16000,ANITY00006,41,41,25,MEDIT00001,Gyeonggi-Gunpo,경기도,MEDIT00001,ANITY00006
초진 진찰료 5kg,경기도,김포시,4500,9000,8249,12100,ANITY00006,41,41,26,MEDIT00001,Gyeonggi-Gimpo-si,경기도,MEDIT00001,ANITY00006
초진 진찰료 5kg,경기도,남양주시,4400,9000,10282,50000,ANITY00006,41,41,27,MEDIT00001,Gyeonggi-Namyangju-si,경기도,MEDIT00001,ANITY00006
초진 진찰료 5kg,경기도,동두천시,5000,7000,7786,11000,ANITY00006,41,41,28,MEDIT00001,Gyeonggi-Dongducheon-si,경기도,MEDIT00001,ANITY00006
초진 진찰료 5kg,경기도,부천시,3000,10000,10359,50000,ANITY00006,41,41,29,MEDIT00001,Gyeonggi-Bucheon,경기도,MEDIT00001,ANITY00006
초진 진찰료 5kg,경기도,성남시,3000,9950,10721,30000,ANITY00006,41,41,30,MEDIT00001,Gyeonggi-Seongnam,경기도,MEDIT00001,ANITY00006
초진 진찰료 5kg,경기도,수원시,5000,10000,9991,26000,ANITY00006,41,41,31,MEDIT00001,Gyeonggi-Suwon-si,경기도,MEDIT00001,ANITY00006
초진 진찰료 5kg,경기도,시흥시,5000,8000,7974,11000,ANITY00006,41,41,32,MEDIT00001,Gyeonggi-Siheung,경기도,MEDIT00001,ANITY00006
초진 진찰료 5kg,경기도,안산시,5000,8900,9267,15000,ANITY00006,41,41,33,MEDIT00001,Gyeonggi-Ansan,경기도,MEDIT00001,ANITY00006
초진 진찰료 5kg,경기도,안성시,5000,10000,8500,11000,ANITY00006,41,41,34,MEDIT00001,Gyeonggi-Anseong-si,경기도,MEDIT00001,ANITY00006
초진 진찰료 5kg,경기도,안양시,5000,10000,11437,50000,ANITY00006,41,41,35,MEDIT00001,Gyeonggi-Anyang,경기도,MEDIT00001,ANITY00006
초진 진찰료 5kg,경기도,양주시,4000,7000,6882,10000,ANITY00006,41,41,36,MEDIT00001,Gyeonggi-Yangju-si,경기도,MEDIT00001,ANITY00006
초진 진찰료 5kg,경기도,양평군,4000,8400,8225,15000,ANITY00006,41,41,37,MEDIT00001,Gyeonggi-Yangpyeong-gun,경기도,MEDIT00001,ANITY00006
초진 진찰료 5kg,경기도,여주시,5000,7000,6750,8000,ANITY00006,41,41,38,MEDIT00001,Gyeonggi-Yeoju-si,경기도,MEDIT00001,ANITY00006
초진 진찰료 5kg,경기도,오산시,5000,8000,8020,12600,ANITY00006,41,41,39,MEDIT00001,Gyeonggi-Osan-si,경기도,MEDIT00001,ANITY00006
초진 진찰료 5kg,경기도,용인시,3000,10000,8666,16500,ANITY00006,41,41,40,MEDIT00001,Gyeonggi-Yongin-si,경기도,MEDIT00001,ANITY00006
초진 진찰료 5kg,경기도,의왕시,5500,9900,8933,12000,ANITY00006,41,41,41,MEDIT00001,Gyeonggi-Uiwang,경기도,MEDIT00001,ANITY00006
초진 진찰료 5kg,경기도,의정부시,5000,7750,8052,15000,ANITY00006,41,41,42,MEDIT00001,Gyeonggi-Uijeongbu-si,경기도,MEDIT00001,ANITY00006
초진 진찰료 5kg,경기도,이천시,3000,8000,7767,11000,ANITY00006,41,41,43,MEDIT00001,Gyeonggi-Icheon-si,경기도,MEDIT00001,ANITY00006
초진 진찰료 5kg,경기도,파주시,3000,10000,10303,30000,ANITY00006,41,41,44,MEDIT00001,Gyeonggi-Paju-si,경기도,MEDIT00001,ANITY00006
초진 진찰료 5kg,경기도,평택시,5000,10000,10247,25000,ANITY00006,41,41,45,MEDIT00001,Gyeonggi-Pyeongtaek-si,경기도,MEDIT00001,ANITY00006
초진 진찰료 5kg,경기도,포천시,5000,8500,8500,12000,ANITY00006,41,41,46,MEDIT00001,Gyeonggi-Pocheon-si,경기도,MEDIT00001,ANITY00006
초진 진찰료 5kg,경기도,하남시,5000,7350,8150,15000,ANITY00006,41,41,47,MEDIT00001,Gyeonggi-Hanam-si,경기도,MEDIT00001,ANITY00006
초진 진찰료 5kg,경기도,화성시,5000,8000,8355,35000,ANITY00006,41,41,48,MEDIT00001,Gyeonggi-Hwaseong-si,경기도,MEDIT00001,ANITY00006
초진 진찰료 5kg,강원특별자치도,강릉시,5000,10000,10063,25000,ANITY00006,42,42,2,MEDIT00001,Gangwon-Gangneung-si,강원특별자치도,MEDIT00001,ANITY00006
초진 진찰료 5kg,강원특별자치도,고성군,10000,12500,12500,15000,ANITY00006,42,42,3,MEDIT00001,Gangwon-Gosung-gun,강원특별자치도,MEDIT00001,ANITY00006
초진 진찰료 5kg,강원특별자치도,동해시,8000,10000,10250,13000,ANITY00006,42,42,4,MEDIT00001,Gangwon-Donghae-si,강원특별자치도,MEDIT00001,ANITY00006
초진 진찰료 5kg,강원특별자치도,삼척시,5000,10000,8333,10000,ANITY00006,42,42,5,MEDIT00001,Gangwon-Samcheok-si,강원특별자치도,MEDIT00001,ANITY00006
초진 진찰료 5kg,강원특별자치도,속초시,10000,12500,12625,15500,ANITY00006,42,42,6,MEDIT00001,Gangwon-Sokcho-si,강원특별자치도,MEDIT00001,ANITY00006
초진 진찰료 5kg,강원특별자치도,양양군,5000,8800,7933,10000,ANITY00006,42,42,8,MEDIT00001,Gangwon-Yangyang-gun,강원특별자치도,MEDIT00001,ANITY00006
초진 진찰료 5kg,강원특별자치도,영월군,6000,8000,8000,10000,ANITY00006,42,42,9,MEDIT00001,Gangwon-Yeongwol-gun,강원특별자치도,MEDIT00001,ANITY00006
초진 진찰료 5kg,강원특별자치도,원주시,5000,7750,8088,10000,ANITY00006,42,42,10,MEDIT00001,Gangwon-Wonju-si,강원특별자치도,MEDIT00001,ANITY00006
초진 진찰료 5kg,강원특별자치도,인제군,10000,10000,10000,10000,ANITY00006,42,42,11,MEDIT00001,Gangwon-Inje-gun,강원특별자치도,MEDIT00001,ANITY00006
초진 진찰료 5kg,강원특별자치도,정선군,10000,10000,10000,10000,ANITY00006,42,42,12,MEDIT00001,Gangwon-Jeongseon-gun,강원특별자치도,MEDIT00001,ANITY00006
초진 진찰료 5kg,강원특별자치도,춘천시,5000,8500,9306,20000,ANITY00006,42,42,13,MEDIT00001,Gangwon-Chuncheon-si,강원특별자치도,MEDIT00001,ANITY00006
초진 진찰료 5kg,강원특별자치도,태백시,6000,6000,6000,6000,ANITY00006,42,42,14,MEDIT00001,Gangwon-Taebaek-si,강원특별자치도,MEDIT00001,ANITY00006
초진 진찰료 5kg,강원특별자치도,홍천군,2000,5500,5480,7900,ANITY00006,42,42,15,MEDIT00001,Gangwon-Hongcheon-gun,강원특별자치도,MEDIT00001,ANITY00006
초진 진찰료 5kg,강원특별자치도,화천군,30000,30000,30000,30000,ANITY00006,42,42,16,MEDIT00001,Gangwon-Hwacheon-gun,강원특별자치도,MEDIT00001,ANITY00006
초진 진찰료 5kg,강원특별자치도,횡성군,7000,8500,8500,10000,ANITY00006,42,42,17,MEDIT00001,Gangwon-Hoengseong-gun,강원특별자치도,MEDIT00001,ANITY00006
초진 진찰료 5kg,충청북도,괴산군,10000,10000,10000,10000,ANITY00006,43,43,223,MEDIT00001,Chungbuk-Goesan-gun,충청북도,MEDIT00001,ANITY00006
초진 진찰료 5kg,충청북도,영동군,5000,10000,10000,15000,ANITY00006,43,43,226,MEDIT00001,Chungbuk-Yeongdong-gun,충청북도,MEDIT00001,ANITY00006
초진 진찰료 5kg,충청북도,옥천군,5000,10000,8333,10000,ANITY00006,43,43,227,MEDIT00001,Chungbuk-Okcheon-gun,충청북도,MEDIT00001,ANITY00006
초진 진찰료 5kg,충청북도,음성군,6500,7250,7250,8000,ANITY00006,43,43,228,MEDIT00001,Chungbuk-Eumseong-gun,충청북도,MEDIT00001,ANITY00006
초진 진찰료 5kg,충청북도,제천시,3000,10500,9250,15000,ANITY00006,43,43,229,MEDIT00001,Chungbuk-Jecheon-si,충청북도,MEDIT00001,ANITY00006
초진 진찰료 5kg,충청북도,증평군,5000,5000,11333,24000,ANITY00006,43,43,230,MEDIT00001,Chungbuk-Jeungpyeong-gun,충청북도,MEDIT00001,ANITY00006
초진 진찰료 5kg,충청북도,진천군,5000,6000,6000,7000,ANITY00006,43,43,231,MEDIT00001,Chungbuk-Jincheon-gun,충청북도,MEDIT00001,ANITY00006
초진 진찰료 5kg,충청북도,청주시,5000,7500,8236,18400,ANITY00006,43,43,232,MEDIT00001,Chungbuk-Cheongju-si,충청북도,MEDIT00001,ANITY00006
초진 진찰료 5kg,충청북도,충주시,5000,8000,8778,15000,ANITY00006,43,43,233,MEDIT00001,Chungbuk-Chungju-si,충청북도,MEDIT00001,ANITY00006
초진 진찰료 5kg,충청남도,계룡시,5500,8500,8667,12000,ANITY00006,44,44,207,MEDIT00001,Chungnam-Gyeryong-si,충청남도,MEDIT00001,ANITY00006
초진 진찰료 5kg,충청남도,공주시,10000,13900,14450,20000,ANITY00006,44,44,208,MEDIT00001,Chungnam-Gongju-si,충청남도,MEDIT00001,ANITY00006
초진 진찰료 5kg,충청남도,금산군,5000,10000,8333,10000,ANITY00006,44,44,209,MEDIT00001,Chungnam-Geumsan-gun,충청남도,MEDIT00001,ANITY00006
초진 진찰료 5kg,충청남도,논산시,7000,9700,10100,14000,ANITY00006,44,44,210,MEDIT00001,Chungnam-Nonsan-si,충청남도,MEDIT00001,ANITY00006
초진 진찰료 5kg,충청남도,당진시,5000,10000,9257,11000,ANITY00006,44,44,211,MEDIT00001,Chungnam-Dangjin-si,충청남도,MEDIT00001,ANITY00006
초진 진찰료 5kg,충청남도,보령시,7000,10000,9000,10000,ANITY00006,44,44,212,MEDIT00001,Chungnam-Boryeong-si,충청남도,MEDIT00001,ANITY00006
초진 진찰료 5kg,충청남도,부여군,5000,10000,10250,16000,ANITY00006,44,44,213,MEDIT00001,Chungnam-Buyeo-gun,충청남도,MEDIT00001,ANITY00006
초진 진찰료 5kg,충청남도,서산시,5000,10000,8600,12000,ANITY00006,44,44,214,MEDIT00001,Chungnam-Seosan-si,충청남도,MEDIT00001,ANITY00006
초진 진찰료 5kg,충청남도,서천군,5000,7500,7500,10000,ANITY00006,44,44,215,MEDIT00001,Chungnam-Seocheon-gun,충청남도,MEDIT00001,ANITY00006
초진 진찰료 5kg,충청남도,아산시,5000,9250,9607,20000,ANITY00006,44,44,216,MEDIT00001,Chungnam-Asan-si,충청남도,MEDIT00001,ANITY00006
초진 진찰료 5kg,충청남도,예산군,5000,5800,5800,6600,ANITY00006,44,44,217,MEDIT00001,Chungnam-Yesan-gun,충청남도,MEDIT00001,ANITY00006
초진 진찰료 5kg,충청남도,천안시,4000,10000,11171,25000,ANITY00006,44,44,218,MEDIT00001,Chungnam-Cheonan-si,충청남도,MEDIT00001,ANITY00006
초진 진찰료 5kg,충청남도,태안군,6000,10000,9000,11000,ANITY00006,44,44,220,MEDIT00001,Chungnam-Taean-gu,충청남도,MEDIT00001,ANITY00006
초진 진찰료 5kg,충청남도,홍성군,5500,10000,11157,20000,ANITY00006,44,44,221,MEDIT00001,Chungnam-Hongseong-gun,충청남도,MEDIT00001,ANITY00006
초진 진찰료 5kg,전북특별자치도,고창군,10000,20000,18333,25000,ANITY00006,45,45,191,MEDIT00001,Jeonbuk-Gochang-gun,전북특별자치도,MEDIT00001,ANITY00006
초진 진찰료 5kg,전북특별자치도,군산시,5000,10000,10067,18000,ANITY00006,45,45,192,MEDIT00001,Jeonbuk-Gunsan-si,전북특별자치도,MEDIT00001,ANITY00006
초진 진찰료 5kg,전북특별자치도,김제시,5000,9000,8250,10000,ANITY00006,45,45,193,MEDIT00001,Jeonbuk-Gimje-si,전북특별자치도,MEDIT00001,ANITY00006
초진 진찰료 5kg,전북특별자치도,남원시,5000,8000,7667,10000,ANITY00006,45,45,194,MEDIT00001,Jeonbuk-Namwon-si,전북특별자치도,MEDIT00001,ANITY00006
초진 진찰료 5kg,전북특별자치도,부안군,7000,10000,9667,12000,ANITY00006,45,45,196,MEDIT00001,Jeonbuk-Buan-gun,전북특별자치도,MEDIT00001,ANITY00006
초진 진찰료 5kg,전북특별자치도,순창군,5000,10000,10000,15000,ANITY00006,45,45,197,MEDIT00001,Jeonbuk-Sunchang-gun,전북특별자치도,MEDIT00001,ANITY00006
초진 진찰료 5kg,전북특별자치도,완주군,5500,11000,11700,20000,ANITY00006,45,45,198,MEDIT00001,Jeonbuk-Wanju-gun,전북특별자치도,MEDIT00001,ANITY00006
초진 진찰료 5kg,전북특별자치도,익산시,8000,11600,14525,36500,ANITY00006,45,45,199,MEDIT00001,Jeonbuk-Iksan-si,전북특별자치도,MEDIT00001,ANITY00006
초진 진찰료 5kg,전북특별자치도,전주시,5000,10000,9924,37000,ANITY00006,45,45,201,MEDIT00001,Jeonbuk-Jeonju-si,전북특별자치도,MEDIT00001,ANITY00006
초진 진찰료 5kg,전북특별자치도,정읍시,5000,10000,9200,15000,ANITY00006,45,45,202,MEDIT00001,Jeonbuk-Jeongeup-si,전북특별자치도,MEDIT00001,ANITY00006
초진 진찰료 5kg,전라남도,고흥군,10000,10500,10500,11000,ANITY00006,46,46,172,MEDIT00001,Jeonnam-Goheung-gun,전라남도,MEDIT00001,ANITY00006
초진 진찰료 5kg,전라남도,광양시,5000,10000,12000,25000,ANITY00006,46,46,174,MEDIT00001,Jeonnam-Gwangyang-si,전라남도,MEDIT00001,ANITY00006
초진 진찰료 5kg,전라남도,구례군,5000,5000,5000,5000,ANITY00006,46,46,175,MEDIT00001,Jeonnam-Gurye-gun,전라남도,MEDIT00001,ANITY00006
초진 진찰료 5kg,전라남도,나주시,6000,8500,8500,12000,ANITY00006,46,46,176,MEDIT00001,Jeonnam-Naju-si,전라남도,MEDIT00001,ANITY00006
초진 진찰료 5kg,전라남도,담양군,5000,17500,17500,30000,ANITY00006,46,46,177,MEDIT00001,Jeonnam-Damyang-gun,전라남도,MEDIT00001,ANITY00006
초진 진찰료 5kg,전라남도,목포시,5000,5000,8750,20000,ANITY00006,46,46,178,MEDIT00001,Jeonnam-Mokpo-si,전라남도,MEDIT00001,ANITY00006
초진 진찰료 5kg,전라남도,무안군,6000,6000,7000,10000,ANITY00006,46,46,179,MEDIT00001,Jeonnam-Muan-gun,전라남도,MEDIT00001,ANITY00006
초진 진찰료 5kg,전라남도,순천시,8000,10000,11493,30000,ANITY00006,46,46,180,MEDIT00001,Jeonnam-Suncheon-si,전라남도,MEDIT00001,ANITY00006
초진 진찰료 5kg,전라남도,여수시,2000,5000,5000,10000,ANITY00006,46,46,181,MEDIT00001,Jeonnam-Yeosu-si,전라남도,MEDIT00001,ANITY00006
초진 진찰료 5kg,전라남도,영광군,5000,17500,17500,30000,ANITY00006,46,46,182,MEDIT00001,Jeonnam-Yeonggwang-gun,전라남도,MEDIT00001,ANITY00006
초진 진찰료 5kg,전라남도,장성군,15000,15000,15000,15000,ANITY00006,46,46,185,MEDIT00001,Jeonnam-Jangseong-gun,전라남도,MEDIT00001,ANITY00006
초진 진찰료 5kg,전라남도,장흥군,5000,7500,7500,10000,ANITY00006,46,46,186,MEDIT00001,Jeonnam-Jangheung-gun,전라남도,MEDIT00001,ANITY00006
초진 진찰료 5kg,전라남도,해남군,6000,8000,8000,10000,ANITY00006,46,46,188,MEDIT00001,Jeonnam-Haenam-gun,전라남도,MEDIT00001,ANITY00006
초진 진찰료 5kg,전라남도,화순군,7000,7000,7000,7000,ANITY00006,46,46,189,MEDIT00001,Jeonnam-Hwasun-gun,전라남도,MEDIT00001,ANITY00006
초진 진찰료 5kg,경상북도,경산시,4000,7500,7447,10000,ANITY00006,47,47,69,MEDIT00001,Gyeongbuk-Gyeongsan-si,경상북도,MEDIT00001,ANITY00006
초진 진찰료 5kg,경상북도,경주시,8000,10000,9782,11000,ANITY00006,47,47,70,MEDIT00001,Gyeongbuk-Gyeongju-si,경상북도,MEDIT00001,ANITY00006
초진 진찰료 5kg,경상북도,구미시,4000,7000,8064,29000,ANITY00006,47,47,72,MEDIT00001,Gyeongbuk-Gumi-si,경상북도,MEDIT00001,ANITY00006
초진 진찰료 5kg,경상북도,김천시,8000,10000,9750,11000,ANITY00006,47,47,73,MEDIT00001,Gyeongbuk-Gimcheon-si,경상북도,MEDIT00001,ANITY00006
초진 진찰료 5kg,경상북도,문경시,5000,7500,7500,10000,ANITY00006,47,47,74,MEDIT00001,Gyeongbuk-Mungyeong-si,경상북도,MEDIT00001,ANITY00006
초진 진찰료 5kg,경상북도,상주시,6000,8000,8000,10000,ANITY00006,47,47,75,MEDIT00001,Gyeongbuk-Sangju-si,경상북도,MEDIT00001,ANITY00006
초진 진찰료 5kg,경상북도,성주군,8000,8400,8400,8800,ANITY00006,47,47,76,MEDIT00001,Gyeongbuk-Seongju-gun,경상북도,MEDIT00001,ANITY00006
초진 진찰료 5kg,경상북도,안동시,10000,12000,14667,22000,ANITY00006,47,47,77,MEDIT00001,Gyeongbuk-Andong-si,경상북도,MEDIT00001,ANITY00006
초진 진찰료 5kg,경상북도,영덕군,5000,7500,7500,10000,ANITY00006,47,47,78,MEDIT00001,Gyeongbuk-Yeongdeok-gun,경상북도,MEDIT00001,ANITY00006
초진 진찰료 5kg,경상북도,영주시,5000,8000,10000,20000,ANITY00006,47,47,79,MEDIT00001,Gyeongbuk-Yeongju-si,경상북도,MEDIT00001,ANITY00006
초진 진찰료 5kg,경상북도,영천시,7000,7500,7500,8000,ANITY00006,47,47,80,MEDIT00001,Gyeongbuk-Yeongcheon-si,경상북도,MEDIT00001,ANITY00006
초진 진찰료 5kg,경상북도,예천군,5000,5000,5000,5000,ANITY00006,47,47,81,MEDIT00001,Gyeongbuk-Yecheon-gun,경상북도,MEDIT00001,ANITY00006
초진 진찰료 5kg,경상북도,청도군,5000,7500,7500,10000,ANITY00006,47,47,84,MEDIT00001,Gyeongbuk-Cheongdo-gun,경상북도,MEDIT00001,ANITY00006
초진 진찰료 5kg,경상북도,칠곡군,5500,8500,8125,10000,ANITY00006,47,47,86,MEDIT00001,Gyeongbuk-Chilgok-gun,경상북도,MEDIT00001,ANITY00006
초진 진찰료 5kg,경상북도,포항시,3000,9500,9165,20000,ANITY00006,47,47,87,MEDIT00001,Gyeongbuk-Pohang-si,경상북도,MEDIT00001,ANITY00006
초진 진찰료 5kg,경상남도,거제시,9000,10000,10182,11000,ANITY00006,48,48,50,MEDIT00001,Gyeongnam-Geoje-si,경상남도,MEDIT00001,ANITY00006
초진 진찰료 5kg,경상남도,거창군,7000,8500,8500,10000,ANITY00006,48,48,51,MEDIT00001,Gyeongnam-Geochang-gun,경상남도,MEDIT00001,ANITY00006
초진 진찰료 5kg,경상남도,고성군,5000,5000,6667,10000,ANITY00006,48,48,52,MEDIT00001,Gyeongnam-Goseong-gun,경상남도,MEDIT00001,ANITY00006
초진 진찰료 5kg,경상남도,김해시,5000,8000,7968,15000,ANITY00006,48,48,53,MEDIT00001,Gyeongnam-Gimhae-si,경상남도,MEDIT00001,ANITY00006
초진 진찰료 5kg,경상남도,남해군,10000,10000,10000,10000,ANITY00006,48,48,54,MEDIT00001,Gyeongnam-Namhae-gun,경상남도,MEDIT00001,ANITY00006
초진 진찰료 5kg,경상남도,밀양시,5000,7500,7500,10000,ANITY00006,48,48,55,MEDIT00001,Gyeongnam-Miryang-si,경상남도,MEDIT00001,ANITY00006
초진 진찰료 5kg,경상남도,사천시,5000,7500,7375,10000,ANITY00006,48,48,56,MEDIT00001,Gyeongnam-Sacheon-si,경상남도,MEDIT00001,ANITY00006
초진 진찰료 5kg,경상남도,산청군,5000,6500,6500,8000,ANITY00006,48,48,57,MEDIT00001,Gyeongnam-Sancheong-gun,경상남도,MEDIT00001,ANITY00006
초진 진찰료 5kg,경상남도,양산시,5000,8500,10691,55000,ANITY00006,48,48,58,MEDIT00001,Gyeongnam-Yangsan-si,경상남도,MEDIT00001,ANITY00006
초진 진찰료 5kg,경상남도,진주시,5000,7000,7900,30000,ANITY00006,48,48,60,MEDIT00001,Gyeongnam-Jinju-si,경상남도,MEDIT00001,ANITY00006
초진 진찰료 5kg,경상남도,창녕군,10000,11000,12600,20000,ANITY00006,48,48,61,MEDIT00001,Gyeongnam-Changnyeong-gun,경상남도,MEDIT00001,ANITY00006
초진 진찰료 5kg,경상남도,창원시,10000,12000,11939,19000,ANITY00006,48,48,62,MEDIT00001,Gyeongnam-Changwon-si,경상남도,MEDIT00001,ANITY00006
초진 진찰료 5kg,경상남도,통영시,8000,12000,10778,12000,ANITY00006,48,48,63,MEDIT00001,Gyeongnam-Tongyeong-si,경상남도,MEDIT00001,ANITY00006
초진 진찰료 5kg,경상남도,하동군,5000,7000,7000,9000,ANITY00006,48,48,64,MEDIT00001,Gyeongnam-Hadong-gun,경상남도,MEDIT00001,ANITY00006
초진 진찰료 5kg,경상남도,함안군,5000,5000,20000,50000,ANITY00006,48,48,65,MEDIT00001,Gyeongnam-Haman-gun,경상남도,MEDIT00001,ANITY00006
초진 진찰료 5kg,경상남도,합천군,8100,9050,9050,10000,ANITY00006,48,48,67,MEDIT00001,Gyeongnam-Hapcheon-gu,경상남도,MEDIT00001,ANITY00006
초진 진찰료 5kg,제주특별자치도,서귀포시,5000,7500,8591,15000,ANITY00006,50,50,204,MEDIT00001,Jeju-Seogwipo,제주특별자치도,MEDIT00001,ANITY00006
초진 진찰료 5kg,제주특별자치도,제주시,3000,9000,9644,30000,ANITY00006,50,50,205,MEDIT00001,Jeju-Jeju-si,제주특별자치도,MEDIT00001,ANITY00006
초진 진찰료 10kg,서울특별시,강남구,5000,11400,15608,50000,ANITY00007,11,11,128,MEDIT00001,seoul-Gangnam-gu,서울특별시,MEDIT00001,ANITY00007
초진 진찰료 10kg,서울특별시,강동구,5000,10000,9893,22000,ANITY00007,11,11,129,MEDIT00001,seoul-Gangdong-gu,서울특별시,MEDIT00001,ANITY00007
초진 진찰료 10kg,서울특별시,강북구,5000,10000,9695,20000,ANITY00007,11,11,130,MEDIT00001,seoul-Gangbuk-gu,서울특별시,MEDIT00001,ANITY00007
초진 진찰료 10kg,서울특별시,강서구,5000,10000,10193,22000,ANITY00007,11,11,131,MEDIT00001,seoul-Gangseo-gu,서울특별시,MEDIT00001,ANITY00007
초진 진찰료 10kg,서울특별시,관악구,5000,8500,9767,27500,ANITY00007,11,11,132,MEDIT00001,seoul-Gwanak-gu,서울특별시,MEDIT00001,ANITY00007
초진 진찰료 10kg,서울특별시,광진구,5000,9000,9287,30000,ANITY00007,11,11,133,MEDIT00001,seoul-Gwangjin-gu,서울특별시,MEDIT00001,ANITY00007
초진 진찰료 10kg,서울특별시,구로구,5000,9000,9050,15000,ANITY00007,11,11,134,MEDIT00001,seoul-Guro-gu,서울특별시,MEDIT00001,ANITY00007
초진 진찰료 10kg,서울특별시,금천구,3000,11500,12594,30000,ANITY00007,11,11,135,MEDIT00001,seoul-Geumcheon-gu,서울특별시,MEDIT00001,ANITY00007
초진 진찰료 10kg,서울특별시,노원구,5000,10000,11268,30000,ANITY00007,11,11,136,MEDIT00001,seoul-Nowon-gu,서울특별시,MEDIT00001,ANITY00007
초진 진찰료 10kg,서울특별시,도봉구,3300,8000,9188,25000,ANITY00007,11,11,137,MEDIT00001,seoul-Dobong-gu,서울특별시,MEDIT00001,ANITY00007
초진 진찰료 10kg,서울특별시,동대문구,5000,10000,9817,20000,ANITY00007,11,11,138,MEDIT00001,seoul-Dongdaemun-gu,서울특별시,MEDIT00001,ANITY00007
초진 진찰료 10kg,서울특별시,동작구,5000,10000,9580,15000,ANITY00007,11,11,139,MEDIT00001,seoul-Dongjak-gu,서울특별시,MEDIT00001,ANITY00007
초진 진찰료 10kg,서울특별시,마포구,5000,10000,10591,20000,ANITY00007,11,11,140,MEDIT00001,seoul-Mapo-gu,서울특별시,MEDIT00001,ANITY00007
초진 진찰료 10kg,서울특별시,서대문구,5000,10000,10250,15000,ANITY00007,11,11,141,MEDIT00001,seoul-Seodaemun-gu,서울특별시,MEDIT00001,ANITY00007
초진 진찰료 10kg,서울특별시,서초구,3000,10000,10542,25000,ANITY00007,11,11,142,MEDIT00001,seoul-Seocho-gu,서울특별시,MEDIT00001,ANITY00007
초진 진찰료 10kg,서울특별시,성동구,5000,11000,11396,20000,ANITY00007,11,11,143,MEDIT00001,seoul-Seongdong-gu,서울특별시,MEDIT00001,ANITY00007
초진 진찰료 10kg,서울특별시,성북구,5000,10000,10791,22000,ANITY00007,11,11,144,MEDIT00001,seoul-Seongbuk-gu,서울특별시,MEDIT00001,ANITY00007
초진 진찰료 10kg,서울특별시,송파구,3000,10000,11064,30000,ANITY00007,11,11,145,MEDIT00001,seoul-Songpa-gu,서울특별시,MEDIT00001,ANITY00007
초진 진찰료 10kg,서울특별시,양천구,3000,8950,10626,30000,ANITY00007,11,11,146,MEDIT00001,seoul-Yangcheon-gu,서울특별시,MEDIT00001,ANITY00007
초진 진찰료 10kg,서울특별시,영등포구,5000,10000,10471,25000,ANITY00007,11,11,147,MEDIT00001,seoul-Yeongdeungpo-gu,서울특별시,MEDIT00001,ANITY00007
초진 진찰료 10kg,서울특별시,용산구,5000,10000,10848,19000,ANITY00007,11,11,148,MEDIT00001,seoul-Yongsan-gu,서울특별시,MEDIT00001,ANITY00007
초진 진찰료 10kg,서울특별시,은평구,5000,9500,9561,25000,ANITY00007,11,11,149,MEDIT00001,seoul-Eunpyeong-gu,서울특별시,MEDIT00001,ANITY00007
초진 진찰료 10kg,서울특별시,종로구,7000,10000,11182,20000,ANITY00007,11,11,150,MEDIT00001,seoul-Jongno-gu,서울특별시,MEDIT00001,ANITY00007
초진 진찰료 10kg,서울특별시,중구,5000,10000,12265,35000,ANITY00007,11,11,151,MEDIT00001,seoul-jung-gu,서울특별시,MEDIT00001,ANITY00007
초진 진찰료 10kg,서울특별시,중랑구,6000,10000,9120,14000,ANITY00007,11,11,152,MEDIT00001,seoul-Jungnang-gu,서울특별시,MEDIT00001,ANITY00007
초진 진찰료 10kg,부산광역시,강서구,7000,8500,9245,11000,ANITY00007,26,26,111,MEDIT00001,Busan-Gangseo-gu,부산광역시,MEDIT00001,ANITY00007
초진 진찰료 10kg,부산광역시,금정구,5000,10500,11643,27000,ANITY00007,26,26,112,MEDIT00001,Busan-Geumjeong-gu,부산광역시,MEDIT00001,ANITY00007
초진 진찰료 10kg,부산광역시,기장군,5000,8000,7882,12000,ANITY00007,26,26,113,MEDIT00001,Busan-Gijang-gun,부산광역시,MEDIT00001,ANITY00007
초진 진찰료 10kg,부산광역시,남구,7000,10000,10877,22000,ANITY00007,26,26,114,MEDIT00001,Busan-Nam-gu,부산광역시,MEDIT00001,ANITY00007
초진 진찰료 10kg,부산광역시,동구,7000,9500,9000,10000,ANITY00007,26,26,115,MEDIT00001,Busan-Dong-gu,부산광역시,MEDIT00001,ANITY00007
초진 진찰료 10kg,부산광역시,동래구,3000,10000,10818,22000,ANITY00007,26,26,116,MEDIT00001,Busan-Dongrae-gu,부산광역시,MEDIT00001,ANITY00007
초진 진찰료 10kg,부산광역시,부산진구,5000,9000,8735,15000,ANITY00007,26,26,117,MEDIT00001,Busan-Busanjin-gu,부산광역시,MEDIT00001,ANITY00007
초진 진찰료 10kg,부산광역시,북구,4000,8000,8572,15000,ANITY00007,26,26,118,MEDIT00001,Busan-Buk-gu,부산광역시,MEDIT00001,ANITY00007
초진 진찰료 10kg,부산광역시,사상구,7000,12000,14950,43000,ANITY00007,26,26,119,MEDIT00001,Busan-Sasang-gu,부산광역시,MEDIT00001,ANITY00007
초진 진찰료 10kg,부산광역시,사하구,5000,10000,11253,30000,ANITY00007,26,26,120,MEDIT00001,Busan-Saha-gu,부산광역시,MEDIT00001,ANITY00007
초진 진찰료 10kg,부산광역시,서구,7000,8000,8000,10000,ANITY00007,26,26,121,MEDIT00001,Busan-Seo-gu,부산광역시,MEDIT00001,ANITY00007
초진 진찰료 10kg,부산광역시,수영구,5500,10000,11148,30000,ANITY00007,26,26,122,MEDIT00001,Busan-Suyeong-gu,부산광역시,MEDIT00001,ANITY00007
초진 진찰료 10kg,부산광역시,연제구,5000,10000,11588,30000,ANITY00007,26,26,123,MEDIT00001,Busan-Yeonje-gu,부산광역시,MEDIT00001,ANITY00007
초진 진찰료 10kg,부산광역시,영도구,7700,8000,8233,9000,ANITY00007,26,26,124,MEDIT00001,Busan-Yeongdo-gu,부산광역시,MEDIT00001,ANITY00007
초진 진찰료 10kg,부산광역시,중구,5000,10000,11667,20000,ANITY00007,26,26,125,MEDIT00001,Busan-Jung-gu,부산광역시,MEDIT00001,ANITY00007
초진 진찰료 10kg,부산광역시,해운대구,5000,9000,9356,20000,ANITY00007,26,26,126,MEDIT00001,Busan-Haeundae-gu,부산광역시,MEDIT00001,ANITY00007
초진 진찰료 10kg,대구광역시,남구,5000,9400,10225,15000,ANITY00007,27,27,96,MEDIT00001,Daegu-Nam-gu,대구광역시,MEDIT00001,ANITY00007
초진 진찰료 10kg,대구광역시,달서구,5000,10000,9515,20000,ANITY00007,27,27,97,MEDIT00001,Daegu-Dalseo-gu,대구광역시,MEDIT00001,ANITY00007
초진 진찰료 10kg,대구광역시,달성군,6000,10000,10336,20000,ANITY00007,27,27,98,MEDIT00001,Daegu-Dal-Sung-gun,대구광역시,MEDIT00001,ANITY00007
초진 진찰료 10kg,대구광역시,동구,5000,10000,9233,20000,ANITY00007,27,27,99,MEDIT00001,Daegu-Dong-gu,대구광역시,MEDIT00001,ANITY00007
초진 진찰료 10kg,대구광역시,북구,5000,10000,9440,20000,ANITY00007,27,27,100,MEDIT00001,Daegu-Buk-gu,대구광역시,MEDIT00001,ANITY00007
초진 진찰료 10kg,대구광역시,서구,3000,9000,12200,40000,ANITY00007,27,27,101,MEDIT00001,Daegu-Seo-gu,대구광역시,MEDIT00001,ANITY00007
초진 진찰료 10kg,대구광역시,수성구,5000,10000,10818,25000,ANITY00007,27,27,102,MEDIT00001,Daegu-Suseong-gu,대구광역시,MEDIT00001,ANITY00007
초진 진찰료 10kg,대구광역시,중구,3300,10000,14108,33000,ANITY00007,27,27,103,MEDIT00001,Daegu-Jung-gu,대구광역시,MEDIT00001,ANITY00007
초진 진찰료 10kg,인천광역시,강화군,5000,10000,9000,10000,ANITY00007,28,28,162,MEDIT00001,Incheon-Ganghwa-gun,인천광역시,MEDIT00001,ANITY00007
초진 진찰료 10kg,인천광역시,계양구,5000,11000,14067,61000,ANITY00007,28,28,163,MEDIT00001,Incheon-Gyeyang-gu,인천광역시,MEDIT00001,ANITY00007
초진 진찰료 10kg,인천광역시,남동구,5000,10000,9206,15000,ANITY00007,28,28,164,MEDIT00001,Incheon-Namdong-gu,인천광역시,MEDIT00001,ANITY00007
초진 진찰료 10kg,인천광역시,동구,10000,10500,10500,11000,ANITY00007,28,28,165,MEDIT00001,Incheon-Dong-gu,인천광역시,MEDIT00001,ANITY00007
초진 진찰료 10kg,인천광역시,미추홀구,4000,9500,9944,25000,ANITY00007,28,28,166,MEDIT00001,Incheon-Michuhol-gu,인천광역시,MEDIT00001,ANITY00007
초진 진찰료 10kg,인천광역시,부평구,5000,10000,10894,22500,ANITY00007,28,28,167,MEDIT00001,Incheon-Bupyeong-gu,인천광역시,MEDIT00001,ANITY00007
초진 진찰료 10kg,인천광역시,서구,5000,7500,8384,20000,ANITY00007,28,28,168,MEDIT00001,Incheon-Seo-gu,인천광역시,MEDIT00001,ANITY00007
초진 진찰료 10kg,인천광역시,연수구,5000,10000,9538,20000,ANITY00007,28,28,169,MEDIT00001,Incheon-Yeonsu-gu,인천광역시,MEDIT00001,ANITY00007
초진 진찰료 10kg,인천광역시,중구,8000,8000,8000,8000,ANITY00007,28,28,170,MEDIT00001,Incheon-Jung-gu,인천광역시,MEDIT00001,ANITY00007
초진 진찰료 10kg,광주광역시,광산구,4000,9000,9511,20000,ANITY00007,29,29,89,MEDIT00001,Gwangju-Gwangsan-gu,광주광역시,MEDIT00001,ANITY00007
초진 진찰료 10kg,광주광역시,남구,7000,10000,10942,25000,ANITY00007,29,29,90,MEDIT00001,Gwangju-Nam-gu,광주광역시,MEDIT00001,ANITY00007
초진 진찰료 10kg,광주광역시,동구,6600,9000,9700,15000,ANITY00007,29,29,91,MEDIT00001,Gwangju-Dong-gu,광주광역시,MEDIT00001,ANITY00007
초진 진찰료 10kg,광주광역시,북구,7700,9000,10735,30000,ANITY00007,29,29,92,MEDIT00001,Gwangju-Buk-gu,광주광역시,MEDIT00001,ANITY00007
초진 진찰료 10kg,광주광역시,서구,5000,9000,9597,20000,ANITY00007,29,29,93,MEDIT00001,Gwangju-Seo-gu,광주광역시,MEDIT00001,ANITY00007
초진 진찰료 10kg,대전광역시,대덕구,6000,13000,12111,15000,ANITY00007,30,30,105,MEDIT00001,Daejeon-Daedeok-gu,대전광역시,MEDIT00001,ANITY00007
초진 진찰료 10kg,대전광역시,동구,8000,11000,11308,15000,ANITY00007,30,30,106,MEDIT00001,Daejeon-Dong-gu,대전광역시,MEDIT00001,ANITY00007
초진 진찰료 10kg,대전광역시,서구,5000,11000,13556,50000,ANITY00007,30,30,107,MEDIT00001,Daejeon-Seo-gu,대전광역시,MEDIT00001,ANITY00007
초진 진찰료 10kg,대전광역시,유성구,5000,13250,14270,42000,ANITY00007,30,30,108,MEDIT00001,Daejeon-Yuseong-gu,대전광역시,MEDIT00001,ANITY00007
초진 진찰료 10kg,대전광역시,중구,5000,10000,9793,20000,ANITY00007,30,30,109,MEDIT00001,Daejeon-Jung-gu,대전광역시,MEDIT00001,ANITY00007
초진 진찰료 10kg,울산광역시,남구,3000,11750,12688,21000,ANITY00007,31,31,156,MEDIT00001,Ulsan-Nam-gu,울산광역시,MEDIT00001,ANITY00007
초진 진찰료 10kg,울산광역시,동구,7000,10000,9400,11000,ANITY00007,31,31,157,MEDIT00001,Ulsan-Dong-gu,울산광역시,MEDIT00001,ANITY00007
초진 진찰료 10kg,울산광역시,북구,5000,10000,9222,15000,ANITY00007,31,31,158,MEDIT00001,Ulsan-Buk-gu,울산광역시,MEDIT00001,ANITY00007
초진 진찰료 10kg,울산광역시,울주군,8000,12500,12438,16500,ANITY00007,31,31,159,MEDIT00001,Ulsan-Ulju-gun,울산광역시,MEDIT00001,ANITY00007
초진 진찰료 10kg,울산광역시,중구,8000,10000,12364,33000,ANITY00007,31,31,160,MEDIT00001,Ulsan-Jung-gu,울산광역시,MEDIT00001,ANITY00007
초진 진찰료 10kg,세종특별자치시,세종특별자치시,4000,8500,12080,50800,ANITY00007,36,36,154,MEDIT00001,Sejong-Sejong-si,세종특별자치시,MEDIT00001,ANITY00007
초진 진찰료 10kg,경기도,가평군,5000,6000,6175,7700,ANITY00007,41,41,19,MEDIT00001,Gyeonggi-Gapyeong-gun,경기도,MEDIT00001,ANITY00007
초진 진찰료 10kg,경기도,고양시,5000,10000,10925,44000,ANITY00007,41,41,20,MEDIT00001,Gyeonggi-Goyang-si,경기도,MEDIT00001,ANITY00007
초진 진찰료 10kg,경기도,과천시,5000,8000,9643,20000,ANITY00007,41,41,21,MEDIT00001,Gyeonggi-Gwacheon,경기도,MEDIT00001,ANITY00007
초진 진찰료 10kg,경기도,광명시,5000,10000,9233,15000,ANITY00007,41,41,22,MEDIT00001,Gyeonggi-Gwangmyeong,경기도,MEDIT00001,ANITY00007
초진 진찰료 10kg,경기도,광주시,1000,10000,8932,15000,ANITY00007,41,41,23,MEDIT00001,Gyeonggi-Gwangju-si,경기도,MEDIT00001,ANITY00007
초진 진찰료 10kg,경기도,구리시,4400,9150,9178,15000,ANITY00007,41,41,24,MEDIT00001,Gyeonggi-Guri-si,경기도,MEDIT00001,ANITY00007
초진 진찰료 10kg,경기도,군포시,6000,10000,10000,16000,ANITY00007,41,41,25,MEDIT00001,Gyeonggi-Gunpo,경기도,MEDIT00001,ANITY00007
초진 진찰료 10kg,경기도,김포시,4500,9000,8502,12100,ANITY00007,41,41,26,MEDIT00001,Gyeonggi-Gimpo-si,경기도,MEDIT00001,ANITY00007
초진 진찰료 10kg,경기도,남양주시,5000,9000,10542,50000,ANITY00007,41,41,27,MEDIT00001,Gyeonggi-Namyangju-si,경기도,MEDIT00001,ANITY00007
초진 진찰료 10kg,경기도,동두천시,5000,7000,7929,12000,ANITY00007,41,41,28,MEDIT00001,Gyeonggi-Dongducheon-si,경기도,MEDIT00001,ANITY00007
초진 진찰료 10kg,경기도,부천시,3000,10000,11060,50000,ANITY00007,41,41,29,MEDIT00001,Gyeonggi-Bucheon,경기도,MEDIT00001,ANITY00007
초진 진찰료 10kg,경기도,성남시,3000,10000,11046,30000,ANITY00007,41,41,30,MEDIT00001,Gyeonggi-Seongnam,경기도,MEDIT00001,ANITY00007
초진 진찰료 10kg,경기도,수원시,5000,10000,10690,28000,ANITY00007,41,41,31,MEDIT00001,Gyeonggi-Suwon-si,경기도,MEDIT00001,ANITY00007
초진 진찰료 10kg,경기도,시흥시,5000,8000,8174,12000,ANITY00007,41,41,32,MEDIT00001,Gyeonggi-Siheung,경기도,MEDIT00001,ANITY00007
초진 진찰료 10kg,경기도,안산시,5000,9000,10077,22000,ANITY00007,41,41,33,MEDIT00001,Gyeonggi-Ansan,경기도,MEDIT00001,ANITY00007
초진 진찰료 10kg,경기도,안성시,5000,10000,8500,11000,ANITY00007,41,41,34,MEDIT00001,Gyeonggi-Anseong-si,경기도,MEDIT00001,ANITY00007
초진 진찰료 10kg,경기도,안양시,5000,10000,11902,50000,ANITY00007,41,41,35,MEDIT00001,Gyeonggi-Anyang,경기도,MEDIT00001,ANITY00007
초진 진찰료 10kg,경기도,양주시,5000,7000,7109,10000,ANITY00007,41,41,36,MEDIT00001,Gyeonggi-Yangju-si,경기도,MEDIT00001,ANITY00007
초진 진찰료 10kg,경기도,양평군,4000,10000,9100,15000,ANITY00007,41,41,37,MEDIT00001,Gyeonggi-Yangpyeong-gun,경기도,MEDIT00001,ANITY00007
초진 진찰료 10kg,경기도,여주시,5000,7000,6750,8000,ANITY00007,41,41,38,MEDIT00001,Gyeonggi-Yeoju-si,경기도,MEDIT00001,ANITY00007
초진 진찰료 10kg,경기도,오산시,5000,8000,8387,12600,ANITY00007,41,41,39,MEDIT00001,Gyeonggi-Osan-si,경기도,MEDIT00001,ANITY00007
초진 진찰료 10kg,경기도,용인시,3000,10000,9272,16500,ANITY00007,41,41,40,MEDIT00001,Gyeonggi-Yongin-si,경기도,MEDIT00001,ANITY00007
초진 진찰료 10kg,경기도,의왕시,5500,9900,9267,15000,ANITY00007,41,41,41,MEDIT00001,Gyeonggi-Uiwang,경기도,MEDIT00001,ANITY00007
초진 진찰료 10kg,경기도,의정부시,5000,8625,8322,15000,ANITY00007,41,41,42,MEDIT00001,Gyeonggi-Uijeongbu-si,경기도,MEDIT00001,ANITY00007
초진 진찰료 10kg,경기도,이천시,5000,8000,8433,15000,ANITY00007,41,41,43,MEDIT00001,Gyeonggi-Icheon-si,경기도,MEDIT00001,ANITY00007
초진 진찰료 10kg,경기도,파주시,3000,10000,10506,30000,ANITY00007,41,41,44,MEDIT00001,Gyeonggi-Paju-si,경기도,MEDIT00001,ANITY00007
초진 진찰료 10kg,경기도,평택시,5000,10000,10576,25000,ANITY00007,41,41,45,MEDIT00001,Gyeonggi-Pyeongtaek-si,경기도,MEDIT00001,ANITY00007
초진 진찰료 10kg,경기도,포천시,5000,8500,8500,12000,ANITY00007,41,41,46,MEDIT00001,Gyeonggi-Pocheon-si,경기도,MEDIT00001,ANITY00007
초진 진찰료 10kg,경기도,하남시,5000,8000,8466,15000,ANITY00007,41,41,47,MEDIT00001,Gyeonggi-Hanam-si,경기도,MEDIT00001,ANITY00007
초진 진찰료 10kg,경기도,화성시,5000,8000,8897,35000,ANITY00007,41,41,48,MEDIT00001,Gyeonggi-Hwaseong-si,경기도,MEDIT00001,ANITY00007
초진 진찰료 10kg,강원특별자치도,강릉시,5000,10000,10188,25000,ANITY00007,42,42,2,MEDIT00001,Gangwon-Gangneung-si,강원특별자치도,MEDIT00001,ANITY00007
초진 진찰료 10kg,강원특별자치도,고성군,10000,12500,12500,15000,ANITY00007,42,42,3,MEDIT00001,Gangwon-Gosung-gun,강원특별자치도,MEDIT00001,ANITY00007
초진 진찰료 10kg,강원특별자치도,동해시,10000,10000,10667,12000,ANITY00007,42,42,4,MEDIT00001,Gangwon-Donghae-si,강원특별자치도,MEDIT00001,ANITY00007
초진 진찰료 10kg,강원특별자치도,삼척시,5000,10000,8333,10000,ANITY00007,42,42,5,MEDIT00001,Gangwon-Samcheok-si,강원특별자치도,MEDIT00001,ANITY00007
초진 진찰료 10kg,강원특별자치도,속초시,10000,12500,12625,15500,ANITY00007,42,42,6,MEDIT00001,Gangwon-Sokcho-si,강원특별자치도,MEDIT00001,ANITY00007
초진 진찰료 10kg,강원특별자치도,양양군,5000,8800,7933,10000,ANITY00007,42,42,8,MEDIT00001,Gangwon-Yangyang-gun,강원특별자치도,MEDIT00001,ANITY00007
초진 진찰료 10kg,강원특별자치도,영월군,6000,10500,10500,15000,ANITY00007,42,42,9,MEDIT00001,Gangwon-Yeongwol-gun,강원특별자치도,MEDIT00001,ANITY00007
초진 진찰료 10kg,강원특별자치도,원주시,5000,8000,8504,15000,ANITY00007,42,42,10,MEDIT00001,Gangwon-Wonju-si,강원특별자치도,MEDIT00001,ANITY00007
초진 진찰료 10kg,강원특별자치도,인제군,10000,10000,10000,10000,ANITY00007,42,42,11,MEDIT00001,Gangwon-Inje-gun,강원특별자치도,MEDIT00001,ANITY00007
초진 진찰료 10kg,강원특별자치도,정선군,10000,10000,10000,10000,ANITY00007,42,42,12,MEDIT00001,Gangwon-Jeongseon-gun,강원특별자치도,MEDIT00001,ANITY00007
초진 진찰료 10kg,강원특별자치도,춘천시,5000,9500,9694,20000,ANITY00007,42,42,13,MEDIT00001,Gangwon-Chuncheon-si,강원특별자치도,MEDIT00001,ANITY00007
초진 진찰료 10kg,강원특별자치도,태백시,6000,6000,6000,6000,ANITY00007,42,42,14,MEDIT00001,Gangwon-Taebaek-si,강원특별자치도,MEDIT00001,ANITY00007
초진 진찰료 10kg,강원특별자치도,홍천군,2000,7000,6080,8000,ANITY00007,42,42,15,MEDIT00001,Gangwon-Hongcheon-gun,강원특별자치도,MEDIT00001,ANITY00007
초진 진찰료 10kg,강원특별자치도,화천군,30000,30000,30000,30000,ANITY00007,42,42,16,MEDIT00001,Gangwon-Hwacheon-gun,강원특별자치도,MEDIT00001,ANITY00007
초진 진찰료 10kg,강원특별자치도,횡성군,7000,8500,8500,10000,ANITY00007,42,42,17,MEDIT00001,Gangwon-Hoengseong-gun,강원특별자치도,MEDIT00001,ANITY00007
초진 진찰료 10kg,충청북도,괴산군,10000,10000,10000,10000,ANITY00007,43,43,223,MEDIT00001,Chungbuk-Goesan-gun,충청북도,MEDIT00001,ANITY00007
초진 진찰료 10kg,충청북도,영동군,5000,10000,11667,20000,ANITY00007,43,43,226,MEDIT00001,Chungbuk-Yeongdong-gun,충청북도,MEDIT00001,ANITY00007
초진 진찰료 10kg,충청북도,옥천군,10000,10000,10000,10000,ANITY00007,43,43,227,MEDIT00001,Chungbuk-Okcheon-gun,충청북도,MEDIT00001,ANITY00007
초진 진찰료 10kg,충청북도,음성군,6500,7250,7250,8000,ANITY00007,43,43,228,MEDIT00001,Chungbuk-Eumseong-gun,충청북도,MEDIT00001,ANITY00007
초진 진찰료 10kg,충청북도,제천시,3000,10500,9417,15000,ANITY00007,43,43,229,MEDIT00001,Chungbuk-Jecheon-si,충청북도,MEDIT00001,ANITY00007
초진 진찰료 10kg,충청북도,증평군,5000,5000,12333,27000,ANITY00007,43,43,230,MEDIT00001,Chungbuk-Jeungpyeong-gun,충청북도,MEDIT00001,ANITY00007
초진 진찰료 10kg,충청북도,진천군,5000,6000,6000,7000,ANITY00007,43,43,231,MEDIT00001,Chungbuk-Jincheon-gun,충청북도,MEDIT00001,ANITY00007
초진 진찰료 10kg,충청북도,청주시,5000,8000,8986,22000,ANITY00007,43,43,232,MEDIT00001,Chungbuk-Cheongju-si,충청북도,MEDIT00001,ANITY00007
초진 진찰료 10kg,충청북도,충주시,5000,8000,8889,15000,ANITY00007,43,43,233,MEDIT00001,Chungbuk-Chungju-si,충청북도,MEDIT00001,ANITY00007
초진 진찰료 10kg,충청남도,계룡시,5500,8500,8667,12000,ANITY00007,44,44,207,MEDIT00001,Chungnam-Gyeryong-si,충청남도,MEDIT00001,ANITY00007
초진 진찰료 10kg,충청남도,공주시,10000,18900,16950,20000,ANITY00007,44,44,208,MEDIT00001,Chungnam-Gongju-si,충청남도,MEDIT00001,ANITY00007
초진 진찰료 10kg,충청남도,금산군,5000,10000,9000,12000,ANITY00007,44,44,209,MEDIT00001,Chungnam-Geumsan-gun,충청남도,MEDIT00001,ANITY00007
초진 진찰료 10kg,충청남도,논산시,7000,9700,10100,14000,ANITY00007,44,44,210,MEDIT00001,Chungnam-Nonsan-si,충청남도,MEDIT00001,ANITY00007
초진 진찰료 10kg,충청남도,당진시,8000,10000,9686,11000,ANITY00007,44,44,211,MEDIT00001,Chungnam-Dangjin-si,충청남도,MEDIT00001,ANITY00007
초진 진찰료 10kg,충청남도,보령시,7000,10000,9000,10000,ANITY00007,44,44,212,MEDIT00001,Chungnam-Boryeong-si,충청남도,MEDIT00001,ANITY00007
초진 진찰료 10kg,충청남도,부여군,5000,10000,10250,16000,ANITY00007,44,44,213,MEDIT00001,Chungnam-Buyeo-gun,충청남도,MEDIT00001,ANITY00007
초진 진찰료 10kg,충청남도,서산시,5000,10000,9100,15000,ANITY00007,44,44,214,MEDIT00001,Chungnam-Seosan-si,충청남도,MEDIT00001,ANITY00007
초진 진찰료 10kg,충청남도,서천군,5000,7500,7500,10000,ANITY00007,44,44,215,MEDIT00001,Chungnam-Seocheon-gun,충청남도,MEDIT00001,ANITY00007
초진 진찰료 10kg,충청남도,아산시,5000,10000,10000,20000,ANITY00007,44,44,216,MEDIT00001,Chungnam-Asan-si,충청남도,MEDIT00001,ANITY00007
초진 진찰료 10kg,충청남도,예산군,6600,6600,6600,6600,ANITY00007,44,44,217,MEDIT00001,Chungnam-Yesan-gun,충청남도,MEDIT00001,ANITY00007
초진 진찰료 10kg,충청남도,천안시,4000,10000,11790,30000,ANITY00007,44,44,218,MEDIT00001,Chungnam-Cheonan-si,충청남도,MEDIT00001,ANITY00007
초진 진찰료 10kg,충청남도,태안군,6000,10000,9000,11000,ANITY00007,44,44,220,MEDIT00001,Chungnam-Taean-gu,충청남도,MEDIT00001,ANITY00007
초진 진찰료 10kg,충청남도,홍성군,5500,10000,11157,20000,ANITY00007,44,44,221,MEDIT00001,Chungnam-Hongseong-gun,충청남도,MEDIT00001,ANITY00007
초진 진찰료 10kg,전북특별자치도,고창군,10000,20000,20000,30000,ANITY00007,45,45,191,MEDIT00001,Jeonbuk-Gochang-gun,전북특별자치도,MEDIT00001,ANITY00007
초진 진찰료 10kg,전북특별자치도,군산시,5000,10000,10650,24000,ANITY00007,45,45,192,MEDIT00001,Jeonbuk-Gunsan-si,전북특별자치도,MEDIT00001,ANITY00007
초진 진찰료 10kg,전북특별자치도,김제시,5000,9000,9500,15000,ANITY00007,45,45,193,MEDIT00001,Jeonbuk-Gimje-si,전북특별자치도,MEDIT00001,ANITY00007
초진 진찰료 10kg,전북특별자치도,남원시,5000,8000,7667,10000,ANITY00007,45,45,194,MEDIT00001,Jeonbuk-Namwon-si,전북특별자치도,MEDIT00001,ANITY00007
초진 진찰료 10kg,전북특별자치도,부안군,7000,10000,9667,12000,ANITY00007,45,45,196,MEDIT00001,Jeonbuk-Buan-gun,전북특별자치도,MEDIT00001,ANITY00007
초진 진찰료 10kg,전북특별자치도,순창군,5000,10000,10000,15000,ANITY00007,45,45,197,MEDIT00001,Jeonbuk-Sunchang-gun,전북특별자치도,MEDIT00001,ANITY00007
초진 진찰료 10kg,전북특별자치도,완주군,5500,11000,11700,20000,ANITY00007,45,45,198,MEDIT00001,Jeonbuk-Wanju-gun,전북특별자치도,MEDIT00001,ANITY00007
초진 진찰료 10kg,전북특별자치도,익산시,8000,11600,14525,36500,ANITY00007,45,45,199,MEDIT00001,Jeonbuk-Iksan-si,전북특별자치도,MEDIT00001,ANITY00007
초진 진찰료 10kg,전북특별자치도,전주시,5000,10000,10093,37000,ANITY00007,45,45,201,MEDIT00001,Jeonbuk-Jeonju-si,전북특별자치도,MEDIT00001,ANITY00007
초진 진찰료 10kg,전북특별자치도,정읍시,5000,10000,10200,15000,ANITY00007,45,45,202,MEDIT00001,Jeonbuk-Jeongeup-si,전북특별자치도,MEDIT00001,ANITY00007
초진 진찰료 10kg,전라남도,고흥군,10000,10500,10500,11000,ANITY00007,46,46,172,MEDIT00001,Jeonnam-Goheung-gun,전라남도,MEDIT00001,ANITY00007
초진 진찰료 10kg,전라남도,광양시,5000,10000,12000,25000,ANITY00007,46,46,174,MEDIT00001,Jeonnam-Gwangyang-si,전라남도,MEDIT00001,ANITY00007
초진 진찰료 10kg,전라남도,구례군,5000,5000,5000,5000,ANITY00007,46,46,175,MEDIT00001,Jeonnam-Gurye-gun,전라남도,MEDIT00001,ANITY00007
초진 진찰료 10kg,전라남도,나주시,6000,9000,9500,15000,ANITY00007,46,46,176,MEDIT00001,Jeonnam-Naju-si,전라남도,MEDIT00001,ANITY00007
초진 진찰료 10kg,전라남도,담양군,5000,17500,17500,30000,ANITY00007,46,46,177,MEDIT00001,Jeonnam-Damyang-gun,전라남도,MEDIT00001,ANITY00007
초진 진찰료 10kg,전라남도,목포시,5000,5000,6667,10000,ANITY00007,46,46,178,MEDIT00001,Jeonnam-Mokpo-si,전라남도,MEDIT00001,ANITY00007
초진 진찰료 10kg,전라남도,무안군,6000,6000,7000,10000,ANITY00007,46,46,179,MEDIT00001,Jeonnam-Muan-gun,전라남도,MEDIT00001,ANITY00007
초진 진찰료 10kg,전라남도,순천시,8000,10000,11564,30000,ANITY00007,46,46,180,MEDIT00001,Jeonnam-Suncheon-si,전라남도,MEDIT00001,ANITY00007
초진 진찰료 10kg,전라남도,여수시,3000,5000,6143,10000,ANITY00007,46,46,181,MEDIT00001,Jeonnam-Yeosu-si,전라남도,MEDIT00001,ANITY00007
초진 진찰료 10kg,전라남도,영광군,7500,18750,18750,30000,ANITY00007,46,46,182,MEDIT00001,Jeonnam-Yeonggwang-gun,전라남도,MEDIT00001,ANITY00007
초진 진찰료 10kg,전라남도,장성군,15000,15000,15000,15000,ANITY00007,46,46,185,MEDIT00001,Jeonnam-Jangseong-gun,전라남도,MEDIT00001,ANITY00007
초진 진찰료 10kg,전라남도,장흥군,5000,8500,8500,12000,ANITY00007,46,46,186,MEDIT00001,Jeonnam-Jangheung-gun,전라남도,MEDIT00001,ANITY00007
초진 진찰료 10kg,전라남도,해남군,6000,8000,8000,10000,ANITY00007,46,46,188,MEDIT00001,Jeonnam-Haenam-gun,전라남도,MEDIT00001,ANITY00007
초진 진찰료 10kg,전라남도,화순군,7000,7000,7000,7000,ANITY00007,46,46,189,MEDIT00001,Jeonnam-Hwasun-gun,전라남도,MEDIT00001,ANITY00007
초진 진찰료 10kg,경상북도,경산시,4000,8000,8747,20000,ANITY00007,47,47,69,MEDIT00001,Gyeongbuk-Gyeongsan-si,경상북도,MEDIT00001,ANITY00007
초진 진찰료 10kg,경상북도,경주시,8000,10000,9873,11000,ANITY00007,47,47,70,MEDIT00001,Gyeongbuk-Gyeongju-si,경상북도,MEDIT00001,ANITY00007
초진 진찰료 10kg,경상북도,구미시,5000,7700,8308,29000,ANITY00007,47,47,72,MEDIT00001,Gyeongbuk-Gumi-si,경상북도,MEDIT00001,ANITY00007
초진 진찰료 10kg,경상북도,김천시,8000,10000,9750,11000,ANITY00007,47,47,73,MEDIT00001,Gyeongbuk-Gimcheon-si,경상북도,MEDIT00001,ANITY00007
초진 진찰료 10kg,경상북도,문경시,5000,7500,7500,10000,ANITY00007,47,47,74,MEDIT00001,Gyeongbuk-Mungyeong-si,경상북도,MEDIT00001,ANITY00007
초진 진찰료 10kg,경상북도,상주시,6000,8000,8000,10000,ANITY00007,47,47,75,MEDIT00001,Gyeongbuk-Sangju-si,경상북도,MEDIT00001,ANITY00007
초진 진찰료 10kg,경상북도,성주군,8000,8400,8400,8800,ANITY00007,47,47,76,MEDIT00001,Gyeongbuk-Seongju-gun,경상북도,MEDIT00001,ANITY00007
초진 진찰료 10kg,경상북도,안동시,10000,12000,14667,22000,ANITY00007,47,47,77,MEDIT00001,Gyeongbuk-Andong-si,경상북도,MEDIT00001,ANITY00007
초진 진찰료 10kg,경상북도,영덕군,5000,7500,7500,10000,ANITY00007,47,47,78,MEDIT00001,Gyeongbuk-Yeongdeok-gun,경상북도,MEDIT00001,ANITY00007
초진 진찰료 10kg,경상북도,영주시,5000,10000,11200,20000,ANITY00007,47,47,79,MEDIT00001,Gyeongbuk-Yeongju-si,경상북도,MEDIT00001,ANITY00007
초진 진찰료 10kg,경상북도,영천시,7000,7500,7500,8000,ANITY00007,47,47,80,MEDIT00001,Gyeongbuk-Yeongcheon-si,경상북도,MEDIT00001,ANITY00007
초진 진찰료 10kg,경상북도,예천군,5000,5000,5000,5000,ANITY00007,47,47,81,MEDIT00001,Gyeongbuk-Yecheon-gun,경상북도,MEDIT00001,ANITY00007
초진 진찰료 10kg,경상북도,청도군,5000,7500,7500,10000,ANITY00007,47,47,84,MEDIT00001,Gyeongbuk-Cheongdo-gun,경상북도,MEDIT00001,ANITY00007
초진 진찰료 10kg,경상북도,칠곡군,7000,9400,8950,10000,ANITY00007,47,47,86,MEDIT00001,Gyeongbuk-Chilgok-gun,경상북도,MEDIT00001,ANITY00007
초진 진찰료 10kg,경상북도,포항시,3000,10000,9704,20000,ANITY00007,47,47,87,MEDIT00001,Gyeongbuk-Pohang-si,경상북도,MEDIT00001,ANITY00007
초진 진찰료 10kg,경상남도,거제시,9000,10000,10636,15000,ANITY00007,48,48,50,MEDIT00001,Gyeongnam-Geoje-si,경상남도,MEDIT00001,ANITY00007
초진 진찰료 10kg,경상남도,거창군,7000,8500,8500,10000,ANITY00007,48,48,51,MEDIT00001,Gyeongnam-Geochang-gun,경상남도,MEDIT00001,ANITY00007
초진 진찰료 10kg,경상남도,고성군,5000,5000,6667,10000,ANITY00007,48,48,52,MEDIT00001,Gyeongnam-Goseong-gun,경상남도,MEDIT00001,ANITY00007
초진 진찰료 10kg,경상남도,김해시,5000,8000,8535,15000,ANITY00007,48,48,53,MEDIT00001,Gyeongnam-Gimhae-si,경상남도,MEDIT00001,ANITY00007
초진 진찰료 10kg,경상남도,남해군,10000,10000,10000,10000,ANITY00007,48,48,54,MEDIT00001,Gyeongnam-Namhae-gun,경상남도,MEDIT00001,ANITY00007
초진 진찰료 10kg,경상남도,밀양시,5000,8500,9250,15000,ANITY00007,48,48,55,MEDIT00001,Gyeongnam-Miryang-si,경상남도,MEDIT00001,ANITY00007
초진 진찰료 10kg,경상남도,사천시,5000,7500,7375,10000,ANITY00007,48,48,56,MEDIT00001,Gyeongnam-Sacheon-si,경상남도,MEDIT00001,ANITY00007
초진 진찰료 10kg,경상남도,산청군,5000,6500,6500,8000,ANITY00007,48,48,57,MEDIT00001,Gyeongnam-Sancheong-gun,경상남도,MEDIT00001,ANITY00007
초진 진찰료 10kg,경상남도,양산시,5000,10000,11977,55000,ANITY00007,48,48,58,MEDIT00001,Gyeongnam-Yangsan-si,경상남도,MEDIT00001,ANITY00007
초진 진찰료 10kg,경상남도,진주시,5000,7000,7987,30000,ANITY00007,48,48,60,MEDIT00001,Gyeongnam-Jinju-si,경상남도,MEDIT00001,ANITY00007
초진 진찰료 10kg,경상남도,창녕군,10000,11000,12600,20000,ANITY00007,48,48,61,MEDIT00001,Gyeongnam-Changnyeong-gun,경상남도,MEDIT00001,ANITY00007
초진 진찰료 10kg,경상남도,창원시,10000,12000,12015,19000,ANITY00007,48,48,62,MEDIT00001,Gyeongnam-Changwon-si,경상남도,MEDIT00001,ANITY00007
초진 진찰료 10kg,경상남도,통영시,8000,12000,11111,13000,ANITY00007,48,48,63,MEDIT00001,Gyeongnam-Tongyeong-si,경상남도,MEDIT00001,ANITY00007
초진 진찰료 10kg,경상남도,하동군,5000,7000,7000,9000,ANITY00007,48,48,64,MEDIT00001,Gyeongnam-Hadong-gun,경상남도,MEDIT00001,ANITY00007
초진 진찰료 10kg,경상남도,함안군,5000,5000,20000,50000,ANITY00007,48,48,65,MEDIT00001,Gyeongnam-Haman-gun,경상남도,MEDIT00001,ANITY00007
초진 진찰료 10kg,경상남도,합천군,8100,9050,9050,10000,ANITY00007,48,48,67,MEDIT00001,Gyeongnam-Hapcheon-gu,경상남도,MEDIT00001,ANITY00007
초진 진찰료 10kg,제주특별자치도,서귀포시,5000,7500,8682,15000,ANITY00007,50,50,204,MEDIT00001,Jeju-Seogwipo,제주특별자치도,MEDIT00001,ANITY00007
초진 진찰료 10kg,제주특별자치도,제주시,3000,10000,9844,30000,ANITY00007,50,50,205,MEDIT00001,Jeju-Jeju-si,제주특별자치도,MEDIT00001,ANITY00007
초진 진찰료 20kg,서울특별시,강남구,5000,12000,16021,50000,ANITY00008,11,11,128,MEDIT00001,seoul-Gangnam-gu,서울특별시,MEDIT00001,ANITY00008
초진 진찰료 20kg,서울특별시,강동구,5000,10000,11033,22000,ANITY00008,11,11,129,MEDIT00001,seoul-Gangdong-gu,서울특별시,MEDIT00001,ANITY00008
초진 진찰료 20kg,서울특별시,강북구,5000,10000,10743,30000,ANITY00008,11,11,130,MEDIT00001,seoul-Gangbuk-gu,서울특별시,MEDIT00001,ANITY00008
초진 진찰료 20kg,서울특별시,강서구,5000,10000,10959,22000,ANITY00008,11,11,131,MEDIT00001,seoul-Gangseo-gu,서울특별시,MEDIT00001,ANITY00008
초진 진찰료 20kg,서울특별시,관악구,5000,9900,9983,27500,ANITY00008,11,11,132,MEDIT00001,seoul-Gwanak-gu,서울특별시,MEDIT00001,ANITY00008
초진 진찰료 20kg,서울특별시,광진구,5000,9950,10163,30000,ANITY00008,11,11,133,MEDIT00001,seoul-Gwangjin-gu,서울특별시,MEDIT00001,ANITY00008
초진 진찰료 20kg,서울특별시,구로구,5000,9500,9165,15000,ANITY00008,11,11,134,MEDIT00001,seoul-Guro-gu,서울특별시,MEDIT00001,ANITY00008
초진 진찰료 20kg,서울특별시,금천구,5000,12000,13344,30000,ANITY00008,11,11,135,MEDIT00001,seoul-Geumcheon-gu,서울특별시,MEDIT00001,ANITY00008
초진 진찰료 20kg,서울특별시,노원구,5000,10000,11781,30000,ANITY00008,11,11,136,MEDIT00001,seoul-Nowon-gu,서울특별시,MEDIT00001,ANITY00008
초진 진찰료 20kg,서울특별시,도봉구,3300,8000,10076,30000,ANITY00008,11,11,137,MEDIT00001,seoul-Dobong-gu,서울특별시,MEDIT00001,ANITY00008
초진 진찰료 20kg,서울특별시,동대문구,5000,10000,10583,20000,ANITY00008,11,11,138,MEDIT00001,seoul-Dongdaemun-gu,서울특별시,MEDIT00001,ANITY00008
초진 진찰료 20kg,서울특별시,동작구,5000,10000,10730,23000,ANITY00008,11,11,139,MEDIT00001,seoul-Dongjak-gu,서울특별시,MEDIT00001,ANITY00008
초진 진찰료 20kg,서울특별시,마포구,5000,10000,11000,20000,ANITY00008,11,11,140,MEDIT00001,seoul-Mapo-gu,서울특별시,MEDIT00001,ANITY00008
초진 진찰료 20kg,서울특별시,서대문구,5000,10000,10917,15000,ANITY00008,11,11,141,MEDIT00001,seoul-Seodaemun-gu,서울특별시,MEDIT00001,ANITY00008
초진 진찰료 20kg,서울특별시,서초구,3000,10000,11375,35000,ANITY00008,11,11,142,MEDIT00001,seoul-Seocho-gu,서울특별시,MEDIT00001,ANITY00008
초진 진찰료 20kg,서울특별시,성동구,5000,11000,12955,24200,ANITY00008,11,11,143,MEDIT00001,seoul-Seongdong-gu,서울특별시,MEDIT00001,ANITY00008
초진 진찰료 20kg,서울특별시,성북구,5000,10000,11253,22000,ANITY00008,11,11,144,MEDIT00001,seoul-Seongbuk-gu,서울특별시,MEDIT00001,ANITY00008
초진 진찰료 20kg,서울특별시,송파구,3000,10000,11829,30000,ANITY00008,11,11,145,MEDIT00001,seoul-Songpa-gu,서울특별시,MEDIT00001,ANITY00008
초진 진찰료 20kg,서울특별시,양천구,3000,10000,12068,40000,ANITY00008,11,11,146,MEDIT00001,seoul-Yangcheon-gu,서울특별시,MEDIT00001,ANITY00008
초진 진찰료 20kg,서울특별시,영등포구,5000,10000,10682,25000,ANITY00008,11,11,147,MEDIT00001,seoul-Yeongdeungpo-gu,서울특별시,MEDIT00001,ANITY00008
초진 진찰료 20kg,서울특별시,용산구,5000,10000,12000,33000,ANITY00008,11,11,148,MEDIT00001,seoul-Yongsan-gu,서울특별시,MEDIT00001,ANITY00008
초진 진찰료 20kg,서울특별시,은평구,5000,10000,9950,25000,ANITY00008,11,11,149,MEDIT00001,seoul-Eunpyeong-gu,서울특별시,MEDIT00001,ANITY00008
초진 진찰료 20kg,서울특별시,종로구,7000,10000,12000,25000,ANITY00008,11,11,150,MEDIT00001,seoul-Jongno-gu,서울특별시,MEDIT00001,ANITY00008
초진 진찰료 20kg,서울특별시,중구,5000,10000,13735,50000,ANITY00008,11,11,151,MEDIT00001,seoul-jung-gu,서울특별시,MEDIT00001,ANITY00008
초진 진찰료 20kg,서울특별시,중랑구,6000,10000,10043,30000,ANITY00008,11,11,152,MEDIT00001,seoul-Jungnang-gu,서울특별시,MEDIT00001,ANITY00008
초진 진찰료 20kg,부산광역시,강서구,8000,10000,9882,15000,ANITY00008,26,26,111,MEDIT00001,Busan-Gangseo-gu,부산광역시,MEDIT00001,ANITY00008
초진 진찰료 20kg,부산광역시,금정구,5000,12000,12429,27000,ANITY00008,26,26,112,MEDIT00001,Busan-Geumjeong-gu,부산광역시,MEDIT00001,ANITY00008
초진 진찰료 20kg,부산광역시,기장군,5000,8000,8155,12000,ANITY00008,26,26,113,MEDIT00001,Busan-Gijang-gun,부산광역시,MEDIT00001,ANITY00008
초진 진찰료 20kg,부산광역시,남구,8000,11000,11662,22000,ANITY00008,26,26,114,MEDIT00001,Busan-Nam-gu,부산광역시,MEDIT00001,ANITY00008
초진 진찰료 20kg,부산광역시,동구,7000,9500,9000,10000,ANITY00008,26,26,115,MEDIT00001,Busan-Dong-gu,부산광역시,MEDIT00001,ANITY00008
초진 진찰료 20kg,부산광역시,동래구,3000,10000,10818,22000,ANITY00008,26,26,116,MEDIT00001,Busan-Dongrae-gu,부산광역시,MEDIT00001,ANITY00008
초진 진찰료 20kg,부산광역시,부산진구,5000,9000,9658,22000,ANITY00008,26,26,117,MEDIT00001,Busan-Busanjin-gu,부산광역시,MEDIT00001,ANITY00008
초진 진찰료 20kg,부산광역시,북구,5000,8000,9294,20000,ANITY00008,26,26,118,MEDIT00001,Busan-Buk-gu,부산광역시,MEDIT00001,ANITY00008
초진 진찰료 20kg,부산광역시,사상구,7000,12000,16450,43000,ANITY00008,26,26,119,MEDIT00001,Busan-Sasang-gu,부산광역시,MEDIT00001,ANITY00008
초진 진찰료 20kg,부산광역시,사하구,5000,10000,12135,30000,ANITY00008,26,26,120,MEDIT00001,Busan-Saha-gu,부산광역시,MEDIT00001,ANITY00008
초진 진찰료 20kg,부산광역시,서구,7000,8000,9400,15000,ANITY00008,26,26,121,MEDIT00001,Busan-Seo-gu,부산광역시,MEDIT00001,ANITY00008
초진 진찰료 20kg,부산광역시,수영구,5500,10000,11957,30000,ANITY00008,26,26,122,MEDIT00001,Busan-Suyeong-gu,부산광역시,MEDIT00001,ANITY00008
초진 진찰료 20kg,부산광역시,연제구,8000,10000,12176,30000,ANITY00008,26,26,123,MEDIT00001,Busan-Yeonje-gu,부산광역시,MEDIT00001,ANITY00008
초진 진찰료 20kg,부산광역시,영도구,7700,10000,9900,12000,ANITY00008,26,26,124,MEDIT00001,Busan-Yeongdo-gu,부산광역시,MEDIT00001,ANITY00008
초진 진찰료 20kg,부산광역시,중구,5000,10000,15000,30000,ANITY00008,26,26,125,MEDIT00001,Busan-Jung-gu,부산광역시,MEDIT00001,ANITY00008
초진 진찰료 20kg,부산광역시,해운대구,5000,9000,9841,25000,ANITY00008,26,26,126,MEDIT00001,Busan-Haeundae-gu,부산광역시,MEDIT00001,ANITY00008
초진 진찰료 20kg,대구광역시,남구,5000,9400,10850,20000,ANITY00008,27,27,96,MEDIT00001,Daegu-Nam-gu,대구광역시,MEDIT00001,ANITY00008
초진 진찰료 20kg,대구광역시,달서구,5000,10000,10518,30000,ANITY00008,27,27,97,MEDIT00001,Daegu-Dalseo-gu,대구광역시,MEDIT00001,ANITY00008
초진 진찰료 20kg,대구광역시,달성군,6000,10000,11407,30000,ANITY00008,27,27,98,MEDIT00001,Daegu-Dal-Sung-gun,대구광역시,MEDIT00001,ANITY00008
초진 진찰료 20kg,대구광역시,동구,5000,10000,10033,30000,ANITY00008,27,27,99,MEDIT00001,Daegu-Dong-gu,대구광역시,MEDIT00001,ANITY00008
초진 진찰료 20kg,대구광역시,북구,5000,10000,10360,20000,ANITY00008,27,27,100,MEDIT00001,Daegu-Buk-gu,대구광역시,MEDIT00001,ANITY00008
초진 진찰료 20kg,대구광역시,서구,3000,9000,13000,45000,ANITY00008,27,27,101,MEDIT00001,Daegu-Seo-gu,대구광역시,MEDIT00001,ANITY00008
초진 진찰료 20kg,대구광역시,수성구,5000,10000,11963,25000,ANITY00008,27,27,102,MEDIT00001,Daegu-Suseong-gu,대구광역시,MEDIT00001,ANITY00008
초진 진찰료 20kg,대구광역시,중구,5000,11000,15636,33000,ANITY00008,27,27,103,MEDIT00001,Daegu-Jung-gu,대구광역시,MEDIT00001,ANITY00008
초진 진찰료 20kg,인천광역시,강화군,5000,10000,9000,10000,ANITY00008,28,28,162,MEDIT00001,Incheon-Ganghwa-gun,인천광역시,MEDIT00001,ANITY00008
초진 진찰료 20kg,인천광역시,계양구,5000,11000,14933,61000,ANITY00008,28,28,163,MEDIT00001,Incheon-Gyeyang-gu,인천광역시,MEDIT00001,ANITY00008
초진 진찰료 20kg,인천광역시,남동구,5000,10000,10029,20000,ANITY00008,28,28,164,MEDIT00001,Incheon-Namdong-gu,인천광역시,MEDIT00001,ANITY00008
초진 진찰료 20kg,인천광역시,동구,13200,14100,14100,15000,ANITY00008,28,28,165,MEDIT00001,Incheon-Dong-gu,인천광역시,MEDIT00001,ANITY00008
초진 진찰료 20kg,인천광역시,미추홀구,5500,10000,10556,30000,ANITY00008,28,28,166,MEDIT00001,Incheon-Michuhol-gu,인천광역시,MEDIT00001,ANITY00008
초진 진찰료 20kg,인천광역시,부평구,7000,10000,12217,25000,ANITY00008,28,28,167,MEDIT00001,Incheon-Bupyeong-gu,인천광역시,MEDIT00001,ANITY00008
초진 진찰료 20kg,인천광역시,서구,5000,8000,9616,30000,ANITY00008,28,28,168,MEDIT00001,Incheon-Seo-gu,인천광역시,MEDIT00001,ANITY00008
초진 진찰료 20kg,인천광역시,연수구,5000,10000,11487,22000,ANITY00008,28,28,169,MEDIT00001,Incheon-Yeonsu-gu,인천광역시,MEDIT00001,ANITY00008
초진 진찰료 20kg,인천광역시,중구,8000,8000,8000,8000,ANITY00008,28,28,170,MEDIT00001,Incheon-Jung-gu,인천광역시,MEDIT00001,ANITY00008
초진 진찰료 20kg,광주광역시,광산구,4000,9000,10046,25000,ANITY00008,29,29,89,MEDIT00001,Gwangju-Gwangsan-gu,광주광역시,MEDIT00001,ANITY00008
초진 진찰료 20kg,광주광역시,남구,7000,10000,12153,35000,ANITY00008,29,29,90,MEDIT00001,Gwangju-Nam-gu,광주광역시,MEDIT00001,ANITY00008
초진 진찰료 20kg,광주광역시,동구,6600,9000,10950,20000,ANITY00008,29,29,91,MEDIT00001,Gwangju-Dong-gu,광주광역시,MEDIT00001,ANITY00008
초진 진찰료 20kg,광주광역시,북구,8000,9900,12043,40000,ANITY00008,29,29,92,MEDIT00001,Gwangju-Buk-gu,광주광역시,MEDIT00001,ANITY00008
초진 진찰료 20kg,광주광역시,서구,5000,9250,10050,30000,ANITY00008,29,29,93,MEDIT00001,Gwangju-Seo-gu,광주광역시,MEDIT00001,ANITY00008
초진 진찰료 20kg,대전광역시,대덕구,6000,13000,12667,20000,ANITY00008,30,30,105,MEDIT00001,Daejeon-Daedeok-gu,대전광역시,MEDIT00001,ANITY00008
초진 진찰료 20kg,대전광역시,동구,8000,11000,11692,15000,ANITY00008,30,30,106,MEDIT00001,Daejeon-Dong-gu,대전광역시,MEDIT00001,ANITY00008
초진 진찰료 20kg,대전광역시,서구,5000,12000,17800,50000,ANITY00008,30,30,107,MEDIT00001,Daejeon-Seo-gu,대전광역시,MEDIT00001,ANITY00008
초진 진찰료 20kg,대전광역시,유성구,5000,15000,16300,50000,ANITY00008,30,30,108,MEDIT00001,Daejeon-Yuseong-gu,대전광역시,MEDIT00001,ANITY00008
초진 진찰료 20kg,대전광역시,중구,5000,10000,10793,30000,ANITY00008,30,30,109,MEDIT00001,Daejeon-Jung-gu,대전광역시,MEDIT00001,ANITY00008
초진 진찰료 20kg,울산광역시,남구,5000,12300,13404,23100,ANITY00008,31,31,156,MEDIT00001,Ulsan-Nam-gu,울산광역시,MEDIT00001,ANITY00008
초진 진찰료 20kg,울산광역시,동구,7000,10000,10200,15000,ANITY00008,31,31,157,MEDIT00001,Ulsan-Dong-gu,울산광역시,MEDIT00001,ANITY00008
초진 진찰료 20kg,울산광역시,북구,5000,10000,10000,20000,ANITY00008,31,31,158,MEDIT00001,Ulsan-Buk-gu,울산광역시,MEDIT00001,ANITY00008
초진 진찰료 20kg,울산광역시,울주군,8000,12500,13313,22000,ANITY00008,31,31,159,MEDIT00001,Ulsan-Ulju-gun,울산광역시,MEDIT00001,ANITY00008
초진 진찰료 20kg,울산광역시,중구,8000,10000,12727,33000,ANITY00008,31,31,160,MEDIT00001,Ulsan-Jung-gu,울산광역시,MEDIT00001,ANITY00008
초진 진찰료 20kg,세종특별자치시,세종특별자치시,4000,10000,12874,50800,ANITY00008,36,36,154,MEDIT00001,Sejong-Sejong-si,세종특별자치시,MEDIT00001,ANITY00008
초진 진찰료 20kg,경기도,가평군,5000,7000,7500,11000,ANITY00008,41,41,19,MEDIT00001,Gyeonggi-Gapyeong-gun,경기도,MEDIT00001,ANITY00008
초진 진찰료 20kg,경기도,고양시,5000,10000,11906,44000,ANITY00008,41,41,20,MEDIT00001,Gyeonggi-Goyang-si,경기도,MEDIT00001,ANITY00008
초진 진찰료 20kg,경기도,과천시,5000,8000,9786,20000,ANITY00008,41,41,21,MEDIT00001,Gyeonggi-Gwacheon,경기도,MEDIT00001,ANITY00008
초진 진찰료 20kg,경기도,광명시,5000,10000,10133,22000,ANITY00008,41,41,22,MEDIT00001,Gyeonggi-Gwangmyeong,경기도,MEDIT00001,ANITY00008
초진 진찰료 20kg,경기도,광주시,1000,10000,9652,22000,ANITY00008,41,41,23,MEDIT00001,Gyeonggi-Gwangju-si,경기도,MEDIT00001,ANITY00008
초진 진찰료 20kg,경기도,구리시,4400,9500,9622,16000,ANITY00008,41,41,24,MEDIT00001,Gyeonggi-Guri-si,경기도,MEDIT00001,ANITY00008
초진 진찰료 20kg,경기도,군포시,6000,10000,12643,25000,ANITY00008,41,41,25,MEDIT00001,Gyeonggi-Gunpo,경기도,MEDIT00001,ANITY00008
초진 진찰료 20kg,경기도,김포시,5000,9000,9966,30000,ANITY00008,41,41,26,MEDIT00001,Gyeonggi-Gimpo-si,경기도,MEDIT00001,ANITY00008
초진 진찰료 20kg,경기도,남양주시,5000,9700,11370,50000,ANITY00008,41,41,27,MEDIT00001,Gyeonggi-Namyangju-si,경기도,MEDIT00001,ANITY00008
초진 진찰료 20kg,경기도,동두천시,5500,10000,10500,20000,ANITY00008,41,41,28,MEDIT00001,Gyeonggi-Dongducheon-si,경기도,MEDIT00001,ANITY00008
초진 진찰료 20kg,경기도,부천시,3000,10000,12302,50000,ANITY00008,41,41,29,MEDIT00001,Gyeonggi-Bucheon,경기도,MEDIT00001,ANITY00008
초진 진찰료 20kg,경기도,성남시,3000,10000,11942,40000,ANITY00008,41,41,30,MEDIT00001,Gyeonggi-Seongnam,경기도,MEDIT00001,ANITY00008
초진 진찰료 20kg,경기도,수원시,5000,10000,12043,35000,ANITY00008,41,41,31,MEDIT00001,Gyeonggi-Suwon-si,경기도,MEDIT00001,ANITY00008
초진 진찰료 20kg,경기도,시흥시,5000,8800,8919,22000,ANITY00008,41,41,32,MEDIT00001,Gyeonggi-Siheung,경기도,MEDIT00001,ANITY00008
초진 진찰료 20kg,경기도,안산시,5000,9950,11360,33000,ANITY00008,41,41,33,MEDIT00001,Gyeonggi-Ansan,경기도,MEDIT00001,ANITY00008
초진 진찰료 20kg,경기도,안성시,5000,10000,8958,16500,ANITY00008,41,41,34,MEDIT00001,Gyeonggi-Anseong-si,경기도,MEDIT00001,ANITY00008
초진 진찰료 20kg,경기도,안양시,5000,10000,12610,50000,ANITY00008,41,41,35,MEDIT00001,Gyeonggi-Anyang,경기도,MEDIT00001,ANITY00008
초진 진찰료 20kg,경기도,양주시,5000,7700,8064,15000,ANITY00008,41,41,36,MEDIT00001,Gyeonggi-Yangju-si,경기도,MEDIT00001,ANITY00008
초진 진찰료 20kg,경기도,양평군,4000,10000,9725,15000,ANITY00008,41,41,37,MEDIT00001,Gyeonggi-Yangpyeong-gun,경기도,MEDIT00001,ANITY00008
초진 진찰료 20kg,경기도,여주시,5000,7000,6750,8000,ANITY00008,41,41,38,MEDIT00001,Gyeonggi-Yeoju-si,경기도,MEDIT00001,ANITY00008
초진 진찰료 20kg,경기도,오산시,5000,8000,8436,12600,ANITY00008,41,41,39,MEDIT00001,Gyeonggi-Osan-si,경기도,MEDIT00001,ANITY00008
초진 진찰료 20kg,경기도,용인시,5000,10000,10340,20000,ANITY00008,41,41,40,MEDIT00001,Gyeonggi-Yongin-si,경기도,MEDIT00001,ANITY00008
초진 진찰료 20kg,경기도,의왕시,5500,10000,10156,20000,ANITY00008,41,41,41,MEDIT00001,Gyeonggi-Uiwang,경기도,MEDIT00001,ANITY00008
초진 진찰료 20kg,경기도,의정부시,5000,8750,8916,15000,ANITY00008,41,41,42,MEDIT00001,Gyeonggi-Uijeongbu-si,경기도,MEDIT00001,ANITY00008
초진 진찰료 20kg,경기도,이천시,5000,10000,9700,20000,ANITY00008,41,41,43,MEDIT00001,Gyeonggi-Icheon-si,경기도,MEDIT00001,ANITY00008
초진 진찰료 20kg,경기도,파주시,3000,10000,10963,30000,ANITY00008,41,41,44,MEDIT00001,Gyeonggi-Paju-si,경기도,MEDIT00001,ANITY00008
초진 진찰료 20kg,경기도,평택시,5000,10000,11322,29600,ANITY00008,41,41,45,MEDIT00001,Gyeonggi-Pyeongtaek-si,경기도,MEDIT00001,ANITY00008
초진 진찰료 20kg,경기도,포천시,5000,8500,8500,12000,ANITY00008,41,41,46,MEDIT00001,Gyeonggi-Pocheon-si,경기도,MEDIT00001,ANITY00008
초진 진찰료 20kg,경기도,하남시,5000,8800,9638,22000,ANITY00008,41,41,47,MEDIT00001,Gyeonggi-Hanam-si,경기도,MEDIT00001,ANITY00008
초진 진찰료 20kg,경기도,화성시,5000,8900,9888,35000,ANITY00008,41,41,48,MEDIT00001,Gyeonggi-Hwaseong-si,경기도,MEDIT00001,ANITY00008
초진 진찰료 20kg,강원특별자치도,강릉시,5000,10000,10375,25000,ANITY00008,42,42,2,MEDIT00001,Gangwon-Gangneung-si,강원특별자치도,MEDIT00001,ANITY00008
초진 진찰료 20kg,강원특별자치도,고성군,10000,12500,12500,15000,ANITY00008,42,42,3,MEDIT00001,Gangwon-Gosung-gun,강원특별자치도,MEDIT00001,ANITY00008
초진 진찰료 20kg,강원특별자치도,동해시,10000,10000,11667,15000,ANITY00008,42,42,4,MEDIT00001,Gangwon-Donghae-si,강원특별자치도,MEDIT00001,ANITY00008
초진 진찰료 20kg,강원특별자치도,삼척시,5000,10000,8333,10000,ANITY00008,42,42,5,MEDIT00001,Gangwon-Samcheok-si,강원특별자치도,MEDIT00001,ANITY00008
초진 진찰료 20kg,강원특별자치도,속초시,10000,12500,12625,15500,ANITY00008,42,42,6,MEDIT00001,Gangwon-Sokcho-si,강원특별자치도,MEDIT00001,ANITY00008
초진 진찰료 20kg,강원특별자치도,양양군,8800,10000,9600,10000,ANITY00008,42,42,8,MEDIT00001,Gangwon-Yangyang-gun,강원특별자치도,MEDIT00001,ANITY00008
초진 진찰료 20kg,강원특별자치도,영월군,6000,13000,13000,20000,ANITY00008,42,42,9,MEDIT00001,Gangwon-Yeongwol-gun,강원특별자치도,MEDIT00001,ANITY00008
초진 진찰료 20kg,강원특별자치도,원주시,5000,10000,9546,20000,ANITY00008,42,42,10,MEDIT00001,Gangwon-Wonju-si,강원특별자치도,MEDIT00001,ANITY00008
초진 진찰료 20kg,강원특별자치도,인제군,10000,10000,10000,10000,ANITY00008,42,42,11,MEDIT00001,Gangwon-Inje-gun,강원특별자치도,MEDIT00001,ANITY00008
초진 진찰료 20kg,강원특별자치도,정선군,10000,10000,10000,10000,ANITY00008,42,42,12,MEDIT00001,Gangwon-Jeongseon-gun,강원특별자치도,MEDIT00001,ANITY00008
초진 진찰료 20kg,강원특별자치도,춘천시,5000,10000,10417,20000,ANITY00008,42,42,13,MEDIT00001,Gangwon-Chuncheon-si,강원특별자치도,MEDIT00001,ANITY00008
초진 진찰료 20kg,강원특별자치도,태백시,6000,6000,6000,6000,ANITY00008,42,42,14,MEDIT00001,Gangwon-Taebaek-si,강원특별자치도,MEDIT00001,ANITY00008
초진 진찰료 20kg,강원특별자치도,홍천군,2000,7900,7100,10000,ANITY00008,42,42,15,MEDIT00001,Gangwon-Hongcheon-gun,강원특별자치도,MEDIT00001,ANITY00008
초진 진찰료 20kg,강원특별자치도,화천군,30000,30000,30000,30000,ANITY00008,42,42,16,MEDIT00001,Gangwon-Hwacheon-gun,강원특별자치도,MEDIT00001,ANITY00008
초진 진찰료 20kg,강원특별자치도,횡성군,7000,8500,8500,10000,ANITY00008,42,42,17,MEDIT00001,Gangwon-Hoengseong-gun,강원특별자치도,MEDIT00001,ANITY00008
초진 진찰료 20kg,충청북도,괴산군,15000,15000,15000,15000,ANITY00008,43,43,223,MEDIT00001,Chungbuk-Goesan-gun,충청북도,MEDIT00001,ANITY00008
초진 진찰료 20kg,충청북도,영동군,5000,15000,16667,30000,ANITY00008,43,43,226,MEDIT00001,Chungbuk-Yeongdong-gun,충청북도,MEDIT00001,ANITY00008
초진 진찰료 20kg,충청북도,옥천군,10000,10000,13333,20000,ANITY00008,43,43,227,MEDIT00001,Chungbuk-Okcheon-gun,충청북도,MEDIT00001,ANITY00008
초진 진찰료 20kg,충청북도,음성군,6500,7250,7250,8000,ANITY00008,43,43,228,MEDIT00001,Chungbuk-Eumseong-gun,충청북도,MEDIT00001,ANITY00008
초진 진찰료 20kg,충청북도,제천시,5000,10500,10750,20000,ANITY00008,43,43,229,MEDIT00001,Chungbuk-Jecheon-si,충청북도,MEDIT00001,ANITY00008
초진 진찰료 20kg,충청북도,증평군,5000,10000,15000,30000,ANITY00008,43,43,230,MEDIT00001,Chungbuk-Jeungpyeong-gun,충청북도,MEDIT00001,ANITY00008
초진 진찰료 20kg,충청북도,진천군,5000,6000,6000,7000,ANITY00008,43,43,231,MEDIT00001,Chungbuk-Jincheon-gun,충청북도,MEDIT00001,ANITY00008
초진 진찰료 20kg,충청북도,청주시,5000,9450,10069,33000,ANITY00008,43,43,232,MEDIT00001,Chungbuk-Cheongju-si,충청북도,MEDIT00001,ANITY00008
초진 진찰료 20kg,충청북도,충주시,5000,8000,9000,15000,ANITY00008,43,43,233,MEDIT00001,Chungbuk-Chungju-si,충청북도,MEDIT00001,ANITY00008
초진 진찰료 20kg,충청남도,계룡시,5500,8500,8667,12000,ANITY00008,44,44,207,MEDIT00001,Chungnam-Gyeryong-si,충청남도,MEDIT00001,ANITY00008
초진 진찰료 20kg,충청남도,공주시,10000,18900,19450,30000,ANITY00008,44,44,208,MEDIT00001,Chungnam-Gongju-si,충청남도,MEDIT00001,ANITY00008
초진 진찰료 20kg,충청남도,금산군,5000,10000,9000,12000,ANITY00008,44,44,209,MEDIT00001,Chungnam-Geumsan-gun,충청남도,MEDIT00001,ANITY00008
초진 진찰료 20kg,충청남도,논산시,7000,9700,10100,14000,ANITY00008,44,44,210,MEDIT00001,Chungnam-Nonsan-si,충청남도,MEDIT00001,ANITY00008
초진 진찰료 20kg,충청남도,당진시,8800,10000,11400,15000,ANITY00008,44,44,211,MEDIT00001,Chungnam-Dangjin-si,충청남도,MEDIT00001,ANITY00008
초진 진찰료 20kg,충청남도,보령시,7000,10000,9000,10000,ANITY00008,44,44,212,MEDIT00001,Chungnam-Boryeong-si,충청남도,MEDIT00001,ANITY00008
초진 진찰료 20kg,충청남도,부여군,5000,10000,10250,16000,ANITY00008,44,44,213,MEDIT00001,Chungnam-Buyeo-gun,충청남도,MEDIT00001,ANITY00008
초진 진찰료 20kg,충청남도,서산시,5000,10000,10100,20000,ANITY00008,44,44,214,MEDIT00001,Chungnam-Seosan-si,충청남도,MEDIT00001,ANITY00008
초진 진찰료 20kg,충청남도,서천군,5000,7500,7500,10000,ANITY00008,44,44,215,MEDIT00001,Chungnam-Seocheon-gun,충청남도,MEDIT00001,ANITY00008
초진 진찰료 20kg,충청남도,아산시,5000,10500,11143,20000,ANITY00008,44,44,216,MEDIT00001,Chungnam-Asan-si,충청남도,MEDIT00001,ANITY00008
초진 진찰료 20kg,충청남도,예산군,6600,6600,6600,6600,ANITY00008,44,44,217,MEDIT00001,Chungnam-Yesan-gun,충청남도,MEDIT00001,ANITY00008
초진 진찰료 20kg,충청남도,천안시,4000,10000,12767,40000,ANITY00008,44,44,218,MEDIT00001,Chungnam-Cheonan-si,충청남도,MEDIT00001,ANITY00008
초진 진찰료 20kg,충청남도,태안군,6000,10000,9000,11000,ANITY00008,44,44,220,MEDIT00001,Chungnam-Taean-gu,충청남도,MEDIT00001,ANITY00008
초진 진찰료 20kg,충청남도,홍성군,5500,12000,11729,20000,ANITY00008,44,44,221,MEDIT00001,Chungnam-Hongseong-gun,충청남도,MEDIT00001,ANITY00008
초진 진찰료 20kg,전북특별자치도,고창군,10000,20000,23333,40000,ANITY00008,45,45,191,MEDIT00001,Jeonbuk-Gochang-gun,전북특별자치도,MEDIT00001,ANITY00008
초진 진찰료 20kg,전북특별자치도,군산시,5000,10500,11733,25000,ANITY00008,45,45,192,MEDIT00001,Jeonbuk-Gunsan-si,전북특별자치도,MEDIT00001,ANITY00008
초진 진찰료 20kg,전북특별자치도,김제시,5000,9000,10750,20000,ANITY00008,45,45,193,MEDIT00001,Jeonbuk-Gimje-si,전북특별자치도,MEDIT00001,ANITY00008
초진 진찰료 20kg,전북특별자치도,남원시,5000,8000,7667,10000,ANITY00008,45,45,194,MEDIT00001,Jeonbuk-Namwon-si,전북특별자치도,MEDIT00001,ANITY00008
초진 진찰료 20kg,전북특별자치도,부안군,7000,10000,9667,12000,ANITY00008,45,45,196,MEDIT00001,Jeonbuk-Buan-gun,전북특별자치도,MEDIT00001,ANITY00008
초진 진찰료 20kg,전북특별자치도,순창군,10000,12500,12500,15000,ANITY00008,45,45,197,MEDIT00001,Jeonbuk-Sunchang-gun,전북특별자치도,MEDIT00001,ANITY00008
초진 진찰료 20kg,전북특별자치도,완주군,5500,11000,11700,20000,ANITY00008,45,45,198,MEDIT00001,Jeonbuk-Wanju-gun,전북특별자치도,MEDIT00001,ANITY00008
초진 진찰료 20kg,전북특별자치도,익산시,8000,11600,14775,36500,ANITY00008,45,45,199,MEDIT00001,Jeonbuk-Iksan-si,전북특별자치도,MEDIT00001,ANITY00008
초진 진찰료 20kg,전북특별자치도,전주시,5000,10000,10727,37000,ANITY00008,45,45,201,MEDIT00001,Jeonbuk-Jeonju-si,전북특별자치도,MEDIT00001,ANITY00008
초진 진찰료 20kg,전북특별자치도,정읍시,5000,15000,11200,15000,ANITY00008,45,45,202,MEDIT00001,Jeonbuk-Jeongeup-si,전북특별자치도,MEDIT00001,ANITY00008
초진 진찰료 20kg,전라남도,고흥군,11000,13000,13000,15000,ANITY00008,46,46,172,MEDIT00001,Jeonnam-Goheung-gun,전라남도,MEDIT00001,ANITY00008
초진 진찰료 20kg,전라남도,광양시,5000,12500,13333,25000,ANITY00008,46,46,174,MEDIT00001,Jeonnam-Gwangyang-si,전라남도,MEDIT00001,ANITY00008
초진 진찰료 20kg,전라남도,구례군,5000,5000,5000,5000,ANITY00008,46,46,175,MEDIT00001,Jeonnam-Gurye-gun,전라남도,MEDIT00001,ANITY00008
초진 진찰료 20kg,전라남도,나주시,6000,10000,11167,20000,ANITY00008,46,46,176,MEDIT00001,Jeonnam-Naju-si,전라남도,MEDIT00001,ANITY00008
초진 진찰료 20kg,전라남도,담양군,5000,17500,17500,30000,ANITY00008,46,46,177,MEDIT00001,Jeonnam-Damyang-gun,전라남도,MEDIT00001,ANITY00008
초진 진찰료 20kg,전라남도,목포시,5000,5000,10000,20000,ANITY00008,46,46,178,MEDIT00001,Jeonnam-Mokpo-si,전라남도,MEDIT00001,ANITY00008
초진 진찰료 20kg,전라남도,무안군,6000,8000,8500,12000,ANITY00008,46,46,179,MEDIT00001,Jeonnam-Muan-gun,전라남도,MEDIT00001,ANITY00008
초진 진찰료 20kg,전라남도,순천시,8000,10000,11993,30000,ANITY00008,46,46,180,MEDIT00001,Jeonnam-Suncheon-si,전라남도,MEDIT00001,ANITY00008
초진 진찰료 20kg,전라남도,여수시,4000,10000,7714,10000,ANITY00008,46,46,181,MEDIT00001,Jeonnam-Yeosu-si,전라남도,MEDIT00001,ANITY00008
초진 진찰료 20kg,전라남도,영광군,10000,20000,20000,30000,ANITY00008,46,46,182,MEDIT00001,Jeonnam-Yeonggwang-gun,전라남도,MEDIT00001,ANITY00008
초진 진찰료 20kg,전라남도,장성군,15000,15000,15000,15000,ANITY00008,46,46,185,MEDIT00001,Jeonnam-Jangseong-gun,전라남도,MEDIT00001,ANITY00008
초진 진찰료 20kg,전라남도,장흥군,5000,10000,10000,15000,ANITY00008,46,46,186,MEDIT00001,Jeonnam-Jangheung-gun,전라남도,MEDIT00001,ANITY00008
초진 진찰료 20kg,전라남도,해남군,6000,8000,8000,10000,ANITY00008,46,46,188,MEDIT00001,Jeonnam-Haenam-gun,전라남도,MEDIT00001,ANITY00008
초진 진찰료 20kg,전라남도,화순군,7000,7000,7000,7000,ANITY00008,46,46,189,MEDIT00001,Jeonnam-Hwasun-gun,전라남도,MEDIT00001,ANITY00008
초진 진찰료 20kg,경상북도,경산시,4000,9000,11380,30000,ANITY00008,47,47,69,MEDIT00001,Gyeongbuk-Gyeongsan-si,경상북도,MEDIT00001,ANITY00008
초진 진찰료 20kg,경상북도,경주시,8000,10000,10873,22000,ANITY00008,47,47,70,MEDIT00001,Gyeongbuk-Gyeongju-si,경상북도,MEDIT00001,ANITY00008
초진 진찰료 20kg,경상북도,구미시,5000,8000,9321,39000,ANITY00008,47,47,72,MEDIT00001,Gyeongbuk-Gumi-si,경상북도,MEDIT00001,ANITY00008
초진 진찰료 20kg,경상북도,김천시,8000,10000,9750,11000,ANITY00008,47,47,73,MEDIT00001,Gyeongbuk-Gimcheon-si,경상북도,MEDIT00001,ANITY00008
초진 진찰료 20kg,경상북도,문경시,5000,7500,7500,10000,ANITY00008,47,47,74,MEDIT00001,Gyeongbuk-Mungyeong-si,경상북도,MEDIT00001,ANITY00008
초진 진찰료 20kg,경상북도,상주시,6000,8000,8000,10000,ANITY00008,47,47,75,MEDIT00001,Gyeongbuk-Sangju-si,경상북도,MEDIT00001,ANITY00008
초진 진찰료 20kg,경상북도,성주군,8000,8400,8400,8800,ANITY00008,47,47,76,MEDIT00001,Gyeongbuk-Seongju-gun,경상북도,MEDIT00001,ANITY00008
초진 진찰료 20kg,경상북도,안동시,10000,17500,16833,22000,ANITY00008,47,47,77,MEDIT00001,Gyeongbuk-Andong-si,경상북도,MEDIT00001,ANITY00008
초진 진찰료 20kg,경상북도,영덕군,5000,7500,7500,10000,ANITY00008,47,47,78,MEDIT00001,Gyeongbuk-Yeongdeok-gun,경상북도,MEDIT00001,ANITY00008
초진 진찰료 20kg,경상북도,영주시,5000,15000,14000,20000,ANITY00008,47,47,79,MEDIT00001,Gyeongbuk-Yeongju-si,경상북도,MEDIT00001,ANITY00008
초진 진찰료 20kg,경상북도,영천시,7000,7500,7500,8000,ANITY00008,47,47,80,MEDIT00001,Gyeongbuk-Yeongcheon-si,경상북도,MEDIT00001,ANITY00008
초진 진찰료 20kg,경상북도,예천군,5000,5000,5000,5000,ANITY00008,47,47,81,MEDIT00001,Gyeongbuk-Yecheon-gun,경상북도,MEDIT00001,ANITY00008
초진 진찰료 20kg,경상북도,청도군,5000,7500,7500,10000,ANITY00008,47,47,84,MEDIT00001,Gyeongbuk-Cheongdo-gun,경상북도,MEDIT00001,ANITY00008
초진 진찰료 20kg,경상북도,칠곡군,7000,10000,9500,11000,ANITY00008,47,47,86,MEDIT00001,Gyeongbuk-Chilgok-gun,경상북도,MEDIT00001,ANITY00008
초진 진찰료 20kg,경상북도,포항시,3000,10000,10358,20000,ANITY00008,47,47,87,MEDIT00001,Gyeongbuk-Pohang-si,경상북도,MEDIT00001,ANITY00008
초진 진찰료 20kg,경상남도,거제시,9000,10000,10636,15000,ANITY00008,48,48,50,MEDIT00001,Gyeongnam-Geoje-si,경상남도,MEDIT00001,ANITY00008
초진 진찰료 20kg,경상남도,거창군,7000,8500,8500,10000,ANITY00008,48,48,51,MEDIT00001,Gyeongnam-Geochang-gun,경상남도,MEDIT00001,ANITY00008
초진 진찰료 20kg,경상남도,고성군,5000,7000,7333,10000,ANITY00008,48,48,52,MEDIT00001,Gyeongnam-Goseong-gun,경상남도,MEDIT00001,ANITY00008
초진 진찰료 20kg,경상남도,김해시,5000,8000,9061,20000,ANITY00008,48,48,53,MEDIT00001,Gyeongnam-Gimhae-si,경상남도,MEDIT00001,ANITY00008
초진 진찰료 20kg,경상남도,남해군,10000,10000,10667,12000,ANITY00008,48,48,54,MEDIT00001,Gyeongnam-Namhae-gun,경상남도,MEDIT00001,ANITY00008
초진 진찰료 20kg,경상남도,밀양시,5000,9000,9500,15000,ANITY00008,48,48,55,MEDIT00001,Gyeongnam-Miryang-si,경상남도,MEDIT00001,ANITY00008
초진 진찰료 20kg,경상남도,사천시,5000,7500,7625,12000,ANITY00008,48,48,56,MEDIT00001,Gyeongnam-Sacheon-si,경상남도,MEDIT00001,ANITY00008
초진 진찰료 20kg,경상남도,산청군,5000,7500,7500,10000,ANITY00008,48,48,57,MEDIT00001,Gyeongnam-Sancheong-gun,경상남도,MEDIT00001,ANITY00008
초진 진찰료 20kg,경상남도,양산시,5000,10000,13114,55000,ANITY00008,48,48,58,MEDIT00001,Gyeongnam-Yangsan-si,경상남도,MEDIT00001,ANITY00008
초진 진찰료 20kg,경상남도,진주시,5000,7000,8422,30000,ANITY00008,48,48,60,MEDIT00001,Gyeongnam-Jinju-si,경상남도,MEDIT00001,ANITY00008
초진 진찰료 20kg,경상남도,창녕군,10000,11000,12600,20000,ANITY00008,48,48,61,MEDIT00001,Gyeongnam-Changnyeong-gun,경상남도,MEDIT00001,ANITY00008
초진 진찰료 20kg,경상남도,창원시,10000,12000,12212,20000,ANITY00008,48,48,62,MEDIT00001,Gyeongnam-Changwon-si,경상남도,MEDIT00001,ANITY00008
초진 진찰료 20kg,경상남도,통영시,8000,12000,11556,15000,ANITY00008,48,48,63,MEDIT00001,Gyeongnam-Tongyeong-si,경상남도,MEDIT00001,ANITY00008
초진 진찰료 20kg,경상남도,하동군,5000,7000,7000,9000,ANITY00008,48,48,64,MEDIT00001,Gyeongnam-Hadong-gun,경상남도,MEDIT00001,ANITY00008
초진 진찰료 20kg,경상남도,함안군,5000,5000,20000,50000,ANITY00008,48,48,65,MEDIT00001,Gyeongnam-Haman-gun,경상남도,MEDIT00001,ANITY00008
초진 진찰료 20kg,경상남도,합천군,8100,9050,9050,10000,ANITY00008,48,48,67,MEDIT00001,Gyeongnam-Hapcheon-gu,경상남도,MEDIT00001,ANITY00008
초진 진찰료 20kg,제주특별자치도,서귀포시,5000,7500,8864,15000,ANITY00008,50,50,204,MEDIT00001,Jeju-Seogwipo,제주특별자치도,MEDIT00001,ANITY00008
초진 진찰료 20kg,제주특별자치도,제주시,3000,10000,10222,30000,ANITY00008,50,50,205,MEDIT00001,Jeju-Jeju-si,제주특별자치도,MEDIT00001,ANITY00008
재진 진찰료 5kg,서울특별시,강남구,5000,9000,10694,33000,ANITY00006,11,11,128,MEDIT00002,seoul-Gangnam-gu,서울특별시,MEDIT00002,ANITY00006
재진 진찰료 5kg,서울특별시,강동구,1000,6000,7410,16500,ANITY00006,11,11,129,MEDIT00002,seoul-Gangdong-gu,서울특별시,MEDIT00002,ANITY00006
재진 진찰료 5kg,서울특별시,강북구,5000,8000,7852,15000,ANITY00006,11,11,130,MEDIT00002,seoul-Gangbuk-gu,서울특별시,MEDIT00002,ANITY00006
재진 진찰료 5kg,서울특별시,강서구,3000,8000,7802,11000,ANITY00006,11,11,131,MEDIT00002,seoul-Gangseo-gu,서울특별시,MEDIT00002,ANITY00006
재진 진찰료 5kg,서울특별시,관악구,3000,7000,7414,15000,ANITY00006,11,11,132,MEDIT00002,seoul-Gwanak-gu,서울특별시,MEDIT00002,ANITY00006
재진 진찰료 5kg,서울특별시,광진구,3000,6500,7180,22000,ANITY00006,11,11,133,MEDIT00002,seoul-Gwangjin-gu,서울특별시,MEDIT00002,ANITY00006
재진 진찰료 5kg,서울특별시,구로구,3000,6400,6592,10900,ANITY00006,11,11,134,MEDIT00002,seoul-Guro-gu,서울특별시,MEDIT00002,ANITY00006
재진 진찰료 5kg,서울특별시,금천구,5500,10000,11529,30000,ANITY00006,11,11,135,MEDIT00002,seoul-Geumcheon-gu,서울특별시,MEDIT00002,ANITY00006
재진 진찰료 5kg,서울특별시,노원구,4000,7500,8517,20000,ANITY00006,11,11,136,MEDIT00002,seoul-Nowon-gu,서울특별시,MEDIT00002,ANITY00006
재진 진찰료 5kg,서울특별시,도봉구,3300,6300,6777,14000,ANITY00006,11,11,137,MEDIT00002,seoul-Dobong-gu,서울특별시,MEDIT00002,ANITY00006
재진 진찰료 5kg,서울특별시,동대문구,3300,8000,8028,15000,ANITY00006,11,11,138,MEDIT00002,seoul-Dongdaemun-gu,서울특별시,MEDIT00002,ANITY00006
재진 진찰료 5kg,서울특별시,동작구,4000,6800,7180,11000,ANITY00006,11,11,139,MEDIT00002,seoul-Dongjak-gu,서울특별시,MEDIT00002,ANITY00006
재진 진찰료 5kg,서울특별시,마포구,3000,7700,7854,15000,ANITY00006,11,11,140,MEDIT00002,seoul-Mapo-gu,서울특별시,MEDIT00002,ANITY00006
재진 진찰료 5kg,서울특별시,서대문구,5000,9000,8583,15000,ANITY00006,11,11,141,MEDIT00002,seoul-Seodaemun-gu,서울특별시,MEDIT00002,ANITY00006
재진 진찰료 5kg,서울특별시,서초구,3000,8000,8236,16200,ANITY00006,11,11,142,MEDIT00002,seoul-Seocho-gu,서울특별시,MEDIT00002,ANITY00006
재진 진찰료 5kg,서울특별시,성동구,5000,8000,8670,20000,ANITY00006,11,11,143,MEDIT00002,seoul-Seongdong-gu,서울특별시,MEDIT00002,ANITY00006
재진 진찰료 5kg,서울특별시,성북구,3000,8000,7831,17500,ANITY00006,11,11,144,MEDIT00002,seoul-Seongbuk-gu,서울특별시,MEDIT00002,ANITY00006
재진 진찰료 5kg,서울특별시,송파구,3800,7000,7589,15000,ANITY00006,11,11,145,MEDIT00002,seoul-Songpa-gu,서울특별시,MEDIT00002,ANITY00006
재진 진찰료 5kg,서울특별시,양천구,3000,7000,7300,15000,ANITY00006,11,11,146,MEDIT00002,seoul-Yangcheon-gu,서울특별시,MEDIT00002,ANITY00006
재진 진찰료 5kg,서울특별시,영등포구,5000,7700,7903,16000,ANITY00006,11,11,147,MEDIT00002,seoul-Yeongdeungpo-gu,서울특별시,MEDIT00002,ANITY00006
재진 진찰료 5kg,서울특별시,용산구,5000,6600,7933,13000,ANITY00006,11,11,148,MEDIT00002,seoul-Yongsan-gu,서울특별시,MEDIT00002,ANITY00006
재진 진찰료 5kg,서울특별시,은평구,3000,6000,7662,20000,ANITY00006,11,11,149,MEDIT00002,seoul-Eunpyeong-gu,서울특별시,MEDIT00002,ANITY00006
재진 진찰료 5kg,서울특별시,종로구,5000,8000,7818,11000,ANITY00006,11,11,150,MEDIT00002,seoul-Jongno-gu,서울특별시,MEDIT00002,ANITY00006
재진 진찰료 5kg,서울특별시,중구,5000,10000,10500,30000,ANITY00006,11,11,151,MEDIT00002,seoul-jung-gu,서울특별시,MEDIT00002,ANITY00006
재진 진찰료 5kg,서울특별시,중랑구,5000,8000,8779,15000,ANITY00006,11,11,152,MEDIT00002,seoul-Jungnang-gu,서울특별시,MEDIT00002,ANITY00006
재진 진찰료 5kg,부산광역시,강서구,4000,8500,8360,11000,ANITY00006,26,26,111,MEDIT00002,Busan-Gangseo-gu,부산광역시,MEDIT00002,ANITY00006
재진 진찰료 5kg,부산광역시,금정구,4000,10000,9176,22000,ANITY00006,26,26,112,MEDIT00002,Busan-Geumjeong-gu,부산광역시,MEDIT00002,ANITY00006
재진 진찰료 5kg,부산광역시,기장군,4000,5500,6518,12000,ANITY00006,26,26,113,MEDIT00002,Busan-Gijang-gun,부산광역시,MEDIT00002,ANITY00006
재진 진찰료 5kg,부산광역시,남구,3000,8000,8338,17000,ANITY00006,26,26,114,MEDIT00002,Busan-Nam-gu,부산광역시,MEDIT00002,ANITY00006
재진 진찰료 5kg,부산광역시,동구,6000,10000,9000,10000,ANITY00006,26,26,115,MEDIT00002,Busan-Dong-gu,부산광역시,MEDIT00002,ANITY00006
재진 진찰료 5kg,부산광역시,동래구,3000,8000,7800,12000,ANITY00006,26,26,116,MEDIT00002,Busan-Dongrae-gu,부산광역시,MEDIT00002,ANITY00006
재진 진찰료 5kg,부산광역시,부산진구,2000,7000,7183,12000,ANITY00006,26,26,117,MEDIT00002,Busan-Busanjin-gu,부산광역시,MEDIT00002,ANITY00006
재진 진찰료 5kg,부산광역시,북구,3000,6500,6994,15000,ANITY00006,26,26,118,MEDIT00002,Busan-Buk-gu,부산광역시,MEDIT00002,ANITY00006
재진 진찰료 5kg,부산광역시,사상구,7000,10000,13333,43000,ANITY00006,26,26,119,MEDIT00002,Busan-Sasang-gu,부산광역시,MEDIT00002,ANITY00006
재진 진찰료 5kg,부산광역시,사하구,3500,6000,7300,21000,ANITY00006,26,26,120,MEDIT00002,Busan-Saha-gu,부산광역시,MEDIT00002,ANITY00006
재진 진찰료 5kg,부산광역시,서구,4000,5000,5600,8000,ANITY00006,26,26,121,MEDIT00002,Busan-Seo-gu,부산광역시,MEDIT00002,ANITY00006
재진 진찰료 5kg,부산광역시,수영구,3300,7000,7890,20000,ANITY00006,26,26,122,MEDIT00002,Busan-Suyeong-gu,부산광역시,MEDIT00002,ANITY00006
재진 진찰료 5kg,부산광역시,연제구,4000,9000,9438,20000,ANITY00006,26,26,123,MEDIT00002,Busan-Yeonje-gu,부산광역시,MEDIT00002,ANITY00006
재진 진찰료 5kg,부산광역시,영도구,6000,7350,7675,10000,ANITY00006,26,26,124,MEDIT00002,Busan-Yeongdo-gu,부산광역시,MEDIT00002,ANITY00006
재진 진찰료 5kg,부산광역시,중구,4000,4500,4500,5000,ANITY00006,26,26,125,MEDIT00002,Busan-Jung-gu,부산광역시,MEDIT00002,ANITY00006
재진 진찰료 5kg,부산광역시,해운대구,2200,7000,7762,15000,ANITY00006,26,26,126,MEDIT00002,Busan-Haeundae-gu,부산광역시,MEDIT00002,ANITY00006
재진 진찰료 5kg,대구광역시,남구,5000,6000,6167,8000,ANITY00006,27,27,96,MEDIT00002,Daegu-Nam-gu,대구광역시,MEDIT00002,ANITY00006
재진 진찰료 5kg,대구광역시,달서구,3000,8000,7006,11000,ANITY00006,27,27,97,MEDIT00002,Daegu-Dalseo-gu,대구광역시,MEDIT00002,ANITY00006
재진 진찰료 5kg,대구광역시,달성군,3000,6500,7093,12000,ANITY00006,27,27,98,MEDIT00002,Daegu-Dal-Sung-gun,대구광역시,MEDIT00002,ANITY00006
재진 진찰료 5kg,대구광역시,동구,3000,7000,6969,11000,ANITY00006,27,27,99,MEDIT00002,Daegu-Dong-gu,대구광역시,MEDIT00002,ANITY00006
재진 진찰료 5kg,대구광역시,북구,3000,8000,7500,13000,ANITY00006,27,27,100,MEDIT00002,Daegu-Buk-gu,대구광역시,MEDIT00002,ANITY00006
재진 진찰료 5kg,대구광역시,서구,3000,5000,9422,35000,ANITY00006,27,27,101,MEDIT00002,Daegu-Seo-gu,대구광역시,MEDIT00002,ANITY00006
재진 진찰료 5kg,대구광역시,수성구,5000,9000,9144,25000,ANITY00006,27,27,102,MEDIT00002,Daegu-Suseong-gu,대구광역시,MEDIT00002,ANITY00006
재진 진찰료 5kg,대구광역시,중구,3300,6500,8408,16500,ANITY00006,27,27,103,MEDIT00002,Daegu-Jung-gu,대구광역시,MEDIT00002,ANITY00006
재진 진찰료 5kg,인천광역시,강화군,5000,5000,5400,7000,ANITY00006,28,28,162,MEDIT00002,Incheon-Ganghwa-gun,인천광역시,MEDIT00002,ANITY00006
재진 진찰료 5kg,인천광역시,계양구,5000,8000,11933,61000,ANITY00006,28,28,163,MEDIT00002,Incheon-Gyeyang-gu,인천광역시,MEDIT00002,ANITY00006
재진 진찰료 5kg,인천광역시,남동구,3000,7000,7033,11000,ANITY00006,28,28,164,MEDIT00002,Incheon-Namdong-gu,인천광역시,MEDIT00002,ANITY00006
재진 진찰료 5kg,인천광역시,미추홀구,4000,7850,8194,20000,ANITY00006,28,28,166,MEDIT00002,Incheon-Michuhol-gu,인천광역시,MEDIT00002,ANITY00006
재진 진찰료 5kg,인천광역시,부평구,3000,8000,8103,19500,ANITY00006,28,28,167,MEDIT00002,Incheon-Bupyeong-gu,인천광역시,MEDIT00002,ANITY00006
재진 진찰료 5kg,인천광역시,서구,3000,5750,6243,13000,ANITY00006,28,28,168,MEDIT00002,Incheon-Seo-gu,인천광역시,MEDIT00002,ANITY00006
재진 진찰료 5kg,인천광역시,연수구,3000,7000,7487,17000,ANITY00006,28,28,169,MEDIT00002,Incheon-Yeonsu-gu,인천광역시,MEDIT00002,ANITY00006
재진 진찰료 5kg,인천광역시,중구,5000,5000,5063,5500,ANITY00006,28,28,170,MEDIT00002,Incheon-Jung-gu,인천광역시,MEDIT00002,ANITY00006
재진 진찰료 5kg,광주광역시,광산구,3000,8000,8037,16000,ANITY00006,29,29,89,MEDIT00002,Gwangju-Gwangsan-gu,광주광역시,MEDIT00002,ANITY00006
재진 진찰료 5kg,광주광역시,남구,5000,9900,9935,18000,ANITY00006,29,29,90,MEDIT00002,Gwangju-Nam-gu,광주광역시,MEDIT00002,ANITY00006
재진 진찰료 5kg,광주광역시,동구,5000,9000,8075,10000,ANITY00006,29,29,91,MEDIT00002,Gwangju-Dong-gu,광주광역시,MEDIT00002,ANITY00006
재진 진찰료 5kg,광주광역시,북구,5000,9000,8832,18000,ANITY00006,29,29,92,MEDIT00002,Gwangju-Buk-gu,광주광역시,MEDIT00002,ANITY00006
재진 진찰료 5kg,광주광역시,서구,2500,9000,8236,10000,ANITY00006,29,29,93,MEDIT00002,Gwangju-Seo-gu,광주광역시,MEDIT00002,ANITY00006
재진 진찰료 5kg,대전광역시,대덕구,5000,8000,9200,15000,ANITY00006,30,30,105,MEDIT00002,Daejeon-Daedeok-gu,대전광역시,MEDIT00002,ANITY00006
재진 진찰료 5kg,대전광역시,동구,5000,8800,8369,12000,ANITY00006,30,30,106,MEDIT00002,Daejeon-Dong-gu,대전광역시,MEDIT00002,ANITY00006
재진 진찰료 5kg,대전광역시,서구,5000,10000,10350,20000,ANITY00006,30,30,107,MEDIT00002,Daejeon-Seo-gu,대전광역시,MEDIT00002,ANITY00006
재진 진찰료 5kg,대전광역시,유성구,3000,9000,9640,23000,ANITY00006,30,30,108,MEDIT00002,Daejeon-Yuseong-gu,대전광역시,MEDIT00002,ANITY00006
재진 진찰료 5kg,대전광역시,중구,3000,7000,7185,10000,ANITY00006,30,30,109,MEDIT00002,Daejeon-Jung-gu,대전광역시,MEDIT00002,ANITY00006
재진 진찰료 5kg,울산광역시,남구,5000,9000,9417,15750,ANITY00006,31,31,156,MEDIT00002,Ulsan-Nam-gu,울산광역시,MEDIT00002,ANITY00006
재진 진찰료 5kg,울산광역시,동구,5000,7000,6600,8000,ANITY00006,31,31,157,MEDIT00002,Ulsan-Dong-gu,울산광역시,MEDIT00002,ANITY00006
재진 진찰료 5kg,울산광역시,북구,5000,5000,5700,9000,ANITY00006,31,31,158,MEDIT00002,Ulsan-Buk-gu,울산광역시,MEDIT00002,ANITY00006
재진 진찰료 5kg,울산광역시,울주군,3000,9000,8500,15000,ANITY00006,31,31,159,MEDIT00002,Ulsan-Ulju-gun,울산광역시,MEDIT00002,ANITY00006
재진 진찰료 5kg,울산광역시,중구,5000,8000,8458,22000,ANITY00006,31,31,160,MEDIT00002,Ulsan-Jung-gu,울산광역시,MEDIT00002,ANITY00006
재진 진찰료 5kg,세종특별자치시,세종특별자치시,3000,5500,8590,28300,ANITY00006,36,36,154,MEDIT00002,Sejong-Sejong-si,세종특별자치시,MEDIT00002,ANITY00006
재진 진찰료 5kg,경기도,가평군,3000,5000,4333,5000,ANITY00006,41,41,19,MEDIT00002,Gyeonggi-Gapyeong-gun,경기도,MEDIT00002,ANITY00006
재진 진찰료 5kg,경기도,고양시,3000,7000,7847,25000,ANITY00006,41,41,20,MEDIT00002,Gyeonggi-Goyang-si,경기도,MEDIT00002,ANITY00006
재진 진찰료 5kg,경기도,과천시,4500,5000,6786,10000,ANITY00006,41,41,21,MEDIT00002,Gyeonggi-Gwacheon,경기도,MEDIT00002,ANITY00006
재진 진찰료 5kg,경기도,광명시,4000,7000,6938,11000,ANITY00006,41,41,22,MEDIT00002,Gyeonggi-Gwangmyeong,경기도,MEDIT00002,ANITY00006
재진 진찰료 5kg,경기도,광주시,1000,6000,6833,11000,ANITY00006,41,41,23,MEDIT00002,Gyeonggi-Gwangju-si,경기도,MEDIT00002,ANITY00006
재진 진찰료 5kg,경기도,구리시,3300,7000,7040,9500,ANITY00006,41,41,24,MEDIT00002,Gyeonggi-Guri-si,경기도,MEDIT00002,ANITY00006
재진 진찰료 5kg,경기도,군포시,5000,8000,8182,12000,ANITY00006,41,41,25,MEDIT00002,Gyeonggi-Gunpo,경기도,MEDIT00002,ANITY00006
재진 진찰료 5kg,경기도,김포시,3000,7000,6511,10000,ANITY00006,41,41,26,MEDIT00002,Gyeonggi-Gimpo-si,경기도,MEDIT00002,ANITY00006
재진 진찰료 5kg,경기도,남양주시,4000,7000,7430,18000,ANITY00006,41,41,27,MEDIT00002,Gyeonggi-Namyangju-si,경기도,MEDIT00002,ANITY00006
재진 진찰료 5kg,경기도,동두천시,3300,6500,6883,10000,ANITY00006,41,41,28,MEDIT00002,Gyeonggi-Dongducheon-si,경기도,MEDIT00002,ANITY00006
재진 진찰료 5kg,경기도,부천시,2000,7350,8132,50000,ANITY00006,41,41,29,MEDIT00002,Gyeonggi-Bucheon,경기도,MEDIT00002,ANITY00006
재진 진찰료 5kg,경기도,성남시,3000,8000,8226,24000,ANITY00006,41,41,30,MEDIT00002,Gyeonggi-Seongnam,경기도,MEDIT00002,ANITY00006
재진 진찰료 5kg,경기도,수원시,3000,7000,7522,20000,ANITY00006,41,41,31,MEDIT00002,Gyeonggi-Suwon-si,경기도,MEDIT00002,ANITY00006
재진 진찰료 5kg,경기도,시흥시,3300,5500,6135,10000,ANITY00006,41,41,32,MEDIT00002,Gyeonggi-Siheung,경기도,MEDIT00002,ANITY00006
재진 진찰료 5kg,경기도,안산시,4500,7000,7839,15000,ANITY00006,41,41,33,MEDIT00002,Gyeonggi-Ansan,경기도,MEDIT00002,ANITY00006
재진 진찰료 5kg,경기도,안성시,5000,7500,7480,11000,ANITY00006,41,41,34,MEDIT00002,Gyeonggi-Anseong-si,경기도,MEDIT00002,ANITY00006
재진 진찰료 5kg,경기도,안양시,4000,8400,8268,15000,ANITY00006,41,41,35,MEDIT00002,Gyeonggi-Anyang,경기도,MEDIT00002,ANITY00006
재진 진찰료 5kg,경기도,양주시,4000,6000,6470,10000,ANITY00006,41,41,36,MEDIT00002,Gyeonggi-Yangju-si,경기도,MEDIT00002,ANITY00006
재진 진찰료 5kg,경기도,양평군,4000,6750,6750,10000,ANITY00006,41,41,37,MEDIT00002,Gyeonggi-Yangpyeong-gun,경기도,MEDIT00002,ANITY00006
재진 진찰료 5kg,경기도,여주시,4000,5000,5500,8000,ANITY00006,41,41,38,MEDIT00002,Gyeonggi-Yeoju-si,경기도,MEDIT00002,ANITY00006
재진 진찰료 5kg,경기도,오산시,5000,7850,7393,10800,ANITY00006,41,41,39,MEDIT00002,Gyeonggi-Osan-si,경기도,MEDIT00002,ANITY00006
재진 진찰료 5kg,경기도,용인시,3000,8000,7393,15000,ANITY00006,41,41,40,MEDIT00002,Gyeonggi-Yongin-si,경기도,MEDIT00002,ANITY00006
재진 진찰료 5kg,경기도,의왕시,5000,7000,7333,12000,ANITY00006,41,41,41,MEDIT00002,Gyeonggi-Uiwang,경기도,MEDIT00002,ANITY00006
재진 진찰료 5kg,경기도,의정부시,3000,7000,6834,10000,ANITY00006,41,41,42,MEDIT00002,Gyeonggi-Uijeongbu-si,경기도,MEDIT00002,ANITY00006
재진 진찰료 5kg,경기도,이천시,3000,6750,6917,11000,ANITY00006,41,41,43,MEDIT00002,Gyeonggi-Icheon-si,경기도,MEDIT00002,ANITY00006
재진 진찰료 5kg,경기도,파주시,3000,7850,8453,30000,ANITY00006,41,41,44,MEDIT00002,Gyeonggi-Paju-si,경기도,MEDIT00002,ANITY00006
재진 진찰료 5kg,경기도,평택시,4000,7350,7585,15000,ANITY00006,41,41,45,MEDIT00002,Gyeonggi-Pyeongtaek-si,경기도,MEDIT00002,ANITY00006
재진 진찰료 5kg,경기도,포천시,5000,5000,6667,10000,ANITY00006,41,41,46,MEDIT00002,Gyeonggi-Pocheon-si,경기도,MEDIT00002,ANITY00006
재진 진찰료 5kg,경기도,하남시,5000,6000,6668,12000,ANITY00006,41,41,47,MEDIT00002,Gyeonggi-Hanam-si,경기도,MEDIT00002,ANITY00006
재진 진찰료 5kg,경기도,화성시,4000,7000,7220,30000,ANITY00006,41,41,48,MEDIT00002,Gyeonggi-Hwaseong-si,경기도,MEDIT00002,ANITY00006
재진 진찰료 5kg,강원특별자치도,강릉시,4000,7000,8688,25000,ANITY00006,42,42,2,MEDIT00002,Gangwon-Gangneung-si,강원특별자치도,MEDIT00002,ANITY00006
재진 진찰료 5kg,강원특별자치도,고성군,5000,5000,5000,5000,ANITY00006,42,42,3,MEDIT00002,Gangwon-Gosung-gun,강원특별자치도,MEDIT00002,ANITY00006
재진 진찰료 5kg,강원특별자치도,동해시,6000,10000,9000,10000,ANITY00006,42,42,4,MEDIT00002,Gangwon-Donghae-si,강원특별자치도,MEDIT00002,ANITY00006
재진 진찰료 5kg,강원특별자치도,삼척시,5000,5000,6333,9000,ANITY00006,42,42,5,MEDIT00002,Gangwon-Samcheok-si,강원특별자치도,MEDIT00002,ANITY00006
재진 진찰료 5kg,강원특별자치도,속초시,5000,9400,8450,10000,ANITY00006,42,42,6,MEDIT00002,Gangwon-Sokcho-si,강원특별자치도,MEDIT00002,ANITY00006
재진 진찰료 5kg,강원특별자치도,양양군,5000,5000,5533,6600,ANITY00006,42,42,8,MEDIT00002,Gangwon-Yangyang-gun,강원특별자치도,MEDIT00002,ANITY00006
재진 진찰료 5kg,강원특별자치도,영월군,6000,7000,7000,8000,ANITY00006,42,42,9,MEDIT00002,Gangwon-Yeongwol-gun,강원특별자치도,MEDIT00002,ANITY00006
재진 진찰료 5kg,강원특별자치도,원주시,5000,7000,7250,10000,ANITY00006,42,42,10,MEDIT00002,Gangwon-Wonju-si,강원특별자치도,MEDIT00002,ANITY00006
재진 진찰료 5kg,강원특별자치도,인제군,5000,6000,7000,10000,ANITY00006,42,42,11,MEDIT00002,Gangwon-Inje-gun,강원특별자치도,MEDIT00002,ANITY00006
재진 진찰료 5kg,강원특별자치도,정선군,10000,10000,10000,10000,ANITY00006,42,42,12,MEDIT00002,Gangwon-Jeongseon-gun,강원특별자치도,MEDIT00002,ANITY00006
재진 진찰료 5kg,강원특별자치도,춘천시,3000,8000,7647,10000,ANITY00006,42,42,13,MEDIT00002,Gangwon-Chuncheon-si,강원특별자치도,MEDIT00002,ANITY00006
재진 진찰료 5kg,강원특별자치도,태백시,4000,4000,4000,4000,ANITY00006,42,42,14,MEDIT00002,Gangwon-Taebaek-si,강원특별자치도,MEDIT00002,ANITY00006
재진 진찰료 5kg,강원특별자치도,홍천군,2000,5500,5480,7900,ANITY00006,42,42,15,MEDIT00002,Gangwon-Hongcheon-gun,강원특별자치도,MEDIT00002,ANITY00006
재진 진찰료 5kg,강원특별자치도,화천군,8000,14000,14000,20000,ANITY00006,42,42,16,MEDIT00002,Gangwon-Hwacheon-gun,강원특별자치도,MEDIT00002,ANITY00006
재진 진찰료 5kg,강원특별자치도,횡성군,5000,7500,7500,10000,ANITY00006,42,42,17,MEDIT00002,Gangwon-Hoengseong-gun,강원특별자치도,MEDIT00002,ANITY00006
재진 진찰료 5kg,충청북도,괴산군,10000,10000,10000,10000,ANITY00006,43,43,223,MEDIT00002,Chungbuk-Goesan-gun,충청북도,MEDIT00002,ANITY00006
재진 진찰료 5kg,충청북도,보은군,5000,5000,5000,5000,ANITY00006,43,43,225,MEDIT00002,Chungbuk-Boeun-gun,충청북도,MEDIT00002,ANITY00006
재진 진찰료 5kg,충청북도,영동군,5000,10000,8333,10000,ANITY00006,43,43,226,MEDIT00002,Chungbuk-Yeongdong-gun,충청북도,MEDIT00002,ANITY00006
재진 진찰료 5kg,충청북도,옥천군,5000,5000,5000,5000,ANITY00006,43,43,227,MEDIT00002,Chungbuk-Okcheon-gun,충청북도,MEDIT00002,ANITY00006
재진 진찰료 5kg,충청북도,음성군,5000,5000,5000,5000,ANITY00006,43,43,228,MEDIT00002,Chungbuk-Eumseong-gun,충청북도,MEDIT00002,ANITY00006
재진 진찰료 5kg,충청북도,제천시,5000,8800,8400,11000,ANITY00006,43,43,229,MEDIT00002,Chungbuk-Jecheon-si,충청북도,MEDIT00002,ANITY00006
재진 진찰료 5kg,충청북도,증평군,5000,14500,14500,24000,ANITY00006,43,43,230,MEDIT00002,Chungbuk-Jeungpyeong-gun,충청북도,MEDIT00002,ANITY00006
재진 진찰료 5kg,충청북도,진천군,5500,6250,6150,6600,ANITY00006,43,43,231,MEDIT00002,Chungbuk-Jincheon-gun,충청북도,MEDIT00002,ANITY00006
재진 진찰료 5kg,충청북도,청주시,4000,6850,6858,12200,ANITY00006,43,43,232,MEDIT00002,Chungbuk-Cheongju-si,충청북도,MEDIT00002,ANITY00006
재진 진찰료 5kg,충청북도,충주시,7000,8000,8500,10000,ANITY00006,43,43,233,MEDIT00002,Chungbuk-Chungju-si,충청북도,MEDIT00002,ANITY00006
재진 진찰료 5kg,충청남도,계룡시,5500,5500,6333,8000,ANITY00006,44,44,207,MEDIT00002,Chungnam-Gyeryong-si,충청남도,MEDIT00002,ANITY00006
재진 진찰료 5kg,충청남도,공주시,8000,13250,12950,17300,ANITY00006,44,44,208,MEDIT00002,Chungnam-Gongju-si,충청남도,MEDIT00002,ANITY00006
재진 진찰료 5kg,충청남도,금산군,5000,5000,5000,5000,ANITY00006,44,44,209,MEDIT00002,Chungnam-Geumsan-gun,충청남도,MEDIT00002,ANITY00006
재진 진찰료 5kg,충청남도,논산시,9500,9900,11133,14000,ANITY00006,44,44,210,MEDIT00002,Chungnam-Nonsan-si,충청남도,MEDIT00002,ANITY00006
재진 진찰료 5kg,충청남도,당진시,5000,8000,7514,10000,ANITY00006,44,44,211,MEDIT00002,Chungnam-Dangjin-si,충청남도,MEDIT00002,ANITY00006
재진 진찰료 5kg,충청남도,보령시,5000,10000,8333,10000,ANITY00006,44,44,212,MEDIT00002,Chungnam-Boryeong-si,충청남도,MEDIT00002,ANITY00006
재진 진찰료 5kg,충청남도,부여군,5000,10000,8667,11000,ANITY00006,44,44,213,MEDIT00002,Chungnam-Buyeo-gun,충청남도,MEDIT00002,ANITY00006
재진 진찰료 5kg,충청남도,서산시,5000,8000,7889,12000,ANITY00006,44,44,214,MEDIT00002,Chungnam-Seosan-si,충청남도,MEDIT00002,ANITY00006
재진 진찰료 5kg,충청남도,서천군,5000,5000,5000,5000,ANITY00006,44,44,215,MEDIT00002,Chungnam-Seocheon-gun,충청남도,MEDIT00002,ANITY00006
재진 진찰료 5kg,충청남도,아산시,5000,7000,8015,16500,ANITY00006,44,44,216,MEDIT00002,Chungnam-Asan-si,충청남도,MEDIT00002,ANITY00006
재진 진찰료 5kg,충청남도,예산군,5000,5800,5800,6600,ANITY00006,44,44,217,MEDIT00002,Chungnam-Yesan-gun,충청남도,MEDIT00002,ANITY00006
재진 진찰료 5kg,충청남도,천안시,4000,9400,9008,25000,ANITY00006,44,44,218,MEDIT00002,Chungnam-Cheonan-si,충청남도,MEDIT00002,ANITY00006
재진 진찰료 5kg,충청남도,태안군,6000,8500,8500,11000,ANITY00006,44,44,220,MEDIT00002,Chungnam-Taean-gu,충청남도,MEDIT00002,ANITY00006
재진 진찰료 5kg,충청남도,홍성군,4400,7700,9514,20000,ANITY00006,44,44,221,MEDIT00002,Chungnam-Hongseong-gun,충청남도,MEDIT00002,ANITY00006
재진 진찰료 5kg,전북특별자치도,고창군,10000,17500,17500,25000,ANITY00006,45,45,191,MEDIT00002,Jeonbuk-Gochang-gun,전북특별자치도,MEDIT00002,ANITY00006
재진 진찰료 5kg,전북특별자치도,군산시,3000,7000,7550,18000,ANITY00006,45,45,192,MEDIT00002,Jeonbuk-Gunsan-si,전북특별자치도,MEDIT00002,ANITY00006
재진 진찰료 5kg,전북특별자치도,김제시,5000,5000,6667,10000,ANITY00006,45,45,193,MEDIT00002,Jeonbuk-Gimje-si,전북특별자치도,MEDIT00002,ANITY00006
재진 진찰료 5kg,전북특별자치도,남원시,5000,5000,6667,10000,ANITY00006,45,45,194,MEDIT00002,Jeonbuk-Namwon-si,전북특별자치도,MEDIT00002,ANITY00006
재진 진찰료 5kg,전북특별자치도,부안군,5000,6000,6000,7000,ANITY00006,45,45,196,MEDIT00002,Jeonbuk-Buan-gun,전북특별자치도,MEDIT00002,ANITY00006
재진 진찰료 5kg,전북특별자치도,순창군,3000,6500,6500,10000,ANITY00006,45,45,197,MEDIT00002,Jeonbuk-Sunchang-gun,전북특별자치도,MEDIT00002,ANITY00006
재진 진찰료 5kg,전북특별자치도,완주군,5000,5500,8200,15000,ANITY00006,45,45,198,MEDIT00002,Jeonbuk-Wanju-gun,전북특별자치도,MEDIT00002,ANITY00006
재진 진찰료 5kg,전북특별자치도,익산시,7000,9900,10189,13000,ANITY00006,45,45,199,MEDIT00002,Jeonbuk-Iksan-si,전북특별자치도,MEDIT00002,ANITY00006
재진 진찰료 5kg,전북특별자치도,전주시,4400,6000,7760,20000,ANITY00006,45,45,201,MEDIT00002,Jeonbuk-Jeonju-si,전북특별자치도,MEDIT00002,ANITY00006
재진 진찰료 5kg,전북특별자치도,정읍시,4000,5000,6800,10000,ANITY00006,45,45,202,MEDIT00002,Jeonbuk-Jeongeup-si,전북특별자치도,MEDIT00002,ANITY00006
재진 진찰료 5kg,전라남도,고흥군,7000,7500,7500,8000,ANITY00006,46,46,172,MEDIT00002,Jeonnam-Goheung-gun,전라남도,MEDIT00002,ANITY00006
재진 진찰료 5kg,전라남도,광양시,2000,10000,10800,25000,ANITY00006,46,46,174,MEDIT00002,Jeonnam-Gwangyang-si,전라남도,MEDIT00002,ANITY00006
재진 진찰료 5kg,전라남도,나주시,5000,6500,6333,8000,ANITY00006,46,46,176,MEDIT00002,Jeonnam-Naju-si,전라남도,MEDIT00002,ANITY00006
재진 진찰료 5kg,전라남도,담양군,3000,3000,3000,3000,ANITY00006,46,46,177,MEDIT00002,Jeonnam-Damyang-gun,전라남도,MEDIT00002,ANITY00006
재진 진찰료 5kg,전라남도,목포시,5000,5000,8750,20000,ANITY00006,46,46,178,MEDIT00002,Jeonnam-Mokpo-si,전라남도,MEDIT00002,ANITY00006
재진 진찰료 5kg,전라남도,무안군,4000,5000,5000,6000,ANITY00006,46,46,179,MEDIT00002,Jeonnam-Muan-gun,전라남도,MEDIT00002,ANITY00006
재진 진찰료 5kg,전라남도,순천시,5000,9900,8877,20000,ANITY00006,46,46,180,MEDIT00002,Jeonnam-Suncheon-si,전라남도,MEDIT00002,ANITY00006
재진 진찰료 5kg,전라남도,여수시,3000,4000,4833,10000,ANITY00006,46,46,181,MEDIT00002,Jeonnam-Yeosu-si,전라남도,MEDIT00002,ANITY00006
재진 진찰료 5kg,전라남도,영광군,5000,15000,15000,25000,ANITY00006,46,46,182,MEDIT00002,Jeonnam-Yeonggwang-gun,전라남도,MEDIT00002,ANITY00006
재진 진찰료 5kg,전라남도,장성군,5000,10000,10000,15000,ANITY00006,46,46,185,MEDIT00002,Jeonnam-Jangseong-gun,전라남도,MEDIT00002,ANITY00006
재진 진찰료 5kg,전라남도,장흥군,5000,5500,5500,6000,ANITY00006,46,46,186,MEDIT00002,Jeonnam-Jangheung-gun,전라남도,MEDIT00002,ANITY00006
재진 진찰료 5kg,전라남도,해남군,5000,5000,5000,5000,ANITY00006,46,46,188,MEDIT00002,Jeonnam-Haenam-gun,전라남도,MEDIT00002,ANITY00006
재진 진찰료 5kg,전라남도,화순군,4000,4000,4000,4000,ANITY00006,46,46,189,MEDIT00002,Jeonnam-Hwasun-gun,전라남도,MEDIT00002,ANITY00006
재진 진찰료 5kg,경상북도,경산시,5000,6000,6550,10000,ANITY00006,47,47,69,MEDIT00002,Gyeongbuk-Gyeongsan-si,경상북도,MEDIT00002,ANITY00006
재진 진찰료 5kg,경상북도,경주시,5500,9000,8830,10000,ANITY00006,47,47,70,MEDIT00002,Gyeongbuk-Gyeongju-si,경상북도,MEDIT00002,ANITY00006
재진 진찰료 5kg,경상북도,구미시,3000,6000,7358,29000,ANITY00006,47,47,72,MEDIT00002,Gyeongbuk-Gumi-si,경상북도,MEDIT00002,ANITY00006
재진 진찰료 5kg,경상북도,김천시,5000,5000,5125,5500,ANITY00006,47,47,73,MEDIT00002,Gyeongbuk-Gimcheon-si,경상북도,MEDIT00002,ANITY00006
재진 진찰료 5kg,경상북도,문경시,7000,7000,7000,7000,ANITY00006,47,47,74,MEDIT00002,Gyeongbuk-Mungyeong-si,경상북도,MEDIT00002,ANITY00006
재진 진찰료 5kg,경상북도,상주시,5000,5500,5500,6000,ANITY00006,47,47,75,MEDIT00002,Gyeongbuk-Sangju-si,경상북도,MEDIT00002,ANITY00006
재진 진찰료 5kg,경상북도,성주군,5000,5800,5800,6600,ANITY00006,47,47,76,MEDIT00002,Gyeongbuk-Seongju-gun,경상북도,MEDIT00002,ANITY00006
재진 진찰료 5kg,경상북도,안동시,5000,11000,11167,20000,ANITY00006,47,47,77,MEDIT00002,Gyeongbuk-Andong-si,경상북도,MEDIT00002,ANITY00006
재진 진찰료 5kg,경상북도,영덕군,5000,7500,7500,10000,ANITY00006,47,47,78,MEDIT00002,Gyeongbuk-Yeongdeok-gun,경상북도,MEDIT00002,ANITY00006
재진 진찰료 5kg,경상북도,영주시,3000,8000,8600,15000,ANITY00006,47,47,79,MEDIT00002,Gyeongbuk-Yeongju-si,경상북도,MEDIT00002,ANITY00006
재진 진찰료 5kg,경상북도,영천시,7000,7500,7500,8000,ANITY00006,47,47,80,MEDIT00002,Gyeongbuk-Yeongcheon-si,경상북도,MEDIT00002,ANITY00006
재진 진찰료 5kg,경상북도,예천군,4000,4000,4000,4000,ANITY00006,47,47,81,MEDIT00002,Gyeongbuk-Yecheon-gun,경상북도,MEDIT00002,ANITY00006
재진 진찰료 5kg,경상북도,청도군,3000,4000,4000,5000,ANITY00006,47,47,84,MEDIT00002,Gyeongbuk-Cheongdo-gun,경상북도,MEDIT00002,ANITY00006
재진 진찰료 5kg,경상북도,칠곡군,3300,5000,5100,7000,ANITY00006,47,47,86,MEDIT00002,Gyeongbuk-Chilgok-gun,경상북도,MEDIT00002,ANITY00006
재진 진찰료 5kg,경상북도,포항시,3000,6000,6724,15000,ANITY00006,47,47,87,MEDIT00002,Gyeongbuk-Pohang-si,경상북도,MEDIT00002,ANITY00006
재진 진찰료 5kg,경상남도,거제시,8800,10000,9982,11000,ANITY00006,48,48,50,MEDIT00002,Gyeongnam-Geoje-si,경상남도,MEDIT00002,ANITY00006
재진 진찰료 5kg,경상남도,거창군,5000,5000,5000,5000,ANITY00006,48,48,51,MEDIT00002,Gyeongnam-Geochang-gun,경상남도,MEDIT00002,ANITY00006
재진 진찰료 5kg,경상남도,고성군,5000,5000,6667,10000,ANITY00006,48,48,52,MEDIT00002,Gyeongnam-Goseong-gun,경상남도,MEDIT00002,ANITY00006
재진 진찰료 5kg,경상남도,김해시,4000,6000,6626,10000,ANITY00006,48,48,53,MEDIT00002,Gyeongnam-Gimhae-si,경상남도,MEDIT00002,ANITY00006
재진 진찰료 5kg,경상남도,남해군,5000,5000,5000,5000,ANITY00006,48,48,54,MEDIT00002,Gyeongnam-Namhae-gun,경상남도,MEDIT00002,ANITY00006
재진 진찰료 5kg,경상남도,밀양시,5000,6000,6750,10000,ANITY00006,48,48,55,MEDIT00002,Gyeongnam-Miryang-si,경상남도,MEDIT00002,ANITY00006
재진 진찰료 5kg,경상남도,사천시,5000,5000,6250,9000,ANITY00006,48,48,56,MEDIT00002,Gyeongnam-Sacheon-si,경상남도,MEDIT00002,ANITY00006
재진 진찰료 5kg,경상남도,산청군,3000,5000,5000,7000,ANITY00006,48,48,57,MEDIT00002,Gyeongnam-Sancheong-gun,경상남도,MEDIT00002,ANITY00006
재진 진찰료 5kg,경상남도,양산시,3000,6500,7300,22000,ANITY00006,48,48,58,MEDIT00002,Gyeongnam-Yangsan-si,경상남도,MEDIT00002,ANITY00006
재진 진찰료 5kg,경상남도,진주시,3000,5000,6045,15000,ANITY00006,48,48,60,MEDIT00002,Gyeongnam-Jinju-si,경상남도,MEDIT00002,ANITY00006
재진 진찰료 5kg,경상남도,창녕군,9000,10500,10500,12000,ANITY00006,48,48,61,MEDIT00002,Gyeongnam-Changnyeong-gun,경상남도,MEDIT00002,ANITY00006
재진 진찰료 5kg,경상남도,창원시,9000,12000,11828,19000,ANITY00006,48,48,62,MEDIT00002,Gyeongnam-Changwon-si,경상남도,MEDIT00002,ANITY00006
재진 진찰료 5kg,경상남도,통영시,5000,8000,7644,8800,ANITY00006,48,48,63,MEDIT00002,Gyeongnam-Tongyeong-si,경상남도,MEDIT00002,ANITY00006
재진 진찰료 5kg,경상남도,하동군,3300,5650,5650,8000,ANITY00006,48,48,64,MEDIT00002,Gyeongnam-Hadong-gun,경상남도,MEDIT00002,ANITY00006
재진 진찰료 5kg,경상남도,함안군,5000,5000,20000,50000,ANITY00006,48,48,65,MEDIT00002,Gyeongnam-Haman-gun,경상남도,MEDIT00002,ANITY00006
재진 진찰료 5kg,경상남도,합천군,8100,9050,9050,10000,ANITY00006,48,48,67,MEDIT00002,Gyeongnam-Hapcheon-gu,경상남도,MEDIT00002,ANITY00006
재진 진찰료 5kg,제주특별자치도,서귀포시,3000,6300,7140,15000,ANITY00006,50,50,204,MEDIT00002,Jeju-Seogwipo,제주특별자치도,MEDIT00002,ANITY00006
재진 진찰료 5kg,제주특별자치도,제주시,3000,5500,7285,20000,ANITY00006,50,50,205,MEDIT00002,Jeju-Jeju-si,제주특별자치도,MEDIT00002,ANITY00006
재진 진찰료 10kg,서울특별시,강남구,5000,10000,11155,33000,ANITY00007,11,11,128,MEDIT00002,seoul-Gangnam-gu,서울특별시,MEDIT00002,ANITY00007
재진 진찰료 10kg,서울특별시,강동구,1000,7350,7930,16500,ANITY00007,11,11,129,MEDIT00002,seoul-Gangdong-gu,서울특별시,MEDIT00002,ANITY00007
재진 진찰료 10kg,서울특별시,강북구,5000,7500,8527,20000,ANITY00007,11,11,130,MEDIT00002,seoul-Gangbuk-gu,서울특별시,MEDIT00002,ANITY00007
재진 진찰료 10kg,서울특별시,강서구,3300,8000,7994,11000,ANITY00007,11,11,131,MEDIT00002,seoul-Gangseo-gu,서울특별시,MEDIT00002,ANITY00007
재진 진찰료 10kg,서울특별시,관악구,3000,7000,7691,20000,ANITY00007,11,11,132,MEDIT00002,seoul-Gwanak-gu,서울특별시,MEDIT00002,ANITY00007
재진 진찰료 10kg,서울특별시,광진구,4000,7000,7469,22000,ANITY00007,11,11,133,MEDIT00002,seoul-Gwangjin-gu,서울특별시,MEDIT00002,ANITY00007
재진 진찰료 10kg,서울특별시,구로구,3000,7000,7062,12400,ANITY00007,11,11,134,MEDIT00002,seoul-Guro-gu,서울특별시,MEDIT00002,ANITY00007
재진 진찰료 10kg,서울특별시,금천구,5500,10000,11529,30000,ANITY00007,11,11,135,MEDIT00002,seoul-Geumcheon-gu,서울특별시,MEDIT00002,ANITY00007
재진 진찰료 10kg,서울특별시,노원구,4000,8000,8831,20000,ANITY00007,11,11,136,MEDIT00002,seoul-Nowon-gu,서울특별시,MEDIT00002,ANITY00007
재진 진찰료 10kg,서울특별시,도봉구,3300,6800,7255,14000,ANITY00007,11,11,137,MEDIT00002,seoul-Dobong-gu,서울특별시,MEDIT00002,ANITY00007
재진 진찰료 10kg,서울특별시,동대문구,3300,8000,8200,15000,ANITY00007,11,11,138,MEDIT00002,seoul-Dongdaemun-gu,서울특별시,MEDIT00002,ANITY00007
재진 진찰료 10kg,서울특별시,동작구,4000,7500,7430,11000,ANITY00007,11,11,139,MEDIT00002,seoul-Dongjak-gu,서울특별시,MEDIT00002,ANITY00007
재진 진찰료 10kg,서울특별시,마포구,3000,8000,8115,15000,ANITY00007,11,11,140,MEDIT00002,seoul-Mapo-gu,서울특별시,MEDIT00002,ANITY00007
재진 진찰료 10kg,서울특별시,서대문구,5000,8500,8656,15000,ANITY00007,11,11,141,MEDIT00002,seoul-Seodaemun-gu,서울특별시,MEDIT00002,ANITY00007
재진 진찰료 10kg,서울특별시,서초구,3000,8800,8713,25000,ANITY00007,11,11,142,MEDIT00002,seoul-Seocho-gu,서울특별시,MEDIT00002,ANITY00007
재진 진찰료 10kg,서울특별시,성동구,5000,8000,8930,20000,ANITY00007,11,11,143,MEDIT00002,seoul-Seongdong-gu,서울특별시,MEDIT00002,ANITY00007
재진 진찰료 10kg,서울특별시,성북구,3000,8000,8238,17500,ANITY00007,11,11,144,MEDIT00002,seoul-Seongbuk-gu,서울특별시,MEDIT00002,ANITY00007
재진 진찰료 10kg,서울특별시,송파구,3800,8000,7984,20000,ANITY00007,11,11,145,MEDIT00002,seoul-Songpa-gu,서울특별시,MEDIT00002,ANITY00007
재진 진찰료 10kg,서울특별시,양천구,3000,7350,8264,22000,ANITY00007,11,11,146,MEDIT00002,seoul-Yangcheon-gu,서울특별시,MEDIT00002,ANITY00007
재진 진찰료 10kg,서울특별시,영등포구,5000,8000,8206,16000,ANITY00007,11,11,147,MEDIT00002,seoul-Yeongdeungpo-gu,서울특별시,MEDIT00002,ANITY00007
재진 진찰료 10kg,서울특별시,용산구,5000,6600,7933,13000,ANITY00007,11,11,148,MEDIT00002,seoul-Yongsan-gu,서울특별시,MEDIT00002,ANITY00007
재진 진찰료 10kg,서울특별시,은평구,3000,6500,7658,20000,ANITY00007,11,11,149,MEDIT00002,seoul-Eunpyeong-gu,서울특별시,MEDIT00002,ANITY00007
재진 진찰료 10kg,서울특별시,종로구,5000,8000,8364,15000,ANITY00007,11,11,150,MEDIT00002,seoul-Jongno-gu,서울특별시,MEDIT00002,ANITY00007
재진 진찰료 10kg,서울특별시,중구,5000,10000,10794,30000,ANITY00007,11,11,151,MEDIT00002,seoul-jung-gu,서울특별시,MEDIT00002,ANITY00007
재진 진찰료 10kg,서울특별시,중랑구,5000,8000,8117,12000,ANITY00007,11,11,152,MEDIT00002,seoul-Jungnang-gu,서울특별시,MEDIT00002,ANITY00007
재진 진찰료 10kg,부산광역시,강서구,6000,8500,9020,11000,ANITY00007,26,26,111,MEDIT00002,Busan-Gangseo-gu,부산광역시,MEDIT00002,ANITY00007
재진 진찰료 10kg,부산광역시,금정구,4000,10000,8538,12000,ANITY00007,26,26,112,MEDIT00002,Busan-Geumjeong-gu,부산광역시,MEDIT00002,ANITY00007
재진 진찰료 10kg,부산광역시,기장군,4000,5600,6870,12000,ANITY00007,26,26,113,MEDIT00002,Busan-Gijang-gun,부산광역시,MEDIT00002,ANITY00007
재진 진찰료 10kg,부산광역시,남구,5000,8000,8646,17000,ANITY00007,26,26,114,MEDIT00002,Busan-Nam-gu,부산광역시,MEDIT00002,ANITY00007
재진 진찰료 10kg,부산광역시,동구,6000,10000,9400,12000,ANITY00007,26,26,115,MEDIT00002,Busan-Dong-gu,부산광역시,MEDIT00002,ANITY00007
재진 진찰료 10kg,부산광역시,동래구,3000,8000,7889,12000,ANITY00007,26,26,116,MEDIT00002,Busan-Dongrae-gu,부산광역시,MEDIT00002,ANITY00007
재진 진찰료 10kg,부산광역시,부산진구,3000,8000,7820,14000,ANITY00007,26,26,117,MEDIT00002,Busan-Busanjin-gu,부산광역시,MEDIT00002,ANITY00007
재진 진찰료 10kg,부산광역시,북구,4000,6500,7369,15000,ANITY00007,26,26,118,MEDIT00002,Busan-Buk-gu,부산광역시,MEDIT00002,ANITY00007
재진 진찰료 10kg,부산광역시,사상구,7000,10000,13333,43000,ANITY00007,26,26,119,MEDIT00002,Busan-Sasang-gu,부산광역시,MEDIT00002,ANITY00007
재진 진찰료 10kg,부산광역시,사하구,3500,7000,7833,22000,ANITY00007,26,26,120,MEDIT00002,Busan-Saha-gu,부산광역시,MEDIT00002,ANITY00007
재진 진찰료 10kg,부산광역시,서구,4000,5000,5600,8000,ANITY00007,26,26,121,MEDIT00002,Busan-Seo-gu,부산광역시,MEDIT00002,ANITY00007
재진 진찰료 10kg,부산광역시,수영구,3300,7000,8081,20000,ANITY00007,26,26,122,MEDIT00002,Busan-Suyeong-gu,부산광역시,MEDIT00002,ANITY00007
재진 진찰료 10kg,부산광역시,연제구,5000,9500,9813,20000,ANITY00007,26,26,123,MEDIT00002,Busan-Yeonje-gu,부산광역시,MEDIT00002,ANITY00007
재진 진찰료 10kg,부산광역시,영도구,6000,7700,7567,9000,ANITY00007,26,26,124,MEDIT00002,Busan-Yeongdo-gu,부산광역시,MEDIT00002,ANITY00007
재진 진찰료 10kg,부산광역시,중구,4000,4500,4500,5000,ANITY00007,26,26,125,MEDIT00002,Busan-Jung-gu,부산광역시,MEDIT00002,ANITY00007
재진 진찰료 10kg,부산광역시,해운대구,4400,7000,7957,20000,ANITY00007,26,26,126,MEDIT00002,Busan-Haeundae-gu,부산광역시,MEDIT00002,ANITY00007
재진 진찰료 10kg,대구광역시,남구,5000,6000,7000,12000,ANITY00007,27,27,96,MEDIT00002,Daegu-Nam-gu,대구광역시,MEDIT00002,ANITY00007
재진 진찰료 10kg,대구광역시,달서구,3000,8000,7685,15000,ANITY00007,27,27,97,MEDIT00002,Daegu-Dalseo-gu,대구광역시,MEDIT00002,ANITY00007
재진 진찰료 10kg,대구광역시,달성군,5000,6500,7893,16000,ANITY00007,27,27,98,MEDIT00002,Daegu-Dal-Sung-gun,대구광역시,MEDIT00002,ANITY00007
재진 진찰료 10kg,대구광역시,동구,5000,7000,7250,11000,ANITY00007,27,27,99,MEDIT00002,Daegu-Dong-gu,대구광역시,MEDIT00002,ANITY00007
재진 진찰료 10kg,대구광역시,북구,3000,8000,7587,13000,ANITY00007,27,27,100,MEDIT00002,Daegu-Buk-gu,대구광역시,MEDIT00002,ANITY00007
재진 진찰료 10kg,대구광역시,서구,3000,5000,9978,40000,ANITY00007,27,27,101,MEDIT00002,Daegu-Seo-gu,대구광역시,MEDIT00002,ANITY00007
재진 진찰료 10kg,대구광역시,수성구,5000,9450,9381,25000,ANITY00007,27,27,102,MEDIT00002,Daegu-Suseong-gu,대구광역시,MEDIT00002,ANITY00007
재진 진찰료 10kg,대구광역시,중구,3300,6500,8775,16500,ANITY00007,27,27,103,MEDIT00002,Daegu-Jung-gu,대구광역시,MEDIT00002,ANITY00007
재진 진찰료 10kg,인천광역시,강화군,5000,5000,6000,10000,ANITY00007,28,28,162,MEDIT00002,Incheon-Ganghwa-gun,인천광역시,MEDIT00002,ANITY00007
재진 진찰료 10kg,인천광역시,계양구,5000,8000,12213,61000,ANITY00007,28,28,163,MEDIT00002,Incheon-Gyeyang-gu,인천광역시,MEDIT00002,ANITY00007
재진 진찰료 10kg,인천광역시,남동구,3000,7350,7400,15000,ANITY00007,28,28,164,MEDIT00002,Incheon-Namdong-gu,인천광역시,MEDIT00002,ANITY00007
재진 진찰료 10kg,인천광역시,미추홀구,4000,8000,8694,25000,ANITY00007,28,28,166,MEDIT00002,Incheon-Michuhol-gu,인천광역시,MEDIT00002,ANITY00007
재진 진찰료 10kg,인천광역시,부평구,4000,8000,8458,19500,ANITY00007,28,28,167,MEDIT00002,Incheon-Bupyeong-gu,인천광역시,MEDIT00002,ANITY00007
재진 진찰료 10kg,인천광역시,서구,3000,6000,6933,20000,ANITY00007,28,28,168,MEDIT00002,Incheon-Seo-gu,인천광역시,MEDIT00002,ANITY00007
재진 진찰료 10kg,인천광역시,연수구,3000,7700,7931,17000,ANITY00007,28,28,169,MEDIT00002,Incheon-Yeonsu-gu,인천광역시,MEDIT00002,ANITY00007
재진 진찰료 10kg,인천광역시,중구,5000,5000,5063,5500,ANITY00007,28,28,170,MEDIT00002,Incheon-Jung-gu,인천광역시,MEDIT00002,ANITY00007
재진 진찰료 10kg,광주광역시,광산구,3000,9000,8296,16000,ANITY00007,29,29,89,MEDIT00002,Gwangju-Gwangsan-gu,광주광역시,MEDIT00002,ANITY00007
재진 진찰료 10kg,광주광역시,남구,5000,9900,10347,25000,ANITY00007,29,29,90,MEDIT00002,Gwangju-Nam-gu,광주광역시,MEDIT00002,ANITY00007
재진 진찰료 10kg,광주광역시,동구,5000,9000,8075,10000,ANITY00007,29,29,91,MEDIT00002,Gwangju-Dong-gu,광주광역시,MEDIT00002,ANITY00007
재진 진찰료 10kg,광주광역시,북구,5500,9000,9490,28000,ANITY00007,29,29,92,MEDIT00002,Gwangju-Buk-gu,광주광역시,MEDIT00002,ANITY00007
재진 진찰료 10kg,광주광역시,서구,2500,9000,8236,10000,ANITY00007,29,29,93,MEDIT00002,Gwangju-Seo-gu,광주광역시,MEDIT00002,ANITY00007
재진 진찰료 10kg,대전광역시,대덕구,5000,9000,9500,15000,ANITY00007,30,30,105,MEDIT00002,Daejeon-Daedeok-gu,대전광역시,MEDIT00002,ANITY00007
재진 진찰료 10kg,대전광역시,동구,5000,10000,8677,12000,ANITY00007,30,30,106,MEDIT00002,Daejeon-Dong-gu,대전광역시,MEDIT00002,ANITY00007
재진 진찰료 10kg,대전광역시,서구,5000,10000,11660,30000,ANITY00007,30,30,107,MEDIT00002,Daejeon-Seo-gu,대전광역시,MEDIT00002,ANITY00007
재진 진찰료 10kg,대전광역시,유성구,3000,10000,10650,27000,ANITY00007,30,30,108,MEDIT00002,Daejeon-Yuseong-gu,대전광역시,MEDIT00002,ANITY00007
재진 진찰료 10kg,대전광역시,중구,3000,7000,8108,20000,ANITY00007,30,30,109,MEDIT00002,Daejeon-Jung-gu,대전광역시,MEDIT00002,ANITY00007
재진 진찰료 10kg,울산광역시,남구,5000,9000,9722,15750,ANITY00007,31,31,156,MEDIT00002,Ulsan-Nam-gu,울산광역시,MEDIT00002,ANITY00007
재진 진찰료 10kg,울산광역시,동구,5000,7000,6600,8000,ANITY00007,31,31,157,MEDIT00002,Ulsan-Dong-gu,울산광역시,MEDIT00002,ANITY00007
재진 진찰료 10kg,울산광역시,북구,5000,5000,6463,10000,ANITY00007,31,31,158,MEDIT00002,Ulsan-Buk-gu,울산광역시,MEDIT00002,ANITY00007
재진 진찰료 10kg,울산광역시,울주군,5000,9000,9500,15000,ANITY00007,31,31,159,MEDIT00002,Ulsan-Ulju-gun,울산광역시,MEDIT00002,ANITY00007
재진 진찰료 10kg,울산광역시,중구,5000,8000,9773,33000,ANITY00007,31,31,160,MEDIT00002,Ulsan-Jung-gu,울산광역시,MEDIT00002,ANITY00007
재진 진찰료 10kg,세종특별자치시,세종특별자치시,3000,6250,9415,28300,ANITY00007,36,36,154,MEDIT00002,Sejong-Sejong-si,세종특별자치시,MEDIT00002,ANITY00007
재진 진찰료 10kg,경기도,가평군,5000,5000,5000,5000,ANITY00007,41,41,19,MEDIT00002,Gyeonggi-Gapyeong-gun,경기도,MEDIT00002,ANITY00007
재진 진찰료 10kg,경기도,고양시,3000,7500,8333,25000,ANITY00007,41,41,20,MEDIT00002,Gyeonggi-Goyang-si,경기도,MEDIT00002,ANITY00007
재진 진찰료 10kg,경기도,과천시,4500,5000,6929,10000,ANITY00007,41,41,21,MEDIT00002,Gyeonggi-Gwacheon,경기도,MEDIT00002,ANITY00007
재진 진찰료 10kg,경기도,광명시,4000,7500,7456,11000,ANITY00007,41,41,22,MEDIT00002,Gyeonggi-Gwangmyeong,경기도,MEDIT00002,ANITY00007
재진 진찰료 10kg,경기도,광주시,1000,6500,6958,11000,ANITY00007,41,41,23,MEDIT00002,Gyeonggi-Gwangju-si,경기도,MEDIT00002,ANITY00007
재진 진찰료 10kg,경기도,구리시,3300,7800,7440,12000,ANITY00007,41,41,24,MEDIT00002,Gyeonggi-Guri-si,경기도,MEDIT00002,ANITY00007
재진 진찰료 10kg,경기도,군포시,5000,9000,8909,12000,ANITY00007,41,41,25,MEDIT00002,Gyeonggi-Gunpo,경기도,MEDIT00002,ANITY00007
재진 진찰료 10kg,경기도,김포시,3000,7000,7643,40000,ANITY00007,41,41,26,MEDIT00002,Gyeonggi-Gimpo-si,경기도,MEDIT00002,ANITY00007
재진 진찰료 10kg,경기도,남양주시,4000,7000,7613,18000,ANITY00007,41,41,27,MEDIT00002,Gyeonggi-Namyangju-si,경기도,MEDIT00002,ANITY00007
재진 진찰료 10kg,경기도,동두천시,3300,7000,7050,10000,ANITY00007,41,41,28,MEDIT00002,Gyeonggi-Dongducheon-si,경기도,MEDIT00002,ANITY00007
재진 진찰료 10kg,경기도,부천시,2000,7850,8670,50000,ANITY00007,41,41,29,MEDIT00002,Gyeonggi-Bucheon,경기도,MEDIT00002,ANITY00007
재진 진찰료 10kg,경기도,성남시,3000,8000,8610,24000,ANITY00007,41,41,30,MEDIT00002,Gyeonggi-Seongnam,경기도,MEDIT00002,ANITY00007
재진 진찰료 10kg,경기도,수원시,3000,7000,7972,26000,ANITY00007,41,41,31,MEDIT00002,Gyeonggi-Suwon-si,경기도,MEDIT00002,ANITY00007
재진 진찰료 10kg,경기도,시흥시,3300,5500,6410,12000,ANITY00007,41,41,32,MEDIT00002,Gyeonggi-Siheung,경기도,MEDIT00002,ANITY00007
재진 진찰료 10kg,경기도,안산시,4500,7500,8504,20000,ANITY00007,41,41,33,MEDIT00002,Gyeonggi-Ansan,경기도,MEDIT00002,ANITY00007
재진 진찰료 10kg,경기도,안성시,5000,7500,7480,11000,ANITY00007,41,41,34,MEDIT00002,Gyeonggi-Anseong-si,경기도,MEDIT00002,ANITY00007
재진 진찰료 10kg,경기도,안양시,4000,9000,9008,20000,ANITY00007,41,41,35,MEDIT00002,Gyeonggi-Anyang,경기도,MEDIT00002,ANITY00007
재진 진찰료 10kg,경기도,양주시,5000,6500,6720,10000,ANITY00007,41,41,36,MEDIT00002,Gyeonggi-Yangju-si,경기도,MEDIT00002,ANITY00007
재진 진찰료 10kg,경기도,양평군,4000,6750,7083,10000,ANITY00007,41,41,37,MEDIT00002,Gyeonggi-Yangpyeong-gun,경기도,MEDIT00002,ANITY00007
재진 진찰료 10kg,경기도,여주시,4000,5000,5500,8000,ANITY00007,41,41,38,MEDIT00002,Gyeonggi-Yeoju-si,경기도,MEDIT00002,ANITY00007
재진 진찰료 10kg,경기도,오산시,5000,7850,7393,10800,ANITY00007,41,41,39,MEDIT00002,Gyeonggi-Osan-si,경기도,MEDIT00002,ANITY00007
재진 진찰료 10kg,경기도,용인시,3000,8000,7794,15000,ANITY00007,41,41,40,MEDIT00002,Gyeonggi-Yongin-si,경기도,MEDIT00002,ANITY00007
재진 진찰료 10kg,경기도,의왕시,5000,7000,7667,15000,ANITY00007,41,41,41,MEDIT00002,Gyeonggi-Uiwang,경기도,MEDIT00002,ANITY00007
재진 진찰료 10kg,경기도,의정부시,3000,7000,7063,10000,ANITY00007,41,41,42,MEDIT00002,Gyeonggi-Uijeongbu-si,경기도,MEDIT00002,ANITY00007
재진 진찰료 10kg,경기도,이천시,5000,7000,7458,11000,ANITY00007,41,41,43,MEDIT00002,Gyeonggi-Icheon-si,경기도,MEDIT00002,ANITY00007
재진 진찰료 10kg,경기도,파주시,3000,8000,8694,30000,ANITY00007,41,41,44,MEDIT00002,Gyeonggi-Paju-si,경기도,MEDIT00002,ANITY00007
재진 진찰료 10kg,경기도,평택시,4000,7500,7829,16500,ANITY00007,41,41,45,MEDIT00002,Gyeonggi-Pyeongtaek-si,경기도,MEDIT00002,ANITY00007
재진 진찰료 10kg,경기도,포천시,5000,5000,6667,10000,ANITY00007,41,41,46,MEDIT00002,Gyeonggi-Pocheon-si,경기도,MEDIT00002,ANITY00007
재진 진찰료 10kg,경기도,하남시,5000,7000,7137,12000,ANITY00007,41,41,47,MEDIT00002,Gyeonggi-Hanam-si,경기도,MEDIT00002,ANITY00007
재진 진찰료 10kg,경기도,화성시,4000,7500,7724,30000,ANITY00007,41,41,48,MEDIT00002,Gyeonggi-Hwaseong-si,경기도,MEDIT00002,ANITY00007
재진 진찰료 10kg,강원특별자치도,강릉시,4000,7000,8813,25000,ANITY00007,42,42,2,MEDIT00002,Gangwon-Gangneung-si,강원특별자치도,MEDIT00002,ANITY00007
재진 진찰료 10kg,강원특별자치도,고성군,5000,5000,5000,5000,ANITY00007,42,42,3,MEDIT00002,Gangwon-Gosung-gun,강원특별자치도,MEDIT00002,ANITY00007
재진 진찰료 10kg,강원특별자치도,동해시,8000,10000,9333,10000,ANITY00007,42,42,4,MEDIT00002,Gangwon-Donghae-si,강원특별자치도,MEDIT00002,ANITY00007
재진 진찰료 10kg,강원특별자치도,삼척시,5000,5000,6333,9000,ANITY00007,42,42,5,MEDIT00002,Gangwon-Samcheok-si,강원특별자치도,MEDIT00002,ANITY00007
재진 진찰료 10kg,강원특별자치도,속초시,5000,9400,8450,10000,ANITY00007,42,42,6,MEDIT00002,Gangwon-Sokcho-si,강원특별자치도,MEDIT00002,ANITY00007
재진 진찰료 10kg,강원특별자치도,양양군,5000,5000,5533,6600,ANITY00007,42,42,8,MEDIT00002,Gangwon-Yangyang-gun,강원특별자치도,MEDIT00002,ANITY00007
재진 진찰료 10kg,강원특별자치도,영월군,6000,9500,9500,13000,ANITY00007,42,42,9,MEDIT00002,Gangwon-Yeongwol-gun,강원특별자치도,MEDIT00002,ANITY00007
재진 진찰료 10kg,강원특별자치도,원주시,5000,7000,7705,12000,ANITY00007,42,42,10,MEDIT00002,Gangwon-Wonju-si,강원특별자치도,MEDIT00002,ANITY00007
재진 진찰료 10kg,강원특별자치도,인제군,5000,6000,7000,10000,ANITY00007,42,42,11,MEDIT00002,Gangwon-Inje-gun,강원특별자치도,MEDIT00002,ANITY00007
재진 진찰료 10kg,강원특별자치도,정선군,10000,10000,10000,10000,ANITY00007,42,42,12,MEDIT00002,Gangwon-Jeongseon-gun,강원특별자치도,MEDIT00002,ANITY00007
재진 진찰료 10kg,강원특별자치도,춘천시,3000,9000,7882,11000,ANITY00007,42,42,13,MEDIT00002,Gangwon-Chuncheon-si,강원특별자치도,MEDIT00002,ANITY00007
재진 진찰료 10kg,강원특별자치도,태백시,4000,4000,4000,4000,ANITY00007,42,42,14,MEDIT00002,Gangwon-Taebaek-si,강원특별자치도,MEDIT00002,ANITY00007
재진 진찰료 10kg,강원특별자치도,홍천군,2000,5500,5680,8000,ANITY00007,42,42,15,MEDIT00002,Gangwon-Hongcheon-gun,강원특별자치도,MEDIT00002,ANITY00007
재진 진찰료 10kg,강원특별자치도,화천군,8000,14000,14000,20000,ANITY00007,42,42,16,MEDIT00002,Gangwon-Hwacheon-gun,강원특별자치도,MEDIT00002,ANITY00007
재진 진찰료 10kg,강원특별자치도,횡성군,5000,10000,10000,15000,ANITY00007,42,42,17,MEDIT00002,Gangwon-Hoengseong-gun,강원특별자치도,MEDIT00002,ANITY00007
재진 진찰료 10kg,충청북도,괴산군,10000,10000,10000,10000,ANITY00007,43,43,223,MEDIT00002,Chungbuk-Goesan-gun,충청북도,MEDIT00002,ANITY00007
재진 진찰료 10kg,충청북도,보은군,5000,5000,5000,5000,ANITY00007,43,43,225,MEDIT00002,Chungbuk-Boeun-gun,충청북도,MEDIT00002,ANITY00007
재진 진찰료 10kg,충청북도,영동군,5000,10000,8333,10000,ANITY00007,43,43,226,MEDIT00002,Chungbuk-Yeongdong-gun,충청북도,MEDIT00002,ANITY00007
재진 진찰료 10kg,충청북도,옥천군,5000,5000,6667,10000,ANITY00007,43,43,227,MEDIT00002,Chungbuk-Okcheon-gun,충청북도,MEDIT00002,ANITY00007
재진 진찰료 10kg,충청북도,음성군,5000,5000,5000,5000,ANITY00007,43,43,228,MEDIT00002,Chungbuk-Eumseong-gun,충청북도,MEDIT00002,ANITY00007
재진 진찰료 10kg,충청북도,제천시,5000,8800,8650,12000,ANITY00007,43,43,229,MEDIT00002,Chungbuk-Jecheon-si,충청북도,MEDIT00002,ANITY00007
재진 진찰료 10kg,충청북도,증평군,5000,16000,16000,27000,ANITY00007,43,43,230,MEDIT00002,Chungbuk-Jeungpyeong-gun,충청북도,MEDIT00002,ANITY00007
재진 진찰료 10kg,충청북도,진천군,5500,6250,6700,8800,ANITY00007,43,43,231,MEDIT00002,Chungbuk-Jincheon-gun,충청북도,MEDIT00002,ANITY00007
재진 진찰료 10kg,충청북도,청주시,4000,7000,7448,12200,ANITY00007,43,43,232,MEDIT00002,Chungbuk-Cheongju-si,충청북도,MEDIT00002,ANITY00007
재진 진찰료 10kg,충청북도,충주시,7000,8500,8625,10000,ANITY00007,43,43,233,MEDIT00002,Chungbuk-Chungju-si,충청북도,MEDIT00002,ANITY00007
재진 진찰료 10kg,충청남도,계룡시,5500,5500,6333,8000,ANITY00007,44,44,207,MEDIT00002,Chungnam-Gyeryong-si,충청남도,MEDIT00002,ANITY00007
재진 진찰료 10kg,충청남도,공주시,10000,16250,14950,17300,ANITY00007,44,44,208,MEDIT00002,Chungnam-Gongju-si,충청남도,MEDIT00002,ANITY00007
재진 진찰료 10kg,충청남도,금산군,5000,5000,5000,5000,ANITY00007,44,44,209,MEDIT00002,Chungnam-Geumsan-gun,충청남도,MEDIT00002,ANITY00007
재진 진찰료 10kg,충청남도,논산시,9500,9900,11133,14000,ANITY00007,44,44,210,MEDIT00002,Chungnam-Nonsan-si,충청남도,MEDIT00002,ANITY00007
재진 진찰료 10kg,충청남도,당진시,5000,8000,7943,10000,ANITY00007,44,44,211,MEDIT00002,Chungnam-Dangjin-si,충청남도,MEDIT00002,ANITY00007
재진 진찰료 10kg,충청남도,보령시,5000,10000,8333,10000,ANITY00007,44,44,212,MEDIT00002,Chungnam-Boryeong-si,충청남도,MEDIT00002,ANITY00007
재진 진찰료 10kg,충청남도,부여군,5000,10000,8667,11000,ANITY00007,44,44,213,MEDIT00002,Chungnam-Buyeo-gun,충청남도,MEDIT00002,ANITY00007
재진 진찰료 10kg,충청남도,서산시,5000,8000,8444,15000,ANITY00007,44,44,214,MEDIT00002,Chungnam-Seosan-si,충청남도,MEDIT00002,ANITY00007
재진 진찰료 10kg,충청남도,서천군,5000,5000,5000,5000,ANITY00007,44,44,215,MEDIT00002,Chungnam-Seocheon-gun,충청남도,MEDIT00002,ANITY00007
재진 진찰료 10kg,충청남도,아산시,5000,7700,8169,16500,ANITY00007,44,44,216,MEDIT00002,Chungnam-Asan-si,충청남도,MEDIT00002,ANITY00007
재진 진찰료 10kg,충청남도,예산군,6600,6600,6600,6600,ANITY00007,44,44,217,MEDIT00002,Chungnam-Yesan-gun,충청남도,MEDIT00002,ANITY00007
재진 진찰료 10kg,충청남도,천안시,4000,10000,9508,30000,ANITY00007,44,44,218,MEDIT00002,Chungnam-Cheonan-si,충청남도,MEDIT00002,ANITY00007
재진 진찰료 10kg,충청남도,태안군,6000,8500,8500,11000,ANITY00007,44,44,220,MEDIT00002,Chungnam-Taean-gu,충청남도,MEDIT00002,ANITY00007
재진 진찰료 10kg,충청남도,홍성군,4400,7700,9514,20000,ANITY00007,44,44,221,MEDIT00002,Chungnam-Hongseong-gun,충청남도,MEDIT00002,ANITY00007
재진 진찰료 10kg,전북특별자치도,고창군,10000,20000,20000,30000,ANITY00007,45,45,191,MEDIT00002,Jeonbuk-Gochang-gun,전북특별자치도,MEDIT00002,ANITY00007
재진 진찰료 10kg,전북특별자치도,군산시,3000,7000,8133,24000,ANITY00007,45,45,192,MEDIT00002,Jeonbuk-Gunsan-si,전북특별자치도,MEDIT00002,ANITY00007
재진 진찰료 10kg,전북특별자치도,김제시,5000,10000,8333,10000,ANITY00007,45,45,193,MEDIT00002,Jeonbuk-Gimje-si,전북특별자치도,MEDIT00002,ANITY00007
재진 진찰료 10kg,전북특별자치도,남원시,5000,5000,6667,10000,ANITY00007,45,45,194,MEDIT00002,Jeonbuk-Namwon-si,전북특별자치도,MEDIT00002,ANITY00007
재진 진찰료 10kg,전북특별자치도,부안군,5000,6000,6000,7000,ANITY00007,45,45,196,MEDIT00002,Jeonbuk-Buan-gun,전북특별자치도,MEDIT00002,ANITY00007
재진 진찰료 10kg,전북특별자치도,순창군,3000,6500,6500,10000,ANITY00007,45,45,197,MEDIT00002,Jeonbuk-Sunchang-gun,전북특별자치도,MEDIT00002,ANITY00007
재진 진찰료 10kg,전북특별자치도,완주군,5000,5500,8200,15000,ANITY00007,45,45,198,MEDIT00002,Jeonbuk-Wanju-gun,전북특별자치도,MEDIT00002,ANITY00007
재진 진찰료 10kg,전북특별자치도,익산시,7000,9900,10189,13000,ANITY00007,45,45,199,MEDIT00002,Jeonbuk-Iksan-si,전북특별자치도,MEDIT00002,ANITY00007
재진 진찰료 10kg,전북특별자치도,전주시,4400,6000,7728,20000,ANITY00007,45,45,201,MEDIT00002,Jeonbuk-Jeonju-si,전북특별자치도,MEDIT00002,ANITY00007
재진 진찰료 10kg,전북특별자치도,정읍시,4000,5000,6800,10000,ANITY00007,45,45,202,MEDIT00002,Jeonbuk-Jeongeup-si,전북특별자치도,MEDIT00002,ANITY00007
재진 진찰료 10kg,전라남도,고흥군,7000,7500,7500,8000,ANITY00007,46,46,172,MEDIT00002,Jeonnam-Goheung-gun,전라남도,MEDIT00002,ANITY00007
재진 진찰료 10kg,전라남도,광양시,2000,10000,12400,25000,ANITY00007,46,46,174,MEDIT00002,Jeonnam-Gwangyang-si,전라남도,MEDIT00002,ANITY00007
재진 진찰료 10kg,전라남도,나주시,5000,7000,7667,13000,ANITY00007,46,46,176,MEDIT00002,Jeonnam-Naju-si,전라남도,MEDIT00002,ANITY00007
재진 진찰료 10kg,전라남도,담양군,3000,3000,3000,3000,ANITY00007,46,46,177,MEDIT00002,Jeonnam-Damyang-gun,전라남도,MEDIT00002,ANITY00007
재진 진찰료 10kg,전라남도,목포시,5000,5000,5000,5000,ANITY00007,46,46,178,MEDIT00002,Jeonnam-Mokpo-si,전라남도,MEDIT00002,ANITY00007
재진 진찰료 10kg,전라남도,무안군,4000,5000,5000,6000,ANITY00007,46,46,179,MEDIT00002,Jeonnam-Muan-gun,전라남도,MEDIT00002,ANITY00007
재진 진찰료 10kg,전라남도,순천시,5000,9900,8954,20000,ANITY00007,46,46,180,MEDIT00002,Jeonnam-Suncheon-si,전라남도,MEDIT00002,ANITY00007
재진 진찰료 10kg,전라남도,여수시,3000,5000,5500,10000,ANITY00007,46,46,181,MEDIT00002,Jeonnam-Yeosu-si,전라남도,MEDIT00002,ANITY00007
재진 진찰료 10kg,전라남도,영광군,5000,15000,15000,25000,ANITY00007,46,46,182,MEDIT00002,Jeonnam-Yeonggwang-gun,전라남도,MEDIT00002,ANITY00007
재진 진찰료 10kg,전라남도,장성군,5000,10000,10000,15000,ANITY00007,46,46,185,MEDIT00002,Jeonnam-Jangseong-gun,전라남도,MEDIT00002,ANITY00007
재진 진찰료 10kg,전라남도,장흥군,5000,6500,6500,8000,ANITY00007,46,46,186,MEDIT00002,Jeonnam-Jangheung-gun,전라남도,MEDIT00002,ANITY00007
재진 진찰료 10kg,전라남도,해남군,5000,5000,5000,5000,ANITY00007,46,46,188,MEDIT00002,Jeonnam-Haenam-gun,전라남도,MEDIT00002,ANITY00007
재진 진찰료 10kg,전라남도,화순군,4000,4000,4000,4000,ANITY00007,46,46,189,MEDIT00002,Jeonnam-Hwasun-gun,전라남도,MEDIT00002,ANITY00007
재진 진찰료 10kg,경상북도,경산시,5000,6850,8014,20000,ANITY00007,47,47,69,MEDIT00002,Gyeongbuk-Gyeongsan-si,경상북도,MEDIT00002,ANITY00007
재진 진찰료 10kg,경상북도,경주시,5500,9000,8930,11000,ANITY00007,47,47,70,MEDIT00002,Gyeongbuk-Gyeongju-si,경상북도,MEDIT00002,ANITY00007
재진 진찰료 10kg,경상북도,구미시,3000,6000,7446,29000,ANITY00007,47,47,72,MEDIT00002,Gyeongbuk-Gumi-si,경상북도,MEDIT00002,ANITY00007
재진 진찰료 10kg,경상북도,김천시,5000,5000,5125,5500,ANITY00007,47,47,73,MEDIT00002,Gyeongbuk-Gimcheon-si,경상북도,MEDIT00002,ANITY00007
재진 진찰료 10kg,경상북도,문경시,7000,7000,7000,7000,ANITY00007,47,47,74,MEDIT00002,Gyeongbuk-Mungyeong-si,경상북도,MEDIT00002,ANITY00007
재진 진찰료 10kg,경상북도,상주시,5000,5500,5500,6000,ANITY00007,47,47,75,MEDIT00002,Gyeongbuk-Sangju-si,경상북도,MEDIT00002,ANITY00007
재진 진찰료 10kg,경상북도,성주군,5000,5800,5800,6600,ANITY00007,47,47,76,MEDIT00002,Gyeongbuk-Seongju-gun,경상북도,MEDIT00002,ANITY00007
재진 진찰료 10kg,경상북도,안동시,5000,11000,11167,20000,ANITY00007,47,47,77,MEDIT00002,Gyeongbuk-Andong-si,경상북도,MEDIT00002,ANITY00007
재진 진찰료 10kg,경상북도,영덕군,5000,7500,7500,10000,ANITY00007,47,47,78,MEDIT00002,Gyeongbuk-Yeongdeok-gun,경상북도,MEDIT00002,ANITY00007
재진 진찰료 10kg,경상북도,영주시,3000,10000,9800,15000,ANITY00007,47,47,79,MEDIT00002,Gyeongbuk-Yeongju-si,경상북도,MEDIT00002,ANITY00007
재진 진찰료 10kg,경상북도,영천시,7000,7500,7500,8000,ANITY00007,47,47,80,MEDIT00002,Gyeongbuk-Yeongcheon-si,경상북도,MEDIT00002,ANITY00007
재진 진찰료 10kg,경상북도,예천군,4000,4000,4000,4000,ANITY00007,47,47,81,MEDIT00002,Gyeongbuk-Yecheon-gun,경상북도,MEDIT00002,ANITY00007
재진 진찰료 10kg,경상북도,청도군,3000,4000,4000,5000,ANITY00007,47,47,84,MEDIT00002,Gyeongbuk-Cheongdo-gun,경상북도,MEDIT00002,ANITY00007
재진 진찰료 10kg,경상북도,칠곡군,5000,5500,5833,7000,ANITY00007,47,47,86,MEDIT00002,Gyeongbuk-Chilgok-gun,경상북도,MEDIT00002,ANITY00007
재진 진찰료 10kg,경상북도,포항시,3000,8000,7584,15000,ANITY00007,47,47,87,MEDIT00002,Gyeongbuk-Pohang-si,경상북도,MEDIT00002,ANITY00007
재진 진찰료 10kg,경상남도,거제시,8800,10000,9982,11000,ANITY00007,48,48,50,MEDIT00002,Gyeongnam-Geoje-si,경상남도,MEDIT00002,ANITY00007
재진 진찰료 10kg,경상남도,거창군,5000,5000,5000,5000,ANITY00007,48,48,51,MEDIT00002,Gyeongnam-Geochang-gun,경상남도,MEDIT00002,ANITY00007
재진 진찰료 10kg,경상남도,고성군,5000,5000,6667,10000,ANITY00007,48,48,52,MEDIT00002,Gyeongnam-Goseong-gun,경상남도,MEDIT00002,ANITY00007
재진 진찰료 10kg,경상남도,김해시,4000,6500,7185,15000,ANITY00007,48,48,53,MEDIT00002,Gyeongnam-Gimhae-si,경상남도,MEDIT00002,ANITY00007
재진 진찰료 10kg,경상남도,남해군,5000,5000,5000,5000,ANITY00007,48,48,54,MEDIT00002,Gyeongnam-Namhae-gun,경상남도,MEDIT00002,ANITY00007
재진 진찰료 10kg,경상남도,밀양시,5000,8500,8000,10000,ANITY00007,48,48,55,MEDIT00002,Gyeongnam-Miryang-si,경상남도,MEDIT00002,ANITY00007
재진 진찰료 10kg,경상남도,사천시,5000,5000,6250,9000,ANITY00007,48,48,56,MEDIT00002,Gyeongnam-Sacheon-si,경상남도,MEDIT00002,ANITY00007
재진 진찰료 10kg,경상남도,산청군,3000,5000,5000,7000,ANITY00007,48,48,57,MEDIT00002,Gyeongnam-Sancheong-gun,경상남도,MEDIT00002,ANITY00007
재진 진찰료 10kg,경상남도,양산시,3000,7000,7915,22000,ANITY00007,48,48,58,MEDIT00002,Gyeongnam-Yangsan-si,경상남도,MEDIT00002,ANITY00007
재진 진찰료 10kg,경상남도,진주시,3000,5000,6136,15000,ANITY00007,48,48,60,MEDIT00002,Gyeongnam-Jinju-si,경상남도,MEDIT00002,ANITY00007
재진 진찰료 10kg,경상남도,창녕군,9000,10500,10500,12000,ANITY00007,48,48,61,MEDIT00002,Gyeongnam-Changnyeong-gun,경상남도,MEDIT00002,ANITY00007
재진 진찰료 10kg,경상남도,창원시,9000,12000,11859,19000,ANITY00007,48,48,62,MEDIT00002,Gyeongnam-Changwon-si,경상남도,MEDIT00002,ANITY00007
재진 진찰료 10kg,경상남도,통영시,5000,8000,7756,8800,ANITY00007,48,48,63,MEDIT00002,Gyeongnam-Tongyeong-si,경상남도,MEDIT00002,ANITY00007
재진 진찰료 10kg,경상남도,하동군,3300,5650,5650,8000,ANITY00007,48,48,64,MEDIT00002,Gyeongnam-Hadong-gun,경상남도,MEDIT00002,ANITY00007
재진 진찰료 10kg,경상남도,함안군,5000,5000,20000,50000,ANITY00007,48,48,65,MEDIT00002,Gyeongnam-Haman-gun,경상남도,MEDIT00002,ANITY00007
재진 진찰료 10kg,경상남도,합천군,8100,9050,9050,10000,ANITY00007,48,48,67,MEDIT00002,Gyeongnam-Hapcheon-gu,경상남도,MEDIT00002,ANITY00007
재진 진찰료 10kg,제주특별자치도,서귀포시,3000,6300,7240,15000,ANITY00007,50,50,204,MEDIT00002,Jeju-Seogwipo,제주특별자치도,MEDIT00002,ANITY00007
재진 진찰료 10kg,제주특별자치도,제주시,3000,5500,7340,20000,ANITY00007,50,50,205,MEDIT00002,Jeju-Jeju-si,제주특별자치도,MEDIT00002,ANITY00007
재진 진찰료 20kg,서울특별시,강남구,5000,10000,11662,33000,ANITY00008,11,11,128,MEDIT00002,seoul-Gangnam-gu,서울특별시,MEDIT00002,ANITY00008
재진 진찰료 20kg,서울특별시,강동구,1000,7700,8628,20000,ANITY00008,11,11,129,MEDIT00002,seoul-Gangdong-gu,서울특별시,MEDIT00002,ANITY00008
재진 진찰료 20kg,서울특별시,강북구,5000,8500,9527,30000,ANITY00008,11,11,130,MEDIT00002,seoul-Gangbuk-gu,서울특별시,MEDIT00002,ANITY00008
재진 진찰료 20kg,서울특별시,강서구,3300,8400,8456,15000,ANITY00008,11,11,131,MEDIT00002,seoul-Gangseo-gu,서울특별시,MEDIT00002,ANITY00008
재진 진찰료 20kg,서울특별시,관악구,3000,8000,7829,15000,ANITY00008,11,11,132,MEDIT00002,seoul-Gwanak-gu,서울특별시,MEDIT00002,ANITY00008
재진 진찰료 20kg,서울특별시,광진구,4000,7000,7739,22000,ANITY00008,11,11,133,MEDIT00002,seoul-Gwangjin-gu,서울특별시,MEDIT00002,ANITY00008
재진 진찰료 20kg,서울특별시,구로구,3000,7000,7100,12400,ANITY00008,11,11,134,MEDIT00002,seoul-Guro-gu,서울특별시,MEDIT00002,ANITY00008
재진 진찰료 20kg,서울특별시,금천구,5500,10500,12243,30000,ANITY00008,11,11,135,MEDIT00002,seoul-Geumcheon-gu,서울특별시,MEDIT00002,ANITY00008
재진 진찰료 20kg,서울특별시,노원구,4000,8000,9231,20000,ANITY00008,11,11,136,MEDIT00002,seoul-Nowon-gu,서울특별시,MEDIT00002,ANITY00008
재진 진찰료 20kg,서울특별시,도봉구,3300,7350,7923,15000,ANITY00008,11,11,137,MEDIT00002,seoul-Dobong-gu,서울특별시,MEDIT00002,ANITY00008
재진 진찰료 20kg,서울특별시,동대문구,3300,9000,8752,15000,ANITY00008,11,11,138,MEDIT00002,seoul-Dongdaemun-gu,서울특별시,MEDIT00002,ANITY00008
재진 진찰료 20kg,서울특별시,동작구,4000,7500,7980,18000,ANITY00008,11,11,139,MEDIT00002,seoul-Dongjak-gu,서울특별시,MEDIT00002,ANITY00008
재진 진찰료 20kg,서울특별시,마포구,3000,8800,8533,15000,ANITY00008,11,11,140,MEDIT00002,seoul-Mapo-gu,서울특별시,MEDIT00002,ANITY00008
재진 진찰료 20kg,서울특별시,서대문구,5000,10000,9531,15000,ANITY00008,11,11,141,MEDIT00002,seoul-Seodaemun-gu,서울특별시,MEDIT00002,ANITY00008
재진 진찰료 20kg,서울특별시,서초구,3000,8800,9136,35000,ANITY00008,11,11,142,MEDIT00002,seoul-Seocho-gu,서울특별시,MEDIT00002,ANITY00008
재진 진찰료 20kg,서울특별시,성동구,5000,9250,9582,20000,ANITY00008,11,11,143,MEDIT00002,seoul-Seongdong-gu,서울특별시,MEDIT00002,ANITY00008
재진 진찰료 20kg,서울특별시,성북구,3000,8000,8455,20000,ANITY00008,11,11,144,MEDIT00002,seoul-Seongbuk-gu,서울특별시,MEDIT00002,ANITY00008
재진 진찰료 20kg,서울특별시,송파구,3800,8000,8432,25000,ANITY00008,11,11,145,MEDIT00002,seoul-Songpa-gu,서울특별시,MEDIT00002,ANITY00008
재진 진찰료 20kg,서울특별시,양천구,3000,8000,9393,30000,ANITY00008,11,11,146,MEDIT00002,seoul-Yangcheon-gu,서울특별시,MEDIT00002,ANITY00008
재진 진찰료 20kg,서울특별시,영등포구,5000,8000,8381,16000,ANITY00008,11,11,147,MEDIT00002,seoul-Yeongdeungpo-gu,서울특별시,MEDIT00002,ANITY00008
재진 진찰료 20kg,서울특별시,용산구,5000,6600,8671,20000,ANITY00008,11,11,148,MEDIT00002,seoul-Yongsan-gu,서울특별시,MEDIT00002,ANITY00008
재진 진찰료 20kg,서울특별시,은평구,3000,7000,8164,20000,ANITY00008,11,11,149,MEDIT00002,seoul-Eunpyeong-gu,서울특별시,MEDIT00002,ANITY00008
재진 진찰료 20kg,서울특별시,종로구,5000,9000,9182,20000,ANITY00008,11,11,150,MEDIT00002,seoul-Jongno-gu,서울특별시,MEDIT00002,ANITY00008
재진 진찰료 20kg,서울특별시,중구,5000,10000,11088,30000,ANITY00008,11,11,151,MEDIT00002,seoul-jung-gu,서울특별시,MEDIT00002,ANITY00008
재진 진찰료 20kg,서울특별시,중랑구,5000,8000,9035,30000,ANITY00008,11,11,152,MEDIT00002,seoul-Jungnang-gu,서울특별시,MEDIT00002,ANITY00008
재진 진찰료 20kg,부산광역시,강서구,8000,8750,9720,15000,ANITY00008,26,26,111,MEDIT00002,Busan-Gangseo-gu,부산광역시,MEDIT00002,ANITY00008
재진 진찰료 20kg,부산광역시,금정구,4000,10000,9077,12000,ANITY00008,26,26,112,MEDIT00002,Busan-Geumjeong-gu,부산광역시,MEDIT00002,ANITY00008
재진 진찰료 20kg,부산광역시,기장군,4000,5600,7070,12000,ANITY00008,26,26,113,MEDIT00002,Busan-Gijang-gun,부산광역시,MEDIT00002,ANITY00008
재진 진찰료 20kg,부산광역시,남구,5000,10000,9277,17000,ANITY00008,26,26,114,MEDIT00002,Busan-Nam-gu,부산광역시,MEDIT00002,ANITY00008
재진 진찰료 20kg,부산광역시,동구,6000,10000,9800,14000,ANITY00008,26,26,115,MEDIT00002,Busan-Dong-gu,부산광역시,MEDIT00002,ANITY00008
재진 진찰료 20kg,부산광역시,동래구,3000,8000,8000,12000,ANITY00008,26,26,116,MEDIT00002,Busan-Dongrae-gu,부산광역시,MEDIT00002,ANITY00008
재진 진찰료 20kg,부산광역시,부산진구,3000,8000,8264,15000,ANITY00008,26,26,117,MEDIT00002,Busan-Busanjin-gu,부산광역시,MEDIT00002,ANITY00008
재진 진찰료 20kg,부산광역시,북구,4400,6500,8244,20000,ANITY00008,26,26,118,MEDIT00002,Busan-Buk-gu,부산광역시,MEDIT00002,ANITY00008
재진 진찰료 20kg,부산광역시,사상구,7000,10000,13333,43000,ANITY00008,26,26,119,MEDIT00002,Busan-Sasang-gu,부산광역시,MEDIT00002,ANITY00008
재진 진찰료 20kg,부산광역시,사하구,3500,8000,8700,30000,ANITY00008,26,26,120,MEDIT00002,Busan-Saha-gu,부산광역시,MEDIT00002,ANITY00008
재진 진찰료 20kg,부산광역시,서구,4000,6000,6800,12000,ANITY00008,26,26,121,MEDIT00002,Busan-Seo-gu,부산광역시,MEDIT00002,ANITY00008
재진 진찰료 20kg,부산광역시,수영구,3300,8000,8414,20000,ANITY00008,26,26,122,MEDIT00002,Busan-Suyeong-gu,부산광역시,MEDIT00002,ANITY00008
재진 진찰료 20kg,부산광역시,연제구,5000,10000,10125,20000,ANITY00008,26,26,123,MEDIT00002,Busan-Yeonje-gu,부산광역시,MEDIT00002,ANITY00008
재진 진찰료 20kg,부산광역시,영도구,7700,8000,9233,12000,ANITY00008,26,26,124,MEDIT00002,Busan-Yeongdo-gu,부산광역시,MEDIT00002,ANITY00008
재진 진찰료 20kg,부산광역시,중구,4000,7000,7000,10000,ANITY00008,26,26,125,MEDIT00002,Busan-Jung-gu,부산광역시,MEDIT00002,ANITY00008
재진 진찰료 20kg,부산광역시,해운대구,5000,8000,8438,25000,ANITY00008,26,26,126,MEDIT00002,Busan-Haeundae-gu,부산광역시,MEDIT00002,ANITY00008
재진 진찰료 20kg,대구광역시,남구,5000,6000,7833,17000,ANITY00008,27,27,96,MEDIT00002,Daegu-Nam-gu,대구광역시,MEDIT00002,ANITY00008
재진 진찰료 20kg,대구광역시,달서구,3000,8000,8445,20000,ANITY00008,27,27,97,MEDIT00002,Daegu-Dalseo-gu,대구광역시,MEDIT00002,ANITY00008
재진 진찰료 20kg,대구광역시,달성군,5000,7000,8464,20000,ANITY00008,27,27,98,MEDIT00002,Daegu-Dal-Sung-gun,대구광역시,MEDIT00002,ANITY00008
재진 진찰료 20kg,대구광역시,동구,5000,7000,7750,15000,ANITY00008,27,27,99,MEDIT00002,Daegu-Dong-gu,대구광역시,MEDIT00002,ANITY00008
재진 진찰료 20kg,대구광역시,북구,5000,8000,8065,15000,ANITY00008,27,27,100,MEDIT00002,Daegu-Buk-gu,대구광역시,MEDIT00002,ANITY00008
재진 진찰료 20kg,대구광역시,서구,3000,5000,10756,45000,ANITY00008,27,27,101,MEDIT00002,Daegu-Seo-gu,대구광역시,MEDIT00002,ANITY00008
재진 진찰료 20kg,대구광역시,수성구,5000,10000,10450,25000,ANITY00008,27,27,102,MEDIT00002,Daegu-Suseong-gu,대구광역시,MEDIT00002,ANITY00008
재진 진찰료 20kg,대구광역시,중구,5000,10000,10273,16500,ANITY00008,27,27,103,MEDIT00002,Daegu-Jung-gu,대구광역시,MEDIT00002,ANITY00008
재진 진찰료 20kg,인천광역시,강화군,5000,5000,6000,10000,ANITY00008,28,28,162,MEDIT00002,Incheon-Ganghwa-gun,인천광역시,MEDIT00002,ANITY00008
재진 진찰료 20kg,인천광역시,계양구,5000,8000,13080,61000,ANITY00008,28,28,163,MEDIT00002,Incheon-Gyeyang-gu,인천광역시,MEDIT00002,ANITY00008
재진 진찰료 20kg,인천광역시,남동구,3000,7850,8167,20000,ANITY00008,28,28,164,MEDIT00002,Incheon-Namdong-gu,인천광역시,MEDIT00002,ANITY00008
재진 진찰료 20kg,인천광역시,미추홀구,5500,8400,9317,30000,ANITY00008,28,28,166,MEDIT00002,Incheon-Michuhol-gu,인천광역시,MEDIT00002,ANITY00008
재진 진찰료 20kg,인천광역시,부평구,5000,9000,9400,20000,ANITY00008,28,28,167,MEDIT00002,Incheon-Bupyeong-gu,인천광역시,MEDIT00002,ANITY00008
재진 진찰료 20kg,인천광역시,서구,3000,6800,8029,30000,ANITY00008,28,28,168,MEDIT00002,Incheon-Seo-gu,인천광역시,MEDIT00002,ANITY00008
재진 진찰료 20kg,인천광역시,연수구,3000,10000,9426,19500,ANITY00008,28,28,169,MEDIT00002,Incheon-Yeonsu-gu,인천광역시,MEDIT00002,ANITY00008
재진 진찰료 20kg,인천광역시,중구,5000,5000,5063,5500,ANITY00008,28,28,170,MEDIT00002,Incheon-Jung-gu,인천광역시,MEDIT00002,ANITY00008
재진 진찰료 20kg,광주광역시,광산구,3000,9000,8741,20000,ANITY00008,29,29,89,MEDIT00002,Gwangju-Gwangsan-gu,광주광역시,MEDIT00002,ANITY00008
재진 진찰료 20kg,광주광역시,남구,5000,10000,11406,35000,ANITY00008,29,29,90,MEDIT00002,Gwangju-Nam-gu,광주광역시,MEDIT00002,ANITY00008
재진 진찰료 20kg,광주광역시,동구,5000,9000,8450,10000,ANITY00008,29,29,91,MEDIT00002,Gwangju-Dong-gu,광주광역시,MEDIT00002,ANITY00008
재진 진찰료 20kg,광주광역시,북구,5500,9000,10824,38000,ANITY00008,29,29,92,MEDIT00002,Gwangju-Buk-gu,광주광역시,MEDIT00002,ANITY00008
재진 진찰료 20kg,광주광역시,서구,2500,9000,8750,20000,ANITY00008,29,29,93,MEDIT00002,Gwangju-Seo-gu,광주광역시,MEDIT00002,ANITY00008
재진 진찰료 20kg,대전광역시,대덕구,5000,9000,10300,20000,ANITY00008,30,30,105,MEDIT00002,Daejeon-Daedeok-gu,대전광역시,MEDIT00002,ANITY00008
재진 진찰료 20kg,대전광역시,동구,5000,10000,8908,12000,ANITY00008,30,30,106,MEDIT00002,Daejeon-Dong-gu,대전광역시,MEDIT00002,ANITY00008
재진 진찰료 20kg,대전광역시,서구,5000,10500,14360,50000,ANITY00008,30,30,107,MEDIT00002,Daejeon-Seo-gu,대전광역시,MEDIT00002,ANITY00008
재진 진찰료 20kg,대전광역시,유성구,3000,10000,12045,37000,ANITY00008,30,30,108,MEDIT00002,Daejeon-Yuseong-gu,대전광역시,MEDIT00002,ANITY00008
재진 진찰료 20kg,대전광역시,중구,3000,7000,8646,25000,ANITY00008,30,30,109,MEDIT00002,Daejeon-Jung-gu,대전광역시,MEDIT00002,ANITY00008
재진 진찰료 20kg,울산광역시,남구,5000,10000,10120,17850,ANITY00008,31,31,156,MEDIT00002,Ulsan-Nam-gu,울산광역시,MEDIT00002,ANITY00008
재진 진찰료 20kg,울산광역시,동구,5000,7000,7000,10000,ANITY00008,31,31,157,MEDIT00002,Ulsan-Dong-gu,울산광역시,MEDIT00002,ANITY00008
재진 진찰료 20kg,울산광역시,북구,5000,5000,6600,10000,ANITY00008,31,31,158,MEDIT00002,Ulsan-Buk-gu,울산광역시,MEDIT00002,ANITY00008
재진 진찰료 20kg,울산광역시,울주군,5000,9000,9667,15000,ANITY00008,31,31,159,MEDIT00002,Ulsan-Ulju-gun,울산광역시,MEDIT00002,ANITY00008
재진 진찰료 20kg,울산광역시,중구,5000,8000,9773,33000,ANITY00008,31,31,160,MEDIT00002,Ulsan-Jung-gu,울산광역시,MEDIT00002,ANITY00008
재진 진찰료 20kg,세종특별자치시,세종특별자치시,3000,5500,10068,30000,ANITY00008,36,36,154,MEDIT00002,Sejong-Sejong-si,세종특별자치시,MEDIT00002,ANITY00008
재진 진찰료 20kg,경기도,가평군,5000,5000,5667,7000,ANITY00008,41,41,19,MEDIT00002,Gyeonggi-Gapyeong-gun,경기도,MEDIT00002,ANITY00008
재진 진찰료 20kg,경기도,고양시,3000,8000,9182,25000,ANITY00008,41,41,20,MEDIT00002,Gyeonggi-Goyang-si,경기도,MEDIT00002,ANITY00008
재진 진찰료 20kg,경기도,과천시,4500,5000,7071,10000,ANITY00008,41,41,21,MEDIT00002,Gyeonggi-Gwacheon,경기도,MEDIT00002,ANITY00008
재진 진찰료 20kg,경기도,광명시,4000,8000,9188,22000,ANITY00008,41,41,22,MEDIT00002,Gyeonggi-Gwangmyeong,경기도,MEDIT00002,ANITY00008
재진 진찰료 20kg,경기도,광주시,1000,6500,7583,15000,ANITY00008,41,41,23,MEDIT00002,Gyeonggi-Gwangju-si,경기도,MEDIT00002,ANITY00008
재진 진찰료 20kg,경기도,구리시,3300,7800,7940,15000,ANITY00008,41,41,24,MEDIT00002,Gyeonggi-Guri-si,경기도,MEDIT00002,ANITY00008
재진 진찰료 20kg,경기도,군포시,5000,10000,11636,22000,ANITY00008,41,41,25,MEDIT00002,Gyeonggi-Gunpo,경기도,MEDIT00002,ANITY00008
재진 진찰료 20kg,경기도,김포시,3000,7150,8496,40000,ANITY00008,41,41,26,MEDIT00002,Gyeonggi-Gimpo-si,경기도,MEDIT00002,ANITY00008
재진 진찰료 20kg,경기도,남양주시,4000,7000,8143,19000,ANITY00008,41,41,27,MEDIT00002,Gyeonggi-Namyangju-si,경기도,MEDIT00002,ANITY00008
재진 진찰료 20kg,경기도,동두천시,3300,8000,9050,20000,ANITY00008,41,41,28,MEDIT00002,Gyeonggi-Dongducheon-si,경기도,MEDIT00002,ANITY00008
재진 진찰료 20kg,경기도,부천시,2000,9000,9637,50000,ANITY00008,41,41,29,MEDIT00002,Gyeonggi-Bucheon,경기도,MEDIT00002,ANITY00008
재진 진찰료 20kg,경기도,성남시,3000,8000,9365,30000,ANITY00008,41,41,30,MEDIT00002,Gyeonggi-Seongnam,경기도,MEDIT00002,ANITY00008
재진 진찰료 20kg,경기도,수원시,3000,7000,9106,35000,ANITY00008,41,41,31,MEDIT00002,Gyeonggi-Suwon-si,경기도,MEDIT00002,ANITY00008
재진 진찰료 20kg,경기도,시흥시,3300,6000,7071,15000,ANITY00008,41,41,32,MEDIT00002,Gyeonggi-Siheung,경기도,MEDIT00002,ANITY00008
재진 진찰료 20kg,경기도,안산시,4500,8000,9611,33000,ANITY00008,41,41,33,MEDIT00002,Gyeonggi-Ansan,경기도,MEDIT00002,ANITY00008
재진 진찰료 20kg,경기도,안성시,5000,7500,8030,16500,ANITY00008,41,41,34,MEDIT00002,Gyeonggi-Anseong-si,경기도,MEDIT00002,ANITY00008
재진 진찰료 20kg,경기도,안양시,4000,9500,9522,23000,ANITY00008,41,41,35,MEDIT00002,Gyeonggi-Anyang,경기도,MEDIT00002,ANITY00008
재진 진찰료 20kg,경기도,양주시,5000,7350,7770,15000,ANITY00008,41,41,36,MEDIT00002,Gyeonggi-Yangju-si,경기도,MEDIT00002,ANITY00008
재진 진찰료 20kg,경기도,양평군,4000,6750,7083,10000,ANITY00008,41,41,37,MEDIT00002,Gyeonggi-Yangpyeong-gun,경기도,MEDIT00002,ANITY00008
재진 진찰료 20kg,경기도,여주시,4000,5000,5500,8000,ANITY00008,41,41,38,MEDIT00002,Gyeonggi-Yeoju-si,경기도,MEDIT00002,ANITY00008
재진 진찰료 20kg,경기도,오산시,5000,8000,7538,10800,ANITY00008,41,41,39,MEDIT00002,Gyeonggi-Osan-si,경기도,MEDIT00002,ANITY00008
재진 진찰료 20kg,경기도,용인시,3000,8000,8594,18700,ANITY00008,41,41,40,MEDIT00002,Gyeonggi-Yongin-si,경기도,MEDIT00002,ANITY00008
재진 진찰료 20kg,경기도,의왕시,5000,7000,8667,20000,ANITY00008,41,41,41,MEDIT00002,Gyeonggi-Uiwang,경기도,MEDIT00002,ANITY00008
재진 진찰료 20kg,경기도,의정부시,3000,7000,7620,15000,ANITY00008,41,41,42,MEDIT00002,Gyeonggi-Uijeongbu-si,경기도,MEDIT00002,ANITY00008
재진 진찰료 20kg,경기도,이천시,5000,7750,8167,12000,ANITY00008,41,41,43,MEDIT00002,Gyeonggi-Icheon-si,경기도,MEDIT00002,ANITY00008
재진 진찰료 20kg,경기도,파주시,3000,8000,9207,30000,ANITY00008,41,41,44,MEDIT00002,Gyeonggi-Paju-si,경기도,MEDIT00002,ANITY00008
재진 진찰료 20kg,경기도,평택시,4000,8000,8527,22000,ANITY00008,41,41,45,MEDIT00002,Gyeonggi-Pyeongtaek-si,경기도,MEDIT00002,ANITY00008
재진 진찰료 20kg,경기도,포천시,5000,5000,6667,10000,ANITY00008,41,41,46,MEDIT00002,Gyeonggi-Pocheon-si,경기도,MEDIT00002,ANITY00008
재진 진찰료 20kg,경기도,하남시,5000,7000,8211,22000,ANITY00008,41,41,47,MEDIT00002,Gyeonggi-Hanam-si,경기도,MEDIT00002,ANITY00008
재진 진찰료 20kg,경기도,화성시,4000,8000,8495,30000,ANITY00008,41,41,48,MEDIT00002,Gyeonggi-Hwaseong-si,경기도,MEDIT00002,ANITY00008
재진 진찰료 20kg,강원특별자치도,강릉시,4000,7000,9000,25000,ANITY00008,42,42,2,MEDIT00002,Gangwon-Gangneung-si,강원특별자치도,MEDIT00002,ANITY00008
재진 진찰료 20kg,강원특별자치도,고성군,5000,5000,5000,5000,ANITY00008,42,42,3,MEDIT00002,Gangwon-Gosung-gun,강원특별자치도,MEDIT00002,ANITY00008
재진 진찰료 20kg,강원특별자치도,동해시,10000,10000,10000,10000,ANITY00008,42,42,4,MEDIT00002,Gangwon-Donghae-si,강원특별자치도,MEDIT00002,ANITY00008
재진 진찰료 20kg,강원특별자치도,삼척시,5000,5000,6333,9000,ANITY00008,42,42,5,MEDIT00002,Gangwon-Samcheok-si,강원특별자치도,MEDIT00002,ANITY00008
재진 진찰료 20kg,강원특별자치도,속초시,5000,9400,8450,10000,ANITY00008,42,42,6,MEDIT00002,Gangwon-Sokcho-si,강원특별자치도,MEDIT00002,ANITY00008
재진 진찰료 20kg,강원특별자치도,양양군,5000,6600,7200,10000,ANITY00008,42,42,8,MEDIT00002,Gangwon-Yangyang-gun,강원특별자치도,MEDIT00002,ANITY00008
재진 진찰료 20kg,강원특별자치도,영월군,6000,12000,12000,18000,ANITY00008,42,42,9,MEDIT00002,Gangwon-Yeongwol-gun,강원특별자치도,MEDIT00002,ANITY00008
재진 진찰료 20kg,강원특별자치도,원주시,5000,7000,8091,14000,ANITY00008,42,42,10,MEDIT00002,Gangwon-Wonju-si,강원특별자치도,MEDIT00002,ANITY00008
재진 진찰료 20kg,강원특별자치도,인제군,5000,6000,7000,10000,ANITY00008,42,42,11,MEDIT00002,Gangwon-Inje-gun,강원특별자치도,MEDIT00002,ANITY00008
재진 진찰료 20kg,강원특별자치도,정선군,10000,10000,10000,10000,ANITY00008,42,42,12,MEDIT00002,Gangwon-Jeongseon-gun,강원특별자치도,MEDIT00002,ANITY00008
재진 진찰료 20kg,강원특별자치도,춘천시,5000,9000,8471,13000,ANITY00008,42,42,13,MEDIT00002,Gangwon-Chuncheon-si,강원특별자치도,MEDIT00002,ANITY00008
재진 진찰료 20kg,강원특별자치도,태백시,4000,4000,4000,4000,ANITY00008,42,42,14,MEDIT00002,Gangwon-Taebaek-si,강원특별자치도,MEDIT00002,ANITY00008
재진 진찰료 20kg,강원특별자치도,홍천군,2000,6600,6100,9000,ANITY00008,42,42,15,MEDIT00002,Gangwon-Hongcheon-gun,강원특별자치도,MEDIT00002,ANITY00008
재진 진찰료 20kg,강원특별자치도,화천군,8000,14000,14000,20000,ANITY00008,42,42,16,MEDIT00002,Gangwon-Hwacheon-gun,강원특별자치도,MEDIT00002,ANITY00008
재진 진찰료 20kg,강원특별자치도,횡성군,5000,10000,10000,15000,ANITY00008,42,42,17,MEDIT00002,Gangwon-Hoengseong-gun,강원특별자치도,MEDIT00002,ANITY00008
재진 진찰료 20kg,충청북도,괴산군,15000,15000,15000,15000,ANITY00008,43,43,223,MEDIT00002,Chungbuk-Goesan-gun,충청북도,MEDIT00002,ANITY00008
재진 진찰료 20kg,충청북도,보은군,5000,5000,5000,5000,ANITY00008,43,43,225,MEDIT00002,Chungbuk-Boeun-gun,충청북도,MEDIT00002,ANITY00008
재진 진찰료 20kg,충청북도,영동군,5000,10000,10000,15000,ANITY00008,43,43,226,MEDIT00002,Chungbuk-Yeongdong-gun,충청북도,MEDIT00002,ANITY00008
재진 진찰료 20kg,충청북도,옥천군,5000,5000,6667,10000,ANITY00008,43,43,227,MEDIT00002,Chungbuk-Okcheon-gun,충청북도,MEDIT00002,ANITY00008
재진 진찰료 20kg,충청북도,음성군,5000,5000,5000,5000,ANITY00008,43,43,228,MEDIT00002,Chungbuk-Eumseong-gun,충청북도,MEDIT00002,ANITY00008
재진 진찰료 20kg,충청북도,제천시,6600,10500,10150,13000,ANITY00008,43,43,229,MEDIT00002,Chungbuk-Jecheon-si,충청북도,MEDIT00002,ANITY00008
재진 진찰료 20kg,충청북도,증평군,10000,20000,20000,30000,ANITY00008,43,43,230,MEDIT00002,Chungbuk-Jeungpyeong-gun,충청북도,MEDIT00002,ANITY00008
재진 진찰료 20kg,충청북도,진천군,5500,6250,7250,11000,ANITY00008,43,43,231,MEDIT00002,Chungbuk-Jincheon-gun,충청북도,MEDIT00002,ANITY00008
재진 진찰료 20kg,충청북도,청주시,4000,8000,8380,15000,ANITY00008,43,43,232,MEDIT00002,Chungbuk-Cheongju-si,충청북도,MEDIT00002,ANITY00008
재진 진찰료 20kg,충청북도,충주시,7000,8500,8750,10000,ANITY00008,43,43,233,MEDIT00002,Chungbuk-Chungju-si,충청북도,MEDIT00002,ANITY00008
재진 진찰료 20kg,충청남도,계룡시,5500,5500,6333,8000,ANITY00008,44,44,207,MEDIT00002,Chungnam-Gyeryong-si,충청남도,MEDIT00002,ANITY00008
재진 진찰료 20kg,충청남도,공주시,10000,16900,17200,25000,ANITY00008,44,44,208,MEDIT00002,Chungnam-Gongju-si,충청남도,MEDIT00002,ANITY00008
재진 진찰료 20kg,충청남도,금산군,5000,5000,5000,5000,ANITY00008,44,44,209,MEDIT00002,Chungnam-Geumsan-gun,충청남도,MEDIT00002,ANITY00008
재진 진찰료 20kg,충청남도,논산시,9500,9900,11133,14000,ANITY00008,44,44,210,MEDIT00002,Chungnam-Nonsan-si,충청남도,MEDIT00002,ANITY00008
재진 진찰료 20kg,충청남도,당진시,6600,10000,10371,15000,ANITY00008,44,44,211,MEDIT00002,Chungnam-Dangjin-si,충청남도,MEDIT00002,ANITY00008
재진 진찰료 20kg,충청남도,보령시,5000,10000,8333,10000,ANITY00008,44,44,212,MEDIT00002,Chungnam-Boryeong-si,충청남도,MEDIT00002,ANITY00008
재진 진찰료 20kg,충청남도,부여군,5000,10000,8667,11000,ANITY00008,44,44,213,MEDIT00002,Chungnam-Buyeo-gun,충청남도,MEDIT00002,ANITY00008
재진 진찰료 20kg,충청남도,서산시,5000,8000,9222,20000,ANITY00008,44,44,214,MEDIT00002,Chungnam-Seosan-si,충청남도,MEDIT00002,ANITY00008
재진 진찰료 20kg,충청남도,서천군,5000,5000,5000,5000,ANITY00008,44,44,215,MEDIT00002,Chungnam-Seocheon-gun,충청남도,MEDIT00002,ANITY00008
재진 진찰료 20kg,충청남도,아산시,5000,8000,8708,16500,ANITY00008,44,44,216,MEDIT00002,Chungnam-Asan-si,충청남도,MEDIT00002,ANITY00008
재진 진찰료 20kg,충청남도,예산군,6600,6600,6600,6600,ANITY00008,44,44,217,MEDIT00002,Chungnam-Yesan-gun,충청남도,MEDIT00002,ANITY00008
재진 진찰료 20kg,충청남도,천안시,4000,10000,10324,40000,ANITY00008,44,44,218,MEDIT00002,Chungnam-Cheonan-si,충청남도,MEDIT00002,ANITY00008
재진 진찰료 20kg,충청남도,태안군,6000,8500,8500,11000,ANITY00008,44,44,220,MEDIT00002,Chungnam-Taean-gu,충청남도,MEDIT00002,ANITY00008
재진 진찰료 20kg,충청남도,홍성군,4400,8000,9800,20000,ANITY00008,44,44,221,MEDIT00002,Chungnam-Hongseong-gun,충청남도,MEDIT00002,ANITY00008
재진 진찰료 20kg,전북특별자치도,고창군,10000,25000,25000,40000,ANITY00008,45,45,191,MEDIT00002,Jeonbuk-Gochang-gun,전북특별자치도,MEDIT00002,ANITY00008
재진 진찰료 20kg,전북특별자치도,군산시,3000,7000,9133,25000,ANITY00008,45,45,192,MEDIT00002,Jeonbuk-Gunsan-si,전북특별자치도,MEDIT00002,ANITY00008
재진 진찰료 20kg,전북특별자치도,김제시,5000,10000,10000,15000,ANITY00008,45,45,193,MEDIT00002,Jeonbuk-Gimje-si,전북특별자치도,MEDIT00002,ANITY00008
재진 진찰료 20kg,전북특별자치도,남원시,5000,5000,6667,10000,ANITY00008,45,45,194,MEDIT00002,Jeonbuk-Namwon-si,전북특별자치도,MEDIT00002,ANITY00008
재진 진찰료 20kg,전북특별자치도,부안군,5000,6000,6000,7000,ANITY00008,45,45,196,MEDIT00002,Jeonbuk-Buan-gun,전북특별자치도,MEDIT00002,ANITY00008
재진 진찰료 20kg,전북특별자치도,순창군,5000,7500,7500,10000,ANITY00008,45,45,197,MEDIT00002,Jeonbuk-Sunchang-gun,전북특별자치도,MEDIT00002,ANITY00008
재진 진찰료 20kg,전북특별자치도,완주군,5000,5500,8200,15000,ANITY00008,45,45,198,MEDIT00002,Jeonbuk-Wanju-gun,전북특별자치도,MEDIT00002,ANITY00008
재진 진찰료 20kg,전북특별자치도,익산시,7000,9900,10189,13000,ANITY00008,45,45,199,MEDIT00002,Jeonbuk-Iksan-si,전북특별자치도,MEDIT00002,ANITY00008
재진 진찰료 20kg,전북특별자치도,전주시,4400,7000,8164,20000,ANITY00008,45,45,201,MEDIT00002,Jeonbuk-Jeonju-si,전북특별자치도,MEDIT00002,ANITY00008
재진 진찰료 20kg,전북특별자치도,정읍시,4000,5000,7800,15000,ANITY00008,45,45,202,MEDIT00002,Jeonbuk-Jeongeup-si,전북특별자치도,MEDIT00002,ANITY00008
재진 진찰료 20kg,전라남도,고흥군,8000,9000,9000,10000,ANITY00008,46,46,172,MEDIT00002,Jeonnam-Goheung-gun,전라남도,MEDIT00002,ANITY00008
재진 진찰료 20kg,전라남도,광양시,2000,10000,12400,25000,ANITY00008,46,46,174,MEDIT00002,Jeonnam-Gwangyang-si,전라남도,MEDIT00002,ANITY00008
재진 진찰료 20kg,전라남도,나주시,5000,8500,10000,20000,ANITY00008,46,46,176,MEDIT00002,Jeonnam-Naju-si,전라남도,MEDIT00002,ANITY00008
재진 진찰료 20kg,전라남도,담양군,3000,3000,3000,3000,ANITY00008,46,46,177,MEDIT00002,Jeonnam-Damyang-gun,전라남도,MEDIT00002,ANITY00008
재진 진찰료 20kg,전라남도,목포시,5000,5000,6667,10000,ANITY00008,46,46,178,MEDIT00002,Jeonnam-Mokpo-si,전라남도,MEDIT00002,ANITY00008
재진 진찰료 20kg,전라남도,무안군,4000,5500,6750,12000,ANITY00008,46,46,179,MEDIT00002,Jeonnam-Muan-gun,전라남도,MEDIT00002,ANITY00008
재진 진찰료 20kg,전라남도,순천시,5000,9900,9415,20000,ANITY00008,46,46,180,MEDIT00002,Jeonnam-Suncheon-si,전라남도,MEDIT00002,ANITY00008
재진 진찰료 20kg,전라남도,여수시,3000,5000,6333,10000,ANITY00008,46,46,181,MEDIT00002,Jeonnam-Yeosu-si,전라남도,MEDIT00002,ANITY00008
재진 진찰료 20kg,전라남도,영광군,5000,15000,15000,25000,ANITY00008,46,46,182,MEDIT00002,Jeonnam-Yeonggwang-gun,전라남도,MEDIT00002,ANITY00008
재진 진찰료 20kg,전라남도,장성군,5000,10000,10000,15000,ANITY00008,46,46,185,MEDIT00002,Jeonnam-Jangseong-gun,전라남도,MEDIT00002,ANITY00008
재진 진찰료 20kg,전라남도,장흥군,5000,7500,7500,10000,ANITY00008,46,46,186,MEDIT00002,Jeonnam-Jangheung-gun,전라남도,MEDIT00002,ANITY00008
재진 진찰료 20kg,전라남도,해남군,5000,5000,5000,5000,ANITY00008,46,46,188,MEDIT00002,Jeonnam-Haenam-gun,전라남도,MEDIT00002,ANITY00008
재진 진찰료 20kg,전라남도,화순군,4000,4000,4000,4000,ANITY00008,46,46,189,MEDIT00002,Jeonnam-Hwasun-gun,전라남도,MEDIT00002,ANITY00008
재진 진찰료 20kg,경상북도,경산시,5000,7850,10693,30000,ANITY00008,47,47,69,MEDIT00002,Gyeongbuk-Gyeongsan-si,경상북도,MEDIT00002,ANITY00008
재진 진찰료 20kg,경상북도,경주시,5500,9000,10030,22000,ANITY00008,47,47,70,MEDIT00002,Gyeongbuk-Gyeongju-si,경상북도,MEDIT00002,ANITY00008
재진 진찰료 20kg,경상북도,구미시,3000,7700,8552,39000,ANITY00008,47,47,72,MEDIT00002,Gyeongbuk-Gumi-si,경상북도,MEDIT00002,ANITY00008
재진 진찰료 20kg,경상북도,김천시,5000,5000,5125,5500,ANITY00008,47,47,73,MEDIT00002,Gyeongbuk-Gimcheon-si,경상북도,MEDIT00002,ANITY00008
재진 진찰료 20kg,경상북도,문경시,7000,7000,7000,7000,ANITY00008,47,47,74,MEDIT00002,Gyeongbuk-Mungyeong-si,경상북도,MEDIT00002,ANITY00008
재진 진찰료 20kg,경상북도,상주시,5000,5500,5500,6000,ANITY00008,47,47,75,MEDIT00002,Gyeongbuk-Sangju-si,경상북도,MEDIT00002,ANITY00008
재진 진찰료 20kg,경상북도,성주군,5000,5800,5800,6600,ANITY00008,47,47,76,MEDIT00002,Gyeongbuk-Seongju-gun,경상북도,MEDIT00002,ANITY00008
재진 진찰료 20kg,경상북도,안동시,5000,11500,13000,22000,ANITY00008,47,47,77,MEDIT00002,Gyeongbuk-Andong-si,경상북도,MEDIT00002,ANITY00008
재진 진찰료 20kg,경상북도,영덕군,5000,7500,7500,10000,ANITY00008,47,47,78,MEDIT00002,Gyeongbuk-Yeongdeok-gun,경상북도,MEDIT00002,ANITY00008
재진 진찰료 20kg,경상북도,영주시,3000,15000,12600,20000,ANITY00008,47,47,79,MEDIT00002,Gyeongbuk-Yeongju-si,경상북도,MEDIT00002,ANITY00008
재진 진찰료 20kg,경상북도,영천시,7000,7500,7500,8000,ANITY00008,47,47,80,MEDIT00002,Gyeongbuk-Yeongcheon-si,경상북도,MEDIT00002,ANITY00008
재진 진찰료 20kg,경상북도,예천군,4000,4000,4000,4000,ANITY00008,47,47,81,MEDIT00002,Gyeongbuk-Yecheon-gun,경상북도,MEDIT00002,ANITY00008
재진 진찰료 20kg,경상북도,청도군,3000,4000,4000,5000,ANITY00008,47,47,84,MEDIT00002,Gyeongbuk-Cheongdo-gun,경상북도,MEDIT00002,ANITY00008
재진 진찰료 20kg,경상북도,칠곡군,5000,7000,6933,8800,ANITY00008,47,47,86,MEDIT00002,Gyeongbuk-Chilgok-gun,경상북도,MEDIT00002,ANITY00008
재진 진찰료 20kg,경상북도,포항시,3000,8000,7946,15000,ANITY00008,47,47,87,MEDIT00002,Gyeongbuk-Pohang-si,경상북도,MEDIT00002,ANITY00008
재진 진찰료 20kg,경상남도,거제시,8800,10000,9982,11000,ANITY00008,48,48,50,MEDIT00002,Gyeongnam-Geoje-si,경상남도,MEDIT00002,ANITY00008
재진 진찰료 20kg,경상남도,거창군,5000,5000,5000,5000,ANITY00008,48,48,51,MEDIT00002,Gyeongnam-Geochang-gun,경상남도,MEDIT00002,ANITY00008
재진 진찰료 20kg,경상남도,고성군,5000,5000,6667,10000,ANITY00008,48,48,52,MEDIT00002,Gyeongnam-Goseong-gun,경상남도,MEDIT00002,ANITY00008
재진 진찰료 20kg,경상남도,김해시,4000,6500,7712,20000,ANITY00008,48,48,53,MEDIT00002,Gyeongnam-Gimhae-si,경상남도,MEDIT00002,ANITY00008
재진 진찰료 20kg,경상남도,남해군,5000,5000,5000,5000,ANITY00008,48,48,54,MEDIT00002,Gyeongnam-Namhae-gun,경상남도,MEDIT00002,ANITY00008
재진 진찰료 20kg,경상남도,밀양시,5000,9000,8250,10000,ANITY00008,48,48,55,MEDIT00002,Gyeongnam-Miryang-si,경상남도,MEDIT00002,ANITY00008
재진 진찰료 20kg,경상남도,사천시,5000,5000,6750,12000,ANITY00008,48,48,56,MEDIT00002,Gyeongnam-Sacheon-si,경상남도,MEDIT00002,ANITY00008
재진 진찰료 20kg,경상남도,산청군,3000,6500,6500,10000,ANITY00008,48,48,57,MEDIT00002,Gyeongnam-Sancheong-gun,경상남도,MEDIT00002,ANITY00008
재진 진찰료 20kg,경상남도,양산시,3800,7000,8415,22000,ANITY00008,48,48,58,MEDIT00002,Gyeongnam-Yangsan-si,경상남도,MEDIT00002,ANITY00008
재진 진찰료 20kg,경상남도,진주시,3000,5250,6500,15000,ANITY00008,48,48,60,MEDIT00002,Gyeongnam-Jinju-si,경상남도,MEDIT00002,ANITY00008
재진 진찰료 20kg,경상남도,창녕군,9000,10500,10500,12000,ANITY00008,48,48,61,MEDIT00002,Gyeongnam-Changnyeong-gun,경상남도,MEDIT00002,ANITY00008
재진 진찰료 20kg,경상남도,창원시,9000,12000,11859,19000,ANITY00008,48,48,62,MEDIT00002,Gyeongnam-Changwon-si,경상남도,MEDIT00002,ANITY00008
재진 진찰료 20kg,경상남도,통영시,5000,8000,8200,10000,ANITY00008,48,48,63,MEDIT00002,Gyeongnam-Tongyeong-si,경상남도,MEDIT00002,ANITY00008
재진 진찰료 20kg,경상남도,하동군,3300,5650,5650,8000,ANITY00008,48,48,64,MEDIT00002,Gyeongnam-Hadong-gun,경상남도,MEDIT00002,ANITY00008
재진 진찰료 20kg,경상남도,함안군,5000,5000,20000,50000,ANITY00008,48,48,65,MEDIT00002,Gyeongnam-Haman-gun,경상남도,MEDIT00002,ANITY00008
재진 진찰료 20kg,경상남도,합천군,8100,9050,9050,10000,ANITY00008,48,48,67,MEDIT00002,Gyeongnam-Hapcheon-gu,경상남도,MEDIT00002,ANITY00008
재진 진찰료 20kg,제주특별자치도,서귀포시,3000,6300,7440,15000,ANITY00008,50,50,204,MEDIT00002,Jeju-Seogwipo,제주특별자치도,MEDIT00002,ANITY00008
재진 진찰료 20kg,제주특별자치도,제주시,3000,5500,7515,25000,ANITY00008,50,50,205,MEDIT00002,Jeju-Jeju-si,제주특별자치도,MEDIT00002,ANITY00008
진찰에 대한 상담료,서울특별시,강남구,3300,10000,12925,50000,,11,11,128,MEDIT00003,seoul-Gangnam-gu,서울특별시,MEDIT00003,
진찰에 대한 상담료,서울특별시,강동구,1500,10000,9662,20000,,11,11,129,MEDIT00003,seoul-Gangdong-gu,서울특별시,MEDIT00003,
진찰에 대한 상담료,서울특별시,강북구,4000,10000,10400,30000,,11,11,130,MEDIT00003,seoul-Gangbuk-gu,서울특별시,MEDIT00003,
진찰에 대한 상담료,서울특별시,강서구,3000,10000,9086,20000,,11,11,131,MEDIT00003,seoul-Gangseo-gu,서울특별시,MEDIT00003,
진찰에 대한 상담료,서울특별시,관악구,5000,10000,13723,44000,,11,11,132,MEDIT00003,seoul-Gwanak-gu,서울특별시,MEDIT00003,
진찰에 대한 상담료,서울특별시,광진구,4000,10000,8821,15000,,11,11,133,MEDIT00003,seoul-Gwangjin-gu,서울특별시,MEDIT00003,
진찰에 대한 상담료,서울특별시,구로구,3500,8750,9078,23000,,11,11,134,MEDIT00003,seoul-Guro-gu,서울특별시,MEDIT00003,
진찰에 대한 상담료,서울특별시,금천구,3000,7000,7245,12000,,11,11,135,MEDIT00003,seoul-Geumcheon-gu,서울특별시,MEDIT00003,
진찰에 대한 상담료,서울특별시,노원구,3000,10000,10636,20000,,11,11,136,MEDIT00003,seoul-Nowon-gu,서울특별시,MEDIT00003,
진찰에 대한 상담료,서울특별시,도봉구,3000,7000,8000,20000,,11,11,137,MEDIT00003,seoul-Dobong-gu,서울특별시,MEDIT00003,
진찰에 대한 상담료,서울특별시,동대문구,5000,9500,10725,30000,,11,11,138,MEDIT00003,seoul-Dongdaemun-gu,서울특별시,MEDIT00003,
진찰에 대한 상담료,서울특별시,동작구,6600,10000,10784,16500,,11,11,139,MEDIT00003,seoul-Dongjak-gu,서울특별시,MEDIT00003,
진찰에 대한 상담료,서울특별시,마포구,5000,10000,15683,50000,,11,11,140,MEDIT00003,seoul-Mapo-gu,서울특별시,MEDIT00003,
진찰에 대한 상담료,서울특별시,서대문구,3000,10000,9567,20000,,11,11,141,MEDIT00003,seoul-Seodaemun-gu,서울특별시,MEDIT00003,
진찰에 대한 상담료,서울특별시,서초구,3000,10000,11943,70000,,11,11,142,MEDIT00003,seoul-Seocho-gu,서울특별시,MEDIT00003,
진찰에 대한 상담료,서울특별시,성동구,5000,10000,12426,50000,,11,11,143,MEDIT00003,seoul-Seongdong-gu,서울특별시,MEDIT00003,
진찰에 대한 상담료,서울특별시,성북구,5000,7000,8561,17500,,11,11,144,MEDIT00003,seoul-Seongbuk-gu,서울특별시,MEDIT00003,
진찰에 대한 상담료,서울특별시,송파구,3000,10000,11983,50000,,11,11,145,MEDIT00003,seoul-Songpa-gu,서울특별시,MEDIT00003,
진찰에 대한 상담료,서울특별시,양천구,2000,8000,11052,40000,,11,11,146,MEDIT00003,seoul-Yangcheon-gu,서울특별시,MEDIT00003,
진찰에 대한 상담료,서울특별시,영등포구,5000,10000,12420,55000,,11,11,147,MEDIT00003,seoul-Yeongdeungpo-gu,서울특별시,MEDIT00003,
진찰에 대한 상담료,서울특별시,용산구,6000,10000,10795,20000,,11,11,148,MEDIT00003,seoul-Yongsan-gu,서울특별시,MEDIT00003,
진찰에 대한 상담료,서울특별시,은평구,3000,10000,10167,30000,,11,11,149,MEDIT00003,seoul-Eunpyeong-gu,서울특별시,MEDIT00003,
진찰에 대한 상담료,서울특별시,종로구,10000,10000,12750,22000,,11,11,150,MEDIT00003,seoul-Jongno-gu,서울특별시,MEDIT00003,
진찰에 대한 상담료,서울특별시,중구,5000,10000,12409,30000,,11,11,151,MEDIT00003,seoul-jung-gu,서울특별시,MEDIT00003,
진찰에 대한 상담료,서울특별시,중랑구,2000,10000,17038,70000,,11,11,152,MEDIT00003,seoul-Jungnang-gu,서울특별시,MEDIT00003,
진찰에 대한 상담료,부산광역시,강서구,5000,8700,8856,11000,,26,26,111,MEDIT00003,Busan-Gangseo-gu,부산광역시,MEDIT00003,
진찰에 대한 상담료,부산광역시,금정구,5000,8000,8038,11000,,26,26,112,MEDIT00003,Busan-Geumjeong-gu,부산광역시,MEDIT00003,
진찰에 대한 상담료,부산광역시,기장군,5000,6000,11111,35000,,26,26,113,MEDIT00003,Busan-Gijang-gun,부산광역시,MEDIT00003,
진찰에 대한 상담료,부산광역시,남구,3000,10000,9911,20000,,26,26,114,MEDIT00003,Busan-Nam-gu,부산광역시,MEDIT00003,
진찰에 대한 상담료,부산광역시,동구,7000,9500,9000,10000,,26,26,115,MEDIT00003,Busan-Dong-gu,부산광역시,MEDIT00003,
진찰에 대한 상담료,부산광역시,동래구,5000,10000,9360,30000,,26,26,116,MEDIT00003,Busan-Dongrae-gu,부산광역시,MEDIT00003,
진찰에 대한 상담료,부산광역시,부산진구,3300,6300,7236,12000,,26,26,117,MEDIT00003,Busan-Busanjin-gu,부산광역시,MEDIT00003,
진찰에 대한 상담료,부산광역시,북구,2000,7500,7807,15000,,26,26,118,MEDIT00003,Busan-Buk-gu,부산광역시,MEDIT00003,
진찰에 대한 상담료,부산광역시,사상구,3000,7000,8313,16500,,26,26,119,MEDIT00003,Busan-Sasang-gu,부산광역시,MEDIT00003,
진찰에 대한 상담료,부산광역시,사하구,5000,7000,7533,12000,,26,26,120,MEDIT00003,Busan-Saha-gu,부산광역시,MEDIT00003,
진찰에 대한 상담료,부산광역시,서구,5000,6500,6500,8000,,26,26,121,MEDIT00003,Busan-Seo-gu,부산광역시,MEDIT00003,
진찰에 대한 상담료,부산광역시,수영구,5000,9000,9167,20000,,26,26,122,MEDIT00003,Busan-Suyeong-gu,부산광역시,MEDIT00003,
진찰에 대한 상담료,부산광역시,연제구,2000,9000,9677,20000,,26,26,123,MEDIT00003,Busan-Yeonje-gu,부산광역시,MEDIT00003,
진찰에 대한 상담료,부산광역시,영도구,7000,8850,8675,10000,,26,26,124,MEDIT00003,Busan-Yeongdo-gu,부산광역시,MEDIT00003,
진찰에 대한 상담료,부산광역시,중구,5000,7500,7500,10000,,26,26,125,MEDIT00003,Busan-Jung-gu,부산광역시,MEDIT00003,
진찰에 대한 상담료,부산광역시,해운대구,3300,9000,8730,20000,,26,26,126,MEDIT00003,Busan-Haeundae-gu,부산광역시,MEDIT00003,
진찰에 대한 상담료,대구광역시,남구,5000,10000,18333,40000,,27,27,96,MEDIT00003,Daegu-Nam-gu,대구광역시,MEDIT00003,
진찰에 대한 상담료,대구광역시,달서구,3000,8000,9119,20000,,27,27,97,MEDIT00003,Daegu-Dalseo-gu,대구광역시,MEDIT00003,
진찰에 대한 상담료,대구광역시,달성군,5000,9000,9808,20000,,27,27,98,MEDIT00003,Daegu-Dal-Sung-gun,대구광역시,MEDIT00003,
진찰에 대한 상담료,대구광역시,동구,5000,10000,11364,33000,,27,27,99,MEDIT00003,Daegu-Dong-gu,대구광역시,MEDIT00003,
진찰에 대한 상담료,대구광역시,북구,3000,9000,13425,90000,,27,27,100,MEDIT00003,Daegu-Buk-gu,대구광역시,MEDIT00003,
진찰에 대한 상담료,대구광역시,서구,5000,10000,9800,15000,,27,27,101,MEDIT00003,Daegu-Seo-gu,대구광역시,MEDIT00003,
진찰에 대한 상담료,대구광역시,수성구,4000,10000,13306,50000,,27,27,102,MEDIT00003,Daegu-Suseong-gu,대구광역시,MEDIT00003,
진찰에 대한 상담료,대구광역시,중구,5000,10000,19944,100000,,27,27,103,MEDIT00003,Daegu-Jung-gu,대구광역시,MEDIT00003,
진찰에 대한 상담료,인천광역시,강화군,5000,6000,7000,10000,,28,28,162,MEDIT00003,Incheon-Ganghwa-gun,인천광역시,MEDIT00003,
진찰에 대한 상담료,인천광역시,계양구,2000,5500,12682,61000,,28,28,163,MEDIT00003,Incheon-Gyeyang-gu,인천광역시,MEDIT00003,
진찰에 대한 상담료,인천광역시,남동구,3000,10000,9320,20000,,28,28,164,MEDIT00003,Incheon-Namdong-gu,인천광역시,MEDIT00003,
진찰에 대한 상담료,인천광역시,동구,11000,11000,11000,11000,,28,28,165,MEDIT00003,Incheon-Dong-gu,인천광역시,MEDIT00003,
진찰에 대한 상담료,인천광역시,미추홀구,5000,7700,8054,12000,,28,28,166,MEDIT00003,Incheon-Michuhol-gu,인천광역시,MEDIT00003,
진찰에 대한 상담료,인천광역시,부평구,5000,10000,12160,50000,,28,28,167,MEDIT00003,Incheon-Bupyeong-gu,인천광역시,MEDIT00003,
진찰에 대한 상담료,인천광역시,서구,3000,7500,10155,55000,,28,28,168,MEDIT00003,Incheon-Seo-gu,인천광역시,MEDIT00003,
진찰에 대한 상담료,인천광역시,연수구,3000,10000,9431,33000,,28,28,169,MEDIT00003,Incheon-Yeonsu-gu,인천광역시,MEDIT00003,
진찰에 대한 상담료,인천광역시,중구,6000,10000,9000,10000,,28,28,170,MEDIT00003,Incheon-Jung-gu,인천광역시,MEDIT00003,
진찰에 대한 상담료,광주광역시,광산구,5000,8500,9445,30000,,29,29,89,MEDIT00003,Gwangju-Gwangsan-gu,광주광역시,MEDIT00003,
진찰에 대한 상담료,광주광역시,남구,3000,9000,9060,25000,,29,29,90,MEDIT00003,Gwangju-Nam-gu,광주광역시,MEDIT00003,
진찰에 대한 상담료,광주광역시,동구,5000,9500,9933,17000,,29,29,91,MEDIT00003,Gwangju-Dong-gu,광주광역시,MEDIT00003,
진찰에 대한 상담료,광주광역시,북구,5000,9450,9242,16000,,29,29,92,MEDIT00003,Gwangju-Buk-gu,광주광역시,MEDIT00003,
진찰에 대한 상담료,광주광역시,서구,5000,9000,8617,20000,,29,29,93,MEDIT00003,Gwangju-Seo-gu,광주광역시,MEDIT00003,
진찰에 대한 상담료,대전광역시,대덕구,5000,8000,9667,15000,,30,30,105,MEDIT00003,Daejeon-Daedeok-gu,대전광역시,MEDIT00003,
진찰에 대한 상담료,대전광역시,동구,5000,10000,11182,30000,,30,30,106,MEDIT00003,Daejeon-Dong-gu,대전광역시,MEDIT00003,
진찰에 대한 상담료,대전광역시,서구,2000,10000,13400,33000,,30,30,107,MEDIT00003,Daejeon-Seo-gu,대전광역시,MEDIT00003,
진찰에 대한 상담료,대전광역시,유성구,3000,10000,14529,110000,,30,30,108,MEDIT00003,Daejeon-Yuseong-gu,대전광역시,MEDIT00003,
진찰에 대한 상담료,대전광역시,중구,4000,10000,12290,30000,,30,30,109,MEDIT00003,Daejeon-Jung-gu,대전광역시,MEDIT00003,
진찰에 대한 상담료,울산광역시,남구,3000,10000,9661,20000,,31,31,156,MEDIT00003,Ulsan-Nam-gu,울산광역시,MEDIT00003,
진찰에 대한 상담료,울산광역시,동구,5000,7000,7400,11000,,31,31,157,MEDIT00003,Ulsan-Dong-gu,울산광역시,MEDIT00003,
진찰에 대한 상담료,울산광역시,북구,5000,5000,7333,15000,,31,31,158,MEDIT00003,Ulsan-Buk-gu,울산광역시,MEDIT00003,
진찰에 대한 상담료,울산광역시,울주군,2000,8000,7214,10000,,31,31,159,MEDIT00003,Ulsan-Ulju-gun,울산광역시,MEDIT00003,
진찰에 대한 상담료,울산광역시,중구,3000,9000,10750,33000,,31,31,160,MEDIT00003,Ulsan-Jung-gu,울산광역시,MEDIT00003,
진찰에 대한 상담료,세종특별자치시,세종특별자치시,4000,7000,9567,20000,,36,36,154,MEDIT00003,Sejong-Sejong-si,세종특별자치시,MEDIT00003,
진찰에 대한 상담료,경기도,가평군,10000,10000,10000,10000,,41,41,19,MEDIT00003,Gyeonggi-Gapyeong-gun,경기도,MEDIT00003,
진찰에 대한 상담료,경기도,고양시,3000,10000,10814,55000,,41,41,20,MEDIT00003,Gyeonggi-Goyang-si,경기도,MEDIT00003,
진찰에 대한 상담료,경기도,과천시,3000,6500,8500,20000,,41,41,21,MEDIT00003,Gyeonggi-Gwacheon,경기도,MEDIT00003,
진찰에 대한 상담료,경기도,광명시,5000,9500,8500,11000,,41,41,22,MEDIT00003,Gyeonggi-Gwangmyeong,경기도,MEDIT00003,
진찰에 대한 상담료,경기도,광주시,5000,10000,10882,22000,,41,41,23,MEDIT00003,Gyeonggi-Gwangju-si,경기도,MEDIT00003,
진찰에 대한 상담료,경기도,구리시,3000,10000,10300,20000,,41,41,24,MEDIT00003,Gyeonggi-Guri-si,경기도,MEDIT00003,
진찰에 대한 상담료,경기도,군포시,5000,10000,11676,30000,,41,41,25,MEDIT00003,Gyeonggi-Gunpo,경기도,MEDIT00003,
진찰에 대한 상담료,경기도,김포시,3000,10000,12125,33000,,41,41,26,MEDIT00003,Gyeonggi-Gimpo-si,경기도,MEDIT00003,
진찰에 대한 상담료,경기도,남양주시,3000,9000,9344,30000,,41,41,27,MEDIT00003,Gyeonggi-Namyangju-si,경기도,MEDIT00003,
진찰에 대한 상담료,경기도,동두천시,22000,22000,22000,22000,,41,41,28,MEDIT00003,Gyeonggi-Dongducheon-si,경기도,MEDIT00003,
진찰에 대한 상담료,경기도,부천시,5000,10000,9645,20000,,41,41,29,MEDIT00003,Gyeonggi-Bucheon,경기도,MEDIT00003,
진찰에 대한 상담료,경기도,성남시,2000,10000,13635,55000,,41,41,30,MEDIT00003,Gyeonggi-Seongnam,경기도,MEDIT00003,
진찰에 대한 상담료,경기도,수원시,5000,10000,10381,55000,,41,41,31,MEDIT00003,Gyeonggi-Suwon-si,경기도,MEDIT00003,
진찰에 대한 상담료,경기도,시흥시,3300,6700,7743,15000,,41,41,32,MEDIT00003,Gyeonggi-Siheung,경기도,MEDIT00003,
진찰에 대한 상담료,경기도,안산시,5500,10000,11467,30000,,41,41,33,MEDIT00003,Gyeonggi-Ansan,경기도,MEDIT00003,
진찰에 대한 상담료,경기도,안성시,5000,6000,10000,33000,,41,41,34,MEDIT00003,Gyeonggi-Anseong-si,경기도,MEDIT00003,
진찰에 대한 상담료,경기도,안양시,1000,9950,9764,27500,,41,41,35,MEDIT00003,Gyeonggi-Anyang,경기도,MEDIT00003,
진찰에 대한 상담료,경기도,양주시,6000,8850,8450,10000,,41,41,36,MEDIT00003,Gyeonggi-Yangju-si,경기도,MEDIT00003,
진찰에 대한 상담료,경기도,양평군,5000,9000,9667,20000,,41,41,37,MEDIT00003,Gyeonggi-Yangpyeong-gun,경기도,MEDIT00003,
진찰에 대한 상담료,경기도,여주시,5000,5500,5500,6000,,41,41,38,MEDIT00003,Gyeonggi-Yeoju-si,경기도,MEDIT00003,
진찰에 대한 상담료,경기도,오산시,5000,7850,8593,20000,,41,41,39,MEDIT00003,Gyeonggi-Osan-si,경기도,MEDIT00003,
진찰에 대한 상담료,경기도,용인시,3000,10000,8888,30000,,41,41,40,MEDIT00003,Gyeonggi-Yongin-si,경기도,MEDIT00003,
진찰에 대한 상담료,경기도,의왕시,3300,5500,6971,10000,,41,41,41,MEDIT00003,Gyeonggi-Uiwang,경기도,MEDIT00003,
진찰에 대한 상담료,경기도,의정부시,3000,7000,7350,11000,,41,41,42,MEDIT00003,Gyeonggi-Uijeongbu-si,경기도,MEDIT00003,
진찰에 대한 상담료,경기도,이천시,5000,7000,7273,11000,,41,41,43,MEDIT00003,Gyeonggi-Icheon-si,경기도,MEDIT00003,
진찰에 대한 상담료,경기도,파주시,3000,9500,8898,18750,,41,41,44,MEDIT00003,Gyeonggi-Paju-si,경기도,MEDIT00003,
진찰에 대한 상담료,경기도,평택시,3000,10000,9778,25000,,41,41,45,MEDIT00003,Gyeonggi-Pyeongtaek-si,경기도,MEDIT00003,
진찰에 대한 상담료,경기도,포천시,12000,12000,12000,12000,,41,41,46,MEDIT00003,Gyeonggi-Pocheon-si,경기도,MEDIT00003,
진찰에 대한 상담료,경기도,하남시,2600,10000,10538,30000,,41,41,47,MEDIT00003,Gyeonggi-Hanam-si,경기도,MEDIT00003,
진찰에 대한 상담료,경기도,화성시,1500,8000,9023,50000,,41,41,48,MEDIT00003,Gyeonggi-Hwaseong-si,경기도,MEDIT00003,
진찰에 대한 상담료,강원특별자치도,강릉시,5000,10000,9200,15000,,42,42,2,MEDIT00003,Gangwon-Gangneung-si,강원특별자치도,MEDIT00003,
진찰에 대한 상담료,강원특별자치도,고성군,10000,10000,10000,10000,,42,42,3,MEDIT00003,Gangwon-Gosung-gun,강원특별자치도,MEDIT00003,
진찰에 대한 상담료,강원특별자치도,동해시,6000,12000,12667,20000,,42,42,4,MEDIT00003,Gangwon-Donghae-si,강원특별자치도,MEDIT00003,
진찰에 대한 상담료,강원특별자치도,삼척시,5000,7500,7500,10000,,42,42,5,MEDIT00003,Gangwon-Samcheok-si,강원특별자치도,MEDIT00003,
진찰에 대한 상담료,강원특별자치도,속초시,3000,10000,9333,15000,,42,42,6,MEDIT00003,Gangwon-Sokcho-si,강원특별자치도,MEDIT00003,
진찰에 대한 상담료,강원특별자치도,양양군,10000,10000,10000,10000,,42,42,8,MEDIT00003,Gangwon-Yangyang-gun,강원특별자치도,MEDIT00003,
진찰에 대한 상담료,강원특별자치도,영월군,10000,10000,10000,10000,,42,42,9,MEDIT00003,Gangwon-Yeongwol-gun,강원특별자치도,MEDIT00003,
진찰에 대한 상담료,강원특별자치도,원주시,5000,8000,8125,11000,,42,42,10,MEDIT00003,Gangwon-Wonju-si,강원특별자치도,MEDIT00003,
진찰에 대한 상담료,강원특별자치도,인제군,4000,10000,8000,10000,,42,42,11,MEDIT00003,Gangwon-Inje-gun,강원특별자치도,MEDIT00003,
진찰에 대한 상담료,강원특별자치도,춘천시,3000,10500,11250,22000,,42,42,13,MEDIT00003,Gangwon-Chuncheon-si,강원특별자치도,MEDIT00003,
진찰에 대한 상담료,강원특별자치도,홍천군,7000,7250,7250,7500,,42,42,15,MEDIT00003,Gangwon-Hongcheon-gun,강원특별자치도,MEDIT00003,
진찰에 대한 상담료,강원특별자치도,횡성군,5000,5000,5000,5000,,42,42,17,MEDIT00003,Gangwon-Hoengseong-gun,강원특별자치도,MEDIT00003,
진찰에 대한 상담료,충청북도,괴산군,10000,10000,10000,10000,,43,43,223,MEDIT00003,Chungbuk-Goesan-gun,충청북도,MEDIT00003,
진찰에 대한 상담료,충청북도,영동군,10000,12500,12500,15000,,43,43,226,MEDIT00003,Chungbuk-Yeongdong-gun,충청북도,MEDIT00003,
진찰에 대한 상담료,충청북도,옥천군,5000,7500,7500,10000,,43,43,227,MEDIT00003,Chungbuk-Okcheon-gun,충청북도,MEDIT00003,
진찰에 대한 상담료,충청북도,음성군,6000,8000,8000,10000,,43,43,228,MEDIT00003,Chungbuk-Eumseong-gun,충청북도,MEDIT00003,
진찰에 대한 상담료,충청북도,제천시,3000,10000,11600,20000,,43,43,229,MEDIT00003,Chungbuk-Jecheon-si,충청북도,MEDIT00003,
진찰에 대한 상담료,충청북도,증평군,5000,5000,5000,5000,,43,43,230,MEDIT00003,Chungbuk-Jeungpyeong-gun,충청북도,MEDIT00003,
진찰에 대한 상담료,충청북도,진천군,3300,6500,5467,6600,,43,43,231,MEDIT00003,Chungbuk-Jincheon-gun,충청북도,MEDIT00003,
진찰에 대한 상담료,충청북도,청주시,5000,9000,10981,50000,,43,43,232,MEDIT00003,Chungbuk-Cheongju-si,충청북도,MEDIT00003,
진찰에 대한 상담료,충청북도,충주시,6000,8000,7857,10000,,43,43,233,MEDIT00003,Chungbuk-Chungju-si,충청북도,MEDIT00003,
진찰에 대한 상담료,충청남도,계룡시,5500,7000,6833,8000,,44,44,207,MEDIT00003,Chungnam-Gyeryong-si,충청남도,MEDIT00003,
진찰에 대한 상담료,충청남도,공주시,10000,15000,15000,20000,,44,44,208,MEDIT00003,Chungnam-Gongju-si,충청남도,MEDIT00003,
진찰에 대한 상담료,충청남도,금산군,10000,10000,10000,10000,,44,44,209,MEDIT00003,Chungnam-Geumsan-gun,충청남도,MEDIT00003,
진찰에 대한 상담료,충청남도,논산시,7000,7000,7000,7000,,44,44,210,MEDIT00003,Chungnam-Nonsan-si,충청남도,MEDIT00003,
진찰에 대한 상담료,충청남도,당진시,5000,10000,8800,11000,,44,44,211,MEDIT00003,Chungnam-Dangjin-si,충청남도,MEDIT00003,
진찰에 대한 상담료,충청남도,보령시,3000,10000,7667,10000,,44,44,212,MEDIT00003,Chungnam-Boryeong-si,충청남도,MEDIT00003,
진찰에 대한 상담료,충청남도,부여군,11000,11000,11000,11000,,44,44,213,MEDIT00003,Chungnam-Buyeo-gun,충청남도,MEDIT00003,
진찰에 대한 상담료,충청남도,서산시,5000,10000,9400,12000,,44,44,214,MEDIT00003,Chungnam-Seosan-si,충청남도,MEDIT00003,
진찰에 대한 상담료,충청남도,아산시,7000,10000,11000,20000,,44,44,216,MEDIT00003,Chungnam-Asan-si,충청남도,MEDIT00003,
진찰에 대한 상담료,충청남도,예산군,10000,10000,10000,10000,,44,44,217,MEDIT00003,Chungnam-Yesan-gun,충청남도,MEDIT00003,
진찰에 대한 상담료,충청남도,천안시,5000,10000,11514,29330,,44,44,218,MEDIT00003,Chungnam-Cheonan-si,충청남도,MEDIT00003,
진찰에 대한 상담료,충청남도,태안군,22000,22000,22000,22000,,44,44,220,MEDIT00003,Chungnam-Taean-gu,충청남도,MEDIT00003,
진찰에 대한 상담료,충청남도,홍성군,5000,8000,8250,12000,,44,44,221,MEDIT00003,Chungnam-Hongseong-gun,충청남도,MEDIT00003,
진찰에 대한 상담료,전북특별자치도,군산시,5000,6000,7286,12000,,45,45,192,MEDIT00003,Jeonbuk-Gunsan-si,전북특별자치도,MEDIT00003,
진찰에 대한 상담료,전북특별자치도,김제시,20000,20000,20000,20000,,45,45,193,MEDIT00003,Jeonbuk-Gimje-si,전북특별자치도,MEDIT00003,
진찰에 대한 상담료,전북특별자치도,남원시,10000,10000,10000,10000,,45,45,194,MEDIT00003,Jeonbuk-Namwon-si,전북특별자치도,MEDIT00003,
진찰에 대한 상담료,전북특별자치도,부안군,10000,10000,10000,10000,,45,45,196,MEDIT00003,Jeonbuk-Buan-gun,전북특별자치도,MEDIT00003,
진찰에 대한 상담료,전북특별자치도,순창군,5000,5000,5000,5000,,45,45,197,MEDIT00003,Jeonbuk-Sunchang-gun,전북특별자치도,MEDIT00003,
진찰에 대한 상담료,전북특별자치도,완주군,5000,11000,10333,15000,,45,45,198,MEDIT00003,Jeonbuk-Wanju-gun,전북특별자치도,MEDIT00003,
진찰에 대한 상담료,전북특별자치도,익산시,2000,10000,10000,30000,,45,45,199,MEDIT00003,Jeonbuk-Iksan-si,전북특별자치도,MEDIT00003,
진찰에 대한 상담료,전북특별자치도,전주시,3000,10000,9120,20000,,45,45,201,MEDIT00003,Jeonbuk-Jeonju-si,전북특별자치도,MEDIT00003,
진찰에 대한 상담료,전북특별자치도,정읍시,5000,7500,7500,10000,,45,45,202,MEDIT00003,Jeonbuk-Jeongeup-si,전북특별자치도,MEDIT00003,
진찰에 대한 상담료,전라남도,고흥군,11000,11000,11000,11000,,46,46,172,MEDIT00003,Jeonnam-Goheung-gun,전라남도,MEDIT00003,
진찰에 대한 상담료,전라남도,광양시,10000,10000,11667,15000,,46,46,174,MEDIT00003,Jeonnam-Gwangyang-si,전라남도,MEDIT00003,
진찰에 대한 상담료,전라남도,나주시,5000,6000,7400,10000,,46,46,176,MEDIT00003,Jeonnam-Naju-si,전라남도,MEDIT00003,
진찰에 대한 상담료,전라남도,목포시,5000,5000,5000,5000,,46,46,178,MEDIT00003,Jeonnam-Mokpo-si,전라남도,MEDIT00003,
진찰에 대한 상담료,전라남도,무안군,5000,5000,5000,5000,,46,46,179,MEDIT00003,Jeonnam-Muan-gun,전라남도,MEDIT00003,
진찰에 대한 상담료,전라남도,순천시,5000,10000,8800,11000,,46,46,180,MEDIT00003,Jeonnam-Suncheon-si,전라남도,MEDIT00003,
진찰에 대한 상담료,전라남도,여수시,5000,5000,7000,10000,,46,46,181,MEDIT00003,Jeonnam-Yeosu-si,전라남도,MEDIT00003,
진찰에 대한 상담료,전라남도,영광군,1000,2000,2000,3000,,46,46,182,MEDIT00003,Jeonnam-Yeonggwang-gun,전라남도,MEDIT00003,
진찰에 대한 상담료,전라남도,장흥군,5000,5000,5000,5000,,46,46,186,MEDIT00003,Jeonnam-Jangheung-gun,전라남도,MEDIT00003,
진찰에 대한 상담료,전라남도,해남군,6000,6000,6000,6000,,46,46,188,MEDIT00003,Jeonnam-Haenam-gun,전라남도,MEDIT00003,
진찰에 대한 상담료,전라남도,화순군,10000,10000,10000,10000,,46,46,189,MEDIT00003,Jeonnam-Hwasun-gun,전라남도,MEDIT00003,
진찰에 대한 상담료,경상북도,경산시,3000,6000,7980,20000,,47,47,69,MEDIT00003,Gyeongbuk-Gyeongsan-si,경상북도,MEDIT00003,
진찰에 대한 상담료,경상북도,경주시,5500,10000,10614,20000,,47,47,70,MEDIT00003,Gyeongbuk-Gyeongju-si,경상북도,MEDIT00003,
진찰에 대한 상담료,경상북도,구미시,5000,8000,8412,20000,,47,47,72,MEDIT00003,Gyeongbuk-Gumi-si,경상북도,MEDIT00003,
진찰에 대한 상담료,경상북도,김천시,10000,10000,10000,10000,,47,47,73,MEDIT00003,Gyeongbuk-Gimcheon-si,경상북도,MEDIT00003,
진찰에 대한 상담료,경상북도,문경시,10000,10000,10000,10000,,47,47,74,MEDIT00003,Gyeongbuk-Mungyeong-si,경상북도,MEDIT00003,
진찰에 대한 상담료,경상북도,상주시,6000,8000,8000,10000,,47,47,75,MEDIT00003,Gyeongbuk-Sangju-si,경상북도,MEDIT00003,
진찰에 대한 상담료,경상북도,성주군,8000,8400,8400,8800,,47,47,76,MEDIT00003,Gyeongbuk-Seongju-gun,경상북도,MEDIT00003,
진찰에 대한 상담료,경상북도,안동시,10000,11000,11000,12000,,47,47,77,MEDIT00003,Gyeongbuk-Andong-si,경상북도,MEDIT00003,
진찰에 대한 상담료,경상북도,영덕군,5000,5000,5000,5000,,47,47,78,MEDIT00003,Gyeongbuk-Yeongdeok-gun,경상북도,MEDIT00003,
진찰에 대한 상담료,경상북도,영주시,5000,10000,8333,10000,,47,47,79,MEDIT00003,Gyeongbuk-Yeongju-si,경상북도,MEDIT00003,
진찰에 대한 상담료,경상북도,영천시,8000,8000,8000,8000,,47,47,80,MEDIT00003,Gyeongbuk-Yeongcheon-si,경상북도,MEDIT00003,
진찰에 대한 상담료,경상북도,칠곡군,7000,8000,8667,11000,,47,47,86,MEDIT00003,Gyeongbuk-Chilgok-gun,경상북도,MEDIT00003,
진찰에 대한 상담료,경상북도,포항시,3000,10000,9976,22000,,47,47,87,MEDIT00003,Gyeongbuk-Pohang-si,경상북도,MEDIT00003,
진찰에 대한 상담료,경상남도,거제시,9000,10000,11091,20000,,48,48,50,MEDIT00003,Gyeongnam-Geoje-si,경상남도,MEDIT00003,
진찰에 대한 상담료,경상남도,거창군,5000,5000,5000,5000,,48,48,51,MEDIT00003,Gyeongnam-Geochang-gun,경상남도,MEDIT00003,
진찰에 대한 상담료,경상남도,고성군,3000,4000,4000,5000,,48,48,52,MEDIT00003,Gyeongnam-Goseong-gun,경상남도,MEDIT00003,
진찰에 대한 상담료,경상남도,김해시,3000,6000,7159,15000,,48,48,53,MEDIT00003,Gyeongnam-Gimhae-si,경상남도,MEDIT00003,
진찰에 대한 상담료,경상남도,남해군,5000,5000,5000,5000,,48,48,54,MEDIT00003,Gyeongnam-Namhae-gun,경상남도,MEDIT00003,
진찰에 대한 상담료,경상남도,밀양시,5000,5000,6250,10000,,48,48,55,MEDIT00003,Gyeongnam-Miryang-si,경상남도,MEDIT00003,
진찰에 대한 상담료,경상남도,사천시,5000,9500,9500,15000,,48,48,56,MEDIT00003,Gyeongnam-Sacheon-si,경상남도,MEDIT00003,
진찰에 대한 상담료,경상남도,산청군,5000,7500,7500,10000,,48,48,57,MEDIT00003,Gyeongnam-Sancheong-gun,경상남도,MEDIT00003,
진찰에 대한 상담료,경상남도,양산시,5000,8850,13206,100000,,48,48,58,MEDIT00003,Gyeongnam-Yangsan-si,경상남도,MEDIT00003,
진찰에 대한 상담료,경상남도,진주시,4000,5000,6538,11000,,48,48,60,MEDIT00003,Gyeongnam-Jinju-si,경상남도,MEDIT00003,
진찰에 대한 상담료,경상남도,창녕군,11000,11500,11500,12000,,48,48,61,MEDIT00003,Gyeongnam-Changnyeong-gun,경상남도,MEDIT00003,
진찰에 대한 상담료,경상남도,창원시,5000,12000,11889,33000,,48,48,62,MEDIT00003,Gyeongnam-Changwon-si,경상남도,MEDIT00003,
진찰에 대한 상담료,경상남도,통영시,5000,6900,7450,11000,,48,48,63,MEDIT00003,Gyeongnam-Tongyeong-si,경상남도,MEDIT00003,
진찰에 대한 상담료,경상남도,함안군,3000,3000,3000,3000,,48,48,65,MEDIT00003,Gyeongnam-Haman-gun,경상남도,MEDIT00003,
진찰에 대한 상담료,경상남도,합천군,10000,10000,10000,10000,,48,48,67,MEDIT00003,Gyeongnam-Hapcheon-gu,경상남도,MEDIT00003,
진찰에 대한 상담료,제주특별자치도,서귀포시,5000,10000,9400,12600,,50,50,204,MEDIT00003,Jeju-Seogwipo,제주특별자치도,MEDIT00003,
진찰에 대한 상담료,제주특별자치도,제주시,3000,10000,9697,30000,,50,50,205,MEDIT00003,Jeju-Jeju-si,제주특별자치도,MEDIT00003,
입원비 개 5kg,서울특별시,강남구,25000,55000,66094,150000,ANITY00006,11,11,128,MEDIT00004,seoul-Gangnam-gu,서울특별시,MEDIT00004,ANITY00006
입원비 개 5kg,서울특별시,강동구,20000,45000,47034,77000,ANITY00006,11,11,129,MEDIT00004,seoul-Gangdong-gu,서울특별시,MEDIT00004,ANITY00006
입원비 개 5kg,서울특별시,강북구,20000,50000,49357,85000,ANITY00006,11,11,130,MEDIT00004,seoul-Gangbuk-gu,서울특별시,MEDIT00004,ANITY00006
입원비 개 5kg,서울특별시,강서구,20000,35000,41200,77000,ANITY00006,11,11,131,MEDIT00004,seoul-Gangseo-gu,서울특별시,MEDIT00004,ANITY00006
입원비 개 5kg,서울특별시,관악구,15000,40000,46615,100000,ANITY00006,11,11,132,MEDIT00004,seoul-Gwanak-gu,서울특별시,MEDIT00004,ANITY00006
입원비 개 5kg,서울특별시,광진구,30000,50000,53457,100000,ANITY00006,11,11,133,MEDIT00004,seoul-Gwangjin-gu,서울특별시,MEDIT00004,ANITY00006
입원비 개 5kg,서울특별시,구로구,20000,48600,53682,165000,ANITY00006,11,11,134,MEDIT00004,seoul-Guro-gu,서울특별시,MEDIT00004,ANITY00006
입원비 개 5kg,서울특별시,금천구,33000,47000,45250,55000,ANITY00006,11,11,135,MEDIT00004,seoul-Geumcheon-gu,서울특별시,MEDIT00004,ANITY00006
입원비 개 5kg,서울특별시,노원구,10000,45000,47659,90000,ANITY00006,11,11,136,MEDIT00004,seoul-Nowon-gu,서울특별시,MEDIT00004,ANITY00006
입원비 개 5kg,서울특별시,도봉구,25000,46000,51277,109600,ANITY00006,11,11,137,MEDIT00004,seoul-Dobong-gu,서울특별시,MEDIT00004,ANITY00006
입원비 개 5kg,서울특별시,동대문구,20000,52500,53411,120000,ANITY00006,11,11,138,MEDIT00004,seoul-Dongdaemun-gu,서울특별시,MEDIT00004,ANITY00006
입원비 개 5kg,서울특별시,동작구,20000,40000,43700,100000,ANITY00006,11,11,139,MEDIT00004,seoul-Dongjak-gu,서울특별시,MEDIT00004,ANITY00006
입원비 개 5kg,서울특별시,마포구,20000,44500,50721,120000,ANITY00006,11,11,140,MEDIT00004,seoul-Mapo-gu,서울특별시,MEDIT00004,ANITY00006
입원비 개 5kg,서울특별시,서대문구,30000,45000,49607,83250,ANITY00006,11,11,141,MEDIT00004,seoul-Seodaemun-gu,서울특별시,MEDIT00004,ANITY00006
입원비 개 5kg,서울특별시,서초구,27000,50000,49704,110000,ANITY00006,11,11,142,MEDIT00004,seoul-Seocho-gu,서울특별시,MEDIT00004,ANITY00006
입원비 개 5kg,서울특별시,성동구,20000,50000,47938,66000,ANITY00006,11,11,143,MEDIT00004,seoul-Seongdong-gu,서울특별시,MEDIT00004,ANITY00006
입원비 개 5kg,서울특별시,성북구,30000,44000,49485,90000,ANITY00006,11,11,144,MEDIT00004,seoul-Seongbuk-gu,서울특별시,MEDIT00004,ANITY00006
입원비 개 5kg,서울특별시,송파구,10000,50000,53953,120000,ANITY00006,11,11,145,MEDIT00004,seoul-Songpa-gu,서울특별시,MEDIT00004,ANITY00006
입원비 개 5kg,서울특별시,양천구,30000,50000,51196,120000,ANITY00006,11,11,146,MEDIT00004,seoul-Yangcheon-gu,서울특별시,MEDIT00004,ANITY00006
입원비 개 5kg,서울특별시,영등포구,25000,40000,41891,65000,ANITY00006,11,11,147,MEDIT00004,seoul-Yeongdeungpo-gu,서울특별시,MEDIT00004,ANITY00006
입원비 개 5kg,서울특별시,용산구,25000,40000,44167,65000,ANITY00006,11,11,148,MEDIT00004,seoul-Yongsan-gu,서울특별시,MEDIT00004,ANITY00006
입원비 개 5kg,서울특별시,은평구,27500,55000,57382,130000,ANITY00006,11,11,149,MEDIT00004,seoul-Eunpyeong-gu,서울특별시,MEDIT00004,ANITY00006
입원비 개 5kg,서울특별시,종로구,35000,57500,52500,60000,ANITY00006,11,11,150,MEDIT00004,seoul-Jongno-gu,서울특별시,MEDIT00004,ANITY00006
입원비 개 5kg,서울특별시,중구,30000,40000,44286,70000,ANITY00006,11,11,151,MEDIT00004,seoul-jung-gu,서울특별시,MEDIT00004,ANITY00006
입원비 개 5kg,서울특별시,중랑구,29000,40000,52933,150000,ANITY00006,11,11,152,MEDIT00004,seoul-Jungnang-gu,서울특별시,MEDIT00004,ANITY00006
입원비 개 5kg,부산광역시,강서구,35000,45000,45200,55000,ANITY00006,26,26,111,MEDIT00004,Busan-Gangseo-gu,부산광역시,MEDIT00004,ANITY00006
입원비 개 5kg,부산광역시,금정구,20000,45000,46800,70000,ANITY00006,26,26,112,MEDIT00004,Busan-Geumjeong-gu,부산광역시,MEDIT00004,ANITY00006
입원비 개 5kg,부산광역시,기장군,36000,51500,49750,60000,ANITY00006,26,26,113,MEDIT00004,Busan-Gijang-gun,부산광역시,MEDIT00004,ANITY00006
입원비 개 5kg,부산광역시,남구,25000,47000,46889,70000,ANITY00006,26,26,114,MEDIT00004,Busan-Nam-gu,부산광역시,MEDIT00004,ANITY00006
입원비 개 5kg,부산광역시,동래구,30000,37500,47162,84970,ANITY00006,26,26,116,MEDIT00004,Busan-Dongrae-gu,부산광역시,MEDIT00004,ANITY00006
입원비 개 5kg,부산광역시,부산진구,23000,50000,43421,70000,ANITY00006,26,26,117,MEDIT00004,Busan-Busanjin-gu,부산광역시,MEDIT00004,ANITY00006
입원비 개 5kg,부산광역시,북구,30000,44000,52864,100000,ANITY00006,26,26,118,MEDIT00004,Busan-Buk-gu,부산광역시,MEDIT00004,ANITY00006
입원비 개 5kg,부산광역시,사상구,25000,40000,66000,150000,ANITY00006,26,26,119,MEDIT00004,Busan-Sasang-gu,부산광역시,MEDIT00004,ANITY00006
입원비 개 5kg,부산광역시,사하구,20000,40000,38667,54000,ANITY00006,26,26,120,MEDIT00004,Busan-Saha-gu,부산광역시,MEDIT00004,ANITY00006
입원비 개 5kg,부산광역시,서구,30000,31500,31500,33000,ANITY00006,26,26,121,MEDIT00004,Busan-Seo-gu,부산광역시,MEDIT00004,ANITY00006
입원비 개 5kg,부산광역시,수영구,25000,40000,55346,143000,ANITY00006,26,26,122,MEDIT00004,Busan-Suyeong-gu,부산광역시,MEDIT00004,ANITY00006
입원비 개 5kg,부산광역시,연제구,20000,50000,69727,180000,ANITY00006,26,26,123,MEDIT00004,Busan-Yeonje-gu,부산광역시,MEDIT00004,ANITY00006
입원비 개 5kg,부산광역시,중구,40000,40000,40000,40000,ANITY00006,26,26,125,MEDIT00004,Busan-Jung-gu,부산광역시,MEDIT00004,ANITY00006
입원비 개 5kg,부산광역시,해운대구,22000,41000,43478,74900,ANITY00006,26,26,126,MEDIT00004,Busan-Haeundae-gu,부산광역시,MEDIT00004,ANITY00006
입원비 개 5kg,대구광역시,남구,40000,45000,45000,50000,ANITY00006,27,27,96,MEDIT00004,Daegu-Nam-gu,대구광역시,MEDIT00004,ANITY00006
입원비 개 5kg,대구광역시,달서구,10000,50000,48296,200000,ANITY00006,27,27,97,MEDIT00004,Daegu-Dalseo-gu,대구광역시,MEDIT00004,ANITY00006
입원비 개 5kg,대구광역시,달성군,33000,50000,52778,80000,ANITY00006,27,27,98,MEDIT00004,Daegu-Dal-Sung-gun,대구광역시,MEDIT00004,ANITY00006
입원비 개 5kg,대구광역시,동구,30000,50000,64909,150000,ANITY00006,27,27,99,MEDIT00004,Daegu-Dong-gu,대구광역시,MEDIT00004,ANITY00006
입원비 개 5kg,대구광역시,북구,30000,50000,54600,150000,ANITY00006,27,27,100,MEDIT00004,Daegu-Buk-gu,대구광역시,MEDIT00004,ANITY00006
입원비 개 5kg,대구광역시,서구,20000,40000,42300,71500,ANITY00006,27,27,101,MEDIT00004,Daegu-Seo-gu,대구광역시,MEDIT00004,ANITY00006
입원비 개 5kg,대구광역시,수성구,30000,55000,59292,150000,ANITY00006,27,27,102,MEDIT00004,Daegu-Suseong-gu,대구광역시,MEDIT00004,ANITY00006
입원비 개 5kg,대구광역시,중구,50000,77000,71714,100000,ANITY00006,27,27,103,MEDIT00004,Daegu-Jung-gu,대구광역시,MEDIT00004,ANITY00006
입원비 개 5kg,인천광역시,강화군,10000,30000,26000,50000,ANITY00006,28,28,162,MEDIT00004,Incheon-Ganghwa-gun,인천광역시,MEDIT00004,ANITY00006
입원비 개 5kg,인천광역시,계양구,25000,80000,70625,110000,ANITY00006,28,28,163,MEDIT00004,Incheon-Gyeyang-gu,인천광역시,MEDIT00004,ANITY00006
입원비 개 5kg,인천광역시,남동구,20000,50000,54050,100000,ANITY00006,28,28,164,MEDIT00004,Incheon-Namdong-gu,인천광역시,MEDIT00004,ANITY00006
입원비 개 5kg,인천광역시,동구,77000,88500,88500,100000,ANITY00006,28,28,165,MEDIT00004,Incheon-Dong-gu,인천광역시,MEDIT00004,ANITY00006
입원비 개 5kg,인천광역시,미추홀구,22000,50000,62418,150000,ANITY00006,28,28,166,MEDIT00004,Incheon-Michuhol-gu,인천광역시,MEDIT00004,ANITY00006
입원비 개 5kg,인천광역시,부평구,30000,45000,52600,95000,ANITY00006,28,28,167,MEDIT00004,Incheon-Bupyeong-gu,인천광역시,MEDIT00004,ANITY00006
입원비 개 5kg,인천광역시,서구,30000,50000,54361,165000,ANITY00006,28,28,168,MEDIT00004,Incheon-Seo-gu,인천광역시,MEDIT00004,ANITY00006
입원비 개 5kg,인천광역시,연수구,30000,45000,50630,100000,ANITY00006,28,28,169,MEDIT00004,Incheon-Yeonsu-gu,인천광역시,MEDIT00004,ANITY00006
입원비 개 5kg,인천광역시,중구,30000,30000,39000,55000,ANITY00006,28,28,170,MEDIT00004,Incheon-Jung-gu,인천광역시,MEDIT00004,ANITY00006
입원비 개 5kg,광주광역시,광산구,20000,42000,51917,140000,ANITY00006,29,29,89,MEDIT00004,Gwangju-Gwangsan-gu,광주광역시,MEDIT00004,ANITY00006
입원비 개 5kg,광주광역시,남구,30000,50000,53091,120000,ANITY00006,29,29,90,MEDIT00004,Gwangju-Nam-gu,광주광역시,MEDIT00004,ANITY00006
입원비 개 5kg,광주광역시,동구,40000,50000,48200,56000,ANITY00006,29,29,91,MEDIT00004,Gwangju-Dong-gu,광주광역시,MEDIT00004,ANITY00006
입원비 개 5kg,광주광역시,북구,22000,50000,50176,99000,ANITY00006,29,29,92,MEDIT00004,Gwangju-Buk-gu,광주광역시,MEDIT00004,ANITY00006
입원비 개 5kg,광주광역시,서구,28000,42500,43833,70000,ANITY00006,29,29,93,MEDIT00004,Gwangju-Seo-gu,광주광역시,MEDIT00004,ANITY00006
입원비 개 5kg,대전광역시,대덕구,30000,60000,50000,60000,ANITY00006,30,30,105,MEDIT00004,Daejeon-Daedeok-gu,대전광역시,MEDIT00004,ANITY00006
입원비 개 5kg,대전광역시,동구,20000,60000,60929,100000,ANITY00006,30,30,106,MEDIT00004,Daejeon-Dong-gu,대전광역시,MEDIT00004,ANITY00006
입원비 개 5kg,대전광역시,서구,30000,44000,52579,100000,ANITY00006,30,30,107,MEDIT00004,Daejeon-Seo-gu,대전광역시,MEDIT00004,ANITY00006
입원비 개 5kg,대전광역시,유성구,20000,55000,54067,100000,ANITY00006,30,30,108,MEDIT00004,Daejeon-Yuseong-gu,대전광역시,MEDIT00004,ANITY00006
입원비 개 5kg,대전광역시,중구,20000,55000,55625,100000,ANITY00006,30,30,109,MEDIT00004,Daejeon-Jung-gu,대전광역시,MEDIT00004,ANITY00006
입원비 개 5kg,울산광역시,남구,30000,45000,52730,150000,ANITY00006,31,31,156,MEDIT00004,Ulsan-Nam-gu,울산광역시,MEDIT00004,ANITY00006
입원비 개 5kg,울산광역시,동구,30000,37500,38750,50000,ANITY00006,31,31,157,MEDIT00004,Ulsan-Dong-gu,울산광역시,MEDIT00004,ANITY00006
입원비 개 5kg,울산광역시,북구,20000,35000,39000,75000,ANITY00006,31,31,158,MEDIT00004,Ulsan-Buk-gu,울산광역시,MEDIT00004,ANITY00006
입원비 개 5kg,울산광역시,울주군,20000,40000,45400,100000,ANITY00006,31,31,159,MEDIT00004,Ulsan-Ulju-gun,울산광역시,MEDIT00004,ANITY00006
입원비 개 5kg,울산광역시,중구,30000,44000,49111,110000,ANITY00006,31,31,160,MEDIT00004,Ulsan-Jung-gu,울산광역시,MEDIT00004,ANITY00006
입원비 개 5kg,세종특별자치시,세종특별자치시,25000,45000,52915,108900,ANITY00006,36,36,154,MEDIT00004,Sejong-Sejong-si,세종특별자치시,MEDIT00004,ANITY00006
입원비 개 5kg,경기도,가평군,70000,70000,70000,70000,ANITY00006,41,41,19,MEDIT00004,Gyeonggi-Gapyeong-gun,경기도,MEDIT00004,ANITY00006
입원비 개 5kg,경기도,고양시,25000,44500,48206,120000,ANITY00006,41,41,20,MEDIT00004,Gyeonggi-Goyang-si,경기도,MEDIT00004,ANITY00006
입원비 개 5kg,경기도,과천시,50000,60000,61250,75000,ANITY00006,41,41,21,MEDIT00004,Gyeonggi-Gwacheon,경기도,MEDIT00004,ANITY00006
입원비 개 5kg,경기도,광명시,30000,50000,51727,80000,ANITY00006,41,41,22,MEDIT00004,Gyeonggi-Gwangmyeong,경기도,MEDIT00004,ANITY00006
입원비 개 5kg,경기도,광주시,35000,52500,61500,150000,ANITY00006,41,41,23,MEDIT00004,Gyeonggi-Gwangju-si,경기도,MEDIT00004,ANITY00006
입원비 개 5kg,경기도,구리시,25000,47000,52000,136000,ANITY00006,41,41,24,MEDIT00004,Gyeonggi-Guri-si,경기도,MEDIT00004,ANITY00006
입원비 개 5kg,경기도,군포시,25000,54500,64897,150000,ANITY00006,41,41,25,MEDIT00004,Gyeonggi-Gunpo,경기도,MEDIT00004,ANITY00006
입원비 개 5kg,경기도,김포시,10000,47500,48400,120000,ANITY00006,41,41,26,MEDIT00004,Gyeonggi-Gimpo-si,경기도,MEDIT00004,ANITY00006
입원비 개 5kg,경기도,남양주시,30000,47500,52771,99000,ANITY00006,41,41,27,MEDIT00004,Gyeonggi-Namyangju-si,경기도,MEDIT00004,ANITY00006
입원비 개 5kg,경기도,동두천시,25000,40000,35000,40000,ANITY00006,41,41,28,MEDIT00004,Gyeonggi-Dongducheon-si,경기도,MEDIT00004,ANITY00006
입원비 개 5kg,경기도,부천시,20000,45000,50665,110000,ANITY00006,41,41,29,MEDIT00004,Gyeonggi-Bucheon,경기도,MEDIT00004,ANITY00006
입원비 개 5kg,경기도,성남시,30000,50000,50975,108000,ANITY00006,41,41,30,MEDIT00004,Gyeonggi-Seongnam,경기도,MEDIT00004,ANITY00006
입원비 개 5kg,경기도,수원시,30000,45000,46885,80000,ANITY00006,41,41,31,MEDIT00004,Gyeonggi-Suwon-si,경기도,MEDIT00004,ANITY00006
입원비 개 5kg,경기도,시흥시,22000,44000,44700,70000,ANITY00006,41,41,32,MEDIT00004,Gyeonggi-Siheung,경기도,MEDIT00004,ANITY00006
입원비 개 5kg,경기도,안산시,25000,50000,49588,88000,ANITY00006,41,41,33,MEDIT00004,Gyeonggi-Ansan,경기도,MEDIT00004,ANITY00006
입원비 개 5kg,경기도,안성시,20000,44000,45125,88000,ANITY00006,41,41,34,MEDIT00004,Gyeonggi-Anseong-si,경기도,MEDIT00004,ANITY00006
입원비 개 5kg,경기도,안양시,25000,40000,48423,100000,ANITY00006,41,41,35,MEDIT00004,Gyeonggi-Anyang,경기도,MEDIT00004,ANITY00006
입원비 개 5kg,경기도,양주시,30000,45000,49167,80000,ANITY00006,41,41,36,MEDIT00004,Gyeonggi-Yangju-si,경기도,MEDIT00004,ANITY00006
입원비 개 5kg,경기도,양평군,50000,58000,61500,80000,ANITY00006,41,41,37,MEDIT00004,Gyeonggi-Yangpyeong-gun,경기도,MEDIT00004,ANITY00006
입원비 개 5kg,경기도,여주시,40000,40000,40000,40000,ANITY00006,41,41,38,MEDIT00004,Gyeonggi-Yeoju-si,경기도,MEDIT00004,ANITY00006
입원비 개 5kg,경기도,오산시,30000,52500,67500,150000,ANITY00006,41,41,39,MEDIT00004,Gyeonggi-Osan-si,경기도,MEDIT00004,ANITY00006
입원비 개 5kg,경기도,용인시,20000,50000,46259,100000,ANITY00006,41,41,40,MEDIT00004,Gyeonggi-Yongin-si,경기도,MEDIT00004,ANITY00006
입원비 개 5kg,경기도,의왕시,30000,40000,41667,55000,ANITY00006,41,41,41,MEDIT00004,Gyeonggi-Uiwang,경기도,MEDIT00004,ANITY00006
입원비 개 5kg,경기도,의정부시,30000,50000,56867,100000,ANITY00006,41,41,42,MEDIT00004,Gyeonggi-Uijeongbu-si,경기도,MEDIT00004,ANITY00006
입원비 개 5kg,경기도,이천시,25000,33000,39636,70000,ANITY00006,41,41,43,MEDIT00004,Gyeonggi-Icheon-si,경기도,MEDIT00004,ANITY00006
입원비 개 5kg,경기도,파주시,30000,40000,45500,100000,ANITY00006,41,41,44,MEDIT00004,Gyeonggi-Paju-si,경기도,MEDIT00004,ANITY00006
입원비 개 5kg,경기도,평택시,30000,50000,57556,110000,ANITY00006,41,41,45,MEDIT00004,Gyeonggi-Pyeongtaek-si,경기도,MEDIT00004,ANITY00006
입원비 개 5kg,경기도,포천시,30000,50000,43333,50000,ANITY00006,41,41,46,MEDIT00004,Gyeonggi-Pocheon-si,경기도,MEDIT00004,ANITY00006
입원비 개 5kg,경기도,하남시,20000,45000,46136,88000,ANITY00006,41,41,47,MEDIT00004,Gyeonggi-Hanam-si,경기도,MEDIT00004,ANITY00006
입원비 개 5kg,경기도,화성시,20000,45000,46410,100000,ANITY00006,41,41,48,MEDIT00004,Gyeonggi-Hwaseong-si,경기도,MEDIT00004,ANITY00006
입원비 개 5kg,강원특별자치도,강릉시,30000,55000,56083,100000,ANITY00006,42,42,2,MEDIT00004,Gangwon-Gangneung-si,강원특별자치도,MEDIT00004,ANITY00006
입원비 개 5kg,강원특별자치도,삼척시,30000,30000,30000,30000,ANITY00006,42,42,5,MEDIT00004,Gangwon-Samcheok-si,강원특별자치도,MEDIT00004,ANITY00006
입원비 개 5kg,강원특별자치도,속초시,50000,50000,51250,55000,ANITY00006,42,42,6,MEDIT00004,Gangwon-Sokcho-si,강원특별자치도,MEDIT00004,ANITY00006
입원비 개 5kg,강원특별자치도,양양군,40000,45000,45000,50000,ANITY00006,42,42,8,MEDIT00004,Gangwon-Yangyang-gun,강원특별자치도,MEDIT00004,ANITY00006
입원비 개 5kg,강원특별자치도,영월군,40000,40000,40000,40000,ANITY00006,42,42,9,MEDIT00004,Gangwon-Yeongwol-gun,강원특별자치도,MEDIT00004,ANITY00006
입원비 개 5kg,강원특별자치도,원주시,30000,45000,48438,100000,ANITY00006,42,42,10,MEDIT00004,Gangwon-Wonju-si,강원특별자치도,MEDIT00004,ANITY00006
입원비 개 5kg,강원특별자치도,인제군,30000,40000,40000,50000,ANITY00006,42,42,11,MEDIT00004,Gangwon-Inje-gun,강원특별자치도,MEDIT00004,ANITY00006
입원비 개 5kg,강원특별자치도,춘천시,20000,45000,46692,100000,ANITY00006,42,42,13,MEDIT00004,Gangwon-Chuncheon-si,강원특별자치도,MEDIT00004,ANITY00006
입원비 개 5kg,강원특별자치도,태백시,50000,50000,50000,50000,ANITY00006,42,42,14,MEDIT00004,Gangwon-Taebaek-si,강원특별자치도,MEDIT00004,ANITY00006
입원비 개 5kg,강원특별자치도,홍천군,40000,47500,47500,55000,ANITY00006,42,42,15,MEDIT00004,Gangwon-Hongcheon-gun,강원특별자치도,MEDIT00004,ANITY00006
입원비 개 5kg,충청북도,영동군,15000,37500,37500,60000,ANITY00006,43,43,226,MEDIT00004,Chungbuk-Yeongdong-gun,충청북도,MEDIT00004,ANITY00006
입원비 개 5kg,충청북도,옥천군,30000,40000,40000,50000,ANITY00006,43,43,227,MEDIT00004,Chungbuk-Okcheon-gun,충청북도,MEDIT00004,ANITY00006
입원비 개 5kg,충청북도,음성군,20000,40000,35000,45000,ANITY00006,43,43,228,MEDIT00004,Chungbuk-Eumseong-gun,충청북도,MEDIT00004,ANITY00006
입원비 개 5kg,충청북도,제천시,40000,50000,48000,55000,ANITY00006,43,43,229,MEDIT00004,Chungbuk-Jecheon-si,충청북도,MEDIT00004,ANITY00006
입원비 개 5kg,충청북도,진천군,22000,30000,34200,45000,ANITY00006,43,43,231,MEDIT00004,Chungbuk-Jincheon-gun,충청북도,MEDIT00004,ANITY00006
입원비 개 5kg,충청북도,청주시,16500,50000,53335,114200,ANITY00006,43,43,232,MEDIT00004,Chungbuk-Cheongju-si,충청북도,MEDIT00004,ANITY00006
입원비 개 5kg,충청남도,계룡시,80000,80000,80000,80000,ANITY00006,44,44,207,MEDIT00004,Chungnam-Gyeryong-si,충청남도,MEDIT00004,ANITY00006
입원비 개 5kg,충청남도,공주시,70000,70000,70000,70000,ANITY00006,44,44,208,MEDIT00004,Chungnam-Gongju-si,충청남도,MEDIT00004,ANITY00006
입원비 개 5kg,충청남도,당진시,30000,48000,48000,66000,ANITY00006,44,44,211,MEDIT00004,Chungnam-Dangjin-si,충청남도,MEDIT00004,ANITY00006
입원비 개 5kg,충청남도,부여군,60000,60000,60000,60000,ANITY00006,44,44,213,MEDIT00004,Chungnam-Buyeo-gun,충청남도,MEDIT00004,ANITY00006
입원비 개 5kg,충청남도,서산시,100000,125000,125000,150000,ANITY00006,44,44,214,MEDIT00004,Chungnam-Seosan-si,충청남도,MEDIT00004,ANITY00006
입원비 개 5kg,충청남도,아산시,33000,52500,51500,70000,ANITY00006,44,44,216,MEDIT00004,Chungnam-Asan-si,충청남도,MEDIT00004,ANITY00006
입원비 개 5kg,충청남도,예산군,30000,48000,48000,66000,ANITY00006,44,44,217,MEDIT00004,Chungnam-Yesan-gun,충청남도,MEDIT00004,ANITY00006
입원비 개 5kg,충청남도,천안시,11700,55000,60030,150000,ANITY00006,44,44,218,MEDIT00004,Chungnam-Cheonan-si,충청남도,MEDIT00004,ANITY00006
입원비 개 5kg,충청남도,태안군,80000,100000,103333,130000,ANITY00006,44,44,220,MEDIT00004,Chungnam-Taean-gu,충청남도,MEDIT00004,ANITY00006
입원비 개 5kg,충청남도,홍성군,30000,33000,37667,50000,ANITY00006,44,44,221,MEDIT00004,Chungnam-Hongseong-gun,충청남도,MEDIT00004,ANITY00006
입원비 개 5kg,전북특별자치도,군산시,30000,35000,43333,70000,ANITY00006,45,45,192,MEDIT00004,Jeonbuk-Gunsan-si,전북특별자치도,MEDIT00004,ANITY00006
입원비 개 5kg,전북특별자치도,남원시,30000,30000,30000,30000,ANITY00006,45,45,194,MEDIT00004,Jeonbuk-Namwon-si,전북특별자치도,MEDIT00004,ANITY00006
입원비 개 5kg,전북특별자치도,부안군,50000,100000,100000,150000,ANITY00006,45,45,196,MEDIT00004,Jeonbuk-Buan-gun,전북특별자치도,MEDIT00004,ANITY00006
입원비 개 5kg,전북특별자치도,완주군,50000,62500,62500,75000,ANITY00006,45,45,198,MEDIT00004,Jeonbuk-Wanju-gun,전북특별자치도,MEDIT00004,ANITY00006
입원비 개 5kg,전북특별자치도,익산시,35000,50000,50667,74000,ANITY00006,45,45,199,MEDIT00004,Jeonbuk-Iksan-si,전북특별자치도,MEDIT00004,ANITY00006
입원비 개 5kg,전북특별자치도,전주시,15000,47500,45464,80000,ANITY00006,45,45,201,MEDIT00004,Jeonbuk-Jeonju-si,전북특별자치도,MEDIT00004,ANITY00006
입원비 개 5kg,전북특별자치도,정읍시,50000,50000,50000,50000,ANITY00006,45,45,202,MEDIT00004,Jeonbuk-Jeongeup-si,전북특별자치도,MEDIT00004,ANITY00006
입원비 개 5kg,전라남도,광양시,40000,45000,45000,50000,ANITY00006,46,46,174,MEDIT00004,Jeonnam-Gwangyang-si,전라남도,MEDIT00004,ANITY00006
입원비 개 5kg,전라남도,나주시,25000,50000,61250,120000,ANITY00006,46,46,176,MEDIT00004,Jeonnam-Naju-si,전라남도,MEDIT00004,ANITY00006
입원비 개 5kg,전라남도,목포시,150000,150000,150000,150000,ANITY00006,46,46,178,MEDIT00004,Jeonnam-Mokpo-si,전라남도,MEDIT00004,ANITY00006
입원비 개 5kg,전라남도,무안군,40000,50000,48750,55000,ANITY00006,46,46,179,MEDIT00004,Jeonnam-Muan-gun,전라남도,MEDIT00004,ANITY00006
입원비 개 5kg,전라남도,순천시,35000,50000,52000,80000,ANITY00006,46,46,180,MEDIT00004,Jeonnam-Suncheon-si,전라남도,MEDIT00004,ANITY00006
입원비 개 5kg,전라남도,여수시,30000,30000,30000,30000,ANITY00006,46,46,181,MEDIT00004,Jeonnam-Yeosu-si,전라남도,MEDIT00004,ANITY00006
입원비 개 5kg,전라남도,영광군,70000,85000,85000,100000,ANITY00006,46,46,182,MEDIT00004,Jeonnam-Yeonggwang-gun,전라남도,MEDIT00004,ANITY00006
입원비 개 5kg,전라남도,장흥군,40000,40000,40000,40000,ANITY00006,46,46,186,MEDIT00004,Jeonnam-Jangheung-gun,전라남도,MEDIT00004,ANITY00006
입원비 개 5kg,전라남도,화순군,20000,20000,30000,50000,ANITY00006,46,46,189,MEDIT00004,Jeonnam-Hwasun-gun,전라남도,MEDIT00004,ANITY00006
입원비 개 5kg,경상북도,경산시,30000,50000,56250,110000,ANITY00006,47,47,69,MEDIT00004,Gyeongbuk-Gyeongsan-si,경상북도,MEDIT00004,ANITY00006
입원비 개 5kg,경상북도,경주시,30000,50000,57143,100000,ANITY00006,47,47,70,MEDIT00004,Gyeongbuk-Gyeongju-si,경상북도,MEDIT00004,ANITY00006
입원비 개 5kg,경상북도,구미시,40000,60000,65833,100000,ANITY00006,47,47,72,MEDIT00004,Gyeongbuk-Gumi-si,경상북도,MEDIT00004,ANITY00006
입원비 개 5kg,경상북도,김천시,30000,35000,42833,77000,ANITY00006,47,47,73,MEDIT00004,Gyeongbuk-Gimcheon-si,경상북도,MEDIT00004,ANITY00006
입원비 개 5kg,경상북도,문경시,50000,50000,50000,50000,ANITY00006,47,47,74,MEDIT00004,Gyeongbuk-Mungyeong-si,경상북도,MEDIT00004,ANITY00006
입원비 개 5kg,경상북도,상주시,70000,70000,70000,70000,ANITY00006,47,47,75,MEDIT00004,Gyeongbuk-Sangju-si,경상북도,MEDIT00004,ANITY00006
입원비 개 5kg,경상북도,성주군,40000,50000,55667,77000,ANITY00006,47,47,76,MEDIT00004,Gyeongbuk-Seongju-gun,경상북도,MEDIT00004,ANITY00006
입원비 개 5kg,경상북도,안동시,45000,72500,72500,100000,ANITY00006,47,47,77,MEDIT00004,Gyeongbuk-Andong-si,경상북도,MEDIT00004,ANITY00006
입원비 개 5kg,경상북도,영덕군,50000,50000,50000,50000,ANITY00006,47,47,78,MEDIT00004,Gyeongbuk-Yeongdeok-gun,경상북도,MEDIT00004,ANITY00006
입원비 개 5kg,경상북도,영주시,40000,55000,53667,66000,ANITY00006,47,47,79,MEDIT00004,Gyeongbuk-Yeongju-si,경상북도,MEDIT00004,ANITY00006
입원비 개 5kg,경상북도,영천시,40000,40000,40000,40000,ANITY00006,47,47,80,MEDIT00004,Gyeongbuk-Yeongcheon-si,경상북도,MEDIT00004,ANITY00006
입원비 개 5kg,경상북도,예천군,33000,33000,33000,33000,ANITY00006,47,47,81,MEDIT00004,Gyeongbuk-Yecheon-gun,경상북도,MEDIT00004,ANITY00006
입원비 개 5kg,경상북도,청도군,20000,35000,35000,50000,ANITY00006,47,47,84,MEDIT00004,Gyeongbuk-Cheongdo-gun,경상북도,MEDIT00004,ANITY00006
입원비 개 5kg,경상북도,칠곡군,35000,55000,73333,130000,ANITY00006,47,47,86,MEDIT00004,Gyeongbuk-Chilgok-gun,경상북도,MEDIT00004,ANITY00006
입원비 개 5kg,경상북도,포항시,30000,59000,67933,150000,ANITY00006,47,47,87,MEDIT00004,Gyeongbuk-Pohang-si,경상북도,MEDIT00004,ANITY00006
입원비 개 5kg,경상남도,거제시,30000,40000,44571,66000,ANITY00006,48,48,50,MEDIT00004,Gyeongnam-Geoje-si,경상남도,MEDIT00004,ANITY00006
입원비 개 5kg,경상남도,거창군,33000,33000,33000,33000,ANITY00006,48,48,51,MEDIT00004,Gyeongnam-Geochang-gun,경상남도,MEDIT00004,ANITY00006
입원비 개 5kg,경상남도,김해시,25000,40000,46706,160000,ANITY00006,48,48,53,MEDIT00004,Gyeongnam-Gimhae-si,경상남도,MEDIT00004,ANITY00006
입원비 개 5kg,경상남도,밀양시,50000,55000,55000,60000,ANITY00006,48,48,55,MEDIT00004,Gyeongnam-Miryang-si,경상남도,MEDIT00004,ANITY00006
입원비 개 5kg,경상남도,사천시,35000,50000,54000,77000,ANITY00006,48,48,56,MEDIT00004,Gyeongnam-Sacheon-si,경상남도,MEDIT00004,ANITY00006
입원비 개 5kg,경상남도,산청군,30000,30000,30000,30000,ANITY00006,48,48,57,MEDIT00004,Gyeongnam-Sancheong-gun,경상남도,MEDIT00004,ANITY00006
입원비 개 5kg,경상남도,양산시,19000,50000,55600,100000,ANITY00006,48,48,58,MEDIT00004,Gyeongnam-Yangsan-si,경상남도,MEDIT00004,ANITY00006
입원비 개 5kg,경상남도,진주시,20000,52500,66000,160000,ANITY00006,48,48,60,MEDIT00004,Gyeongnam-Jinju-si,경상남도,MEDIT00004,ANITY00006
입원비 개 5kg,경상남도,창녕군,30000,35000,55000,100000,ANITY00006,48,48,61,MEDIT00004,Gyeongnam-Changnyeong-gun,경상남도,MEDIT00004,ANITY00006
입원비 개 5kg,경상남도,창원시,20000,42000,49682,200000,ANITY00006,48,48,62,MEDIT00004,Gyeongnam-Changwon-si,경상남도,MEDIT00004,ANITY00006
입원비 개 5kg,경상남도,통영시,25000,47500,58833,110000,ANITY00006,48,48,63,MEDIT00004,Gyeongnam-Tongyeong-si,경상남도,MEDIT00004,ANITY00006
입원비 개 5kg,경상남도,하동군,40000,45000,45000,50000,ANITY00006,48,48,64,MEDIT00004,Gyeongnam-Hadong-gun,경상남도,MEDIT00004,ANITY00006
입원비 개 5kg,경상남도,합천군,88000,88000,88000,88000,ANITY00006,48,48,67,MEDIT00004,Gyeongnam-Hapcheon-gu,경상남도,MEDIT00004,ANITY00006
입원비 개 5kg,제주특별자치도,서귀포시,25000,56500,52500,77000,ANITY00006,50,50,204,MEDIT00004,Jeju-Seogwipo,제주특별자치도,MEDIT00004,ANITY00006
입원비 개 5kg,제주특별자치도,제주시,20000,40000,49500,150000,ANITY00006,50,50,205,MEDIT00004,Jeju-Jeju-si,제주특별자치도,MEDIT00004,ANITY00006
입원비 개 10kg,서울특별시,강남구,25000,70000,76923,150000,ANITY00007,11,11,128,MEDIT00004,seoul-Gangnam-gu,서울특별시,MEDIT00004,ANITY00007
입원비 개 10kg,서울특별시,강동구,30000,55000,55310,88000,ANITY00007,11,11,129,MEDIT00004,seoul-Gangdong-gu,서울특별시,MEDIT00004,ANITY00007
입원비 개 10kg,서울특별시,강북구,25000,70000,68000,140000,ANITY00007,11,11,130,MEDIT00004,seoul-Gangbuk-gu,서울특별시,MEDIT00004,ANITY00007
입원비 개 10kg,서울특별시,강서구,20000,50000,50900,99000,ANITY00007,11,11,131,MEDIT00004,seoul-Gangseo-gu,서울특별시,MEDIT00004,ANITY00007
입원비 개 10kg,서울특별시,관악구,25000,52000,62500,110000,ANITY00007,11,11,132,MEDIT00004,seoul-Gwanak-gu,서울특별시,MEDIT00004,ANITY00007
입원비 개 10kg,서울특별시,광진구,30000,70000,67880,130000,ANITY00007,11,11,133,MEDIT00004,seoul-Gwangjin-gu,서울특별시,MEDIT00004,ANITY00007
입원비 개 10kg,서울특별시,구로구,30000,56650,69144,165000,ANITY00007,11,11,134,MEDIT00004,seoul-Guro-gu,서울특별시,MEDIT00004,ANITY00007
입원비 개 10kg,서울특별시,금천구,48000,60000,59875,70000,ANITY00007,11,11,135,MEDIT00004,seoul-Geumcheon-gu,서울특별시,MEDIT00004,ANITY00007
입원비 개 10kg,서울특별시,노원구,20000,57500,57513,120000,ANITY00007,11,11,136,MEDIT00004,seoul-Nowon-gu,서울특별시,MEDIT00004,ANITY00007
입원비 개 10kg,서울특별시,도봉구,25000,60000,65169,120200,ANITY00007,11,11,137,MEDIT00004,seoul-Dobong-gu,서울특별시,MEDIT00004,ANITY00007
입원비 개 10kg,서울특별시,동대문구,22000,57000,59578,120000,ANITY00007,11,11,138,MEDIT00004,seoul-Dongdaemun-gu,서울특별시,MEDIT00004,ANITY00007
입원비 개 10kg,서울특별시,동작구,20000,52000,58467,200000,ANITY00007,11,11,139,MEDIT00004,seoul-Dongjak-gu,서울특별시,MEDIT00004,ANITY00007
입원비 개 10kg,서울특별시,마포구,20000,57250,64009,150000,ANITY00007,11,11,140,MEDIT00004,seoul-Mapo-gu,서울특별시,MEDIT00004,ANITY00007
입원비 개 10kg,서울특별시,서대문구,30000,65000,62857,99000,ANITY00007,11,11,141,MEDIT00004,seoul-Seodaemun-gu,서울특별시,MEDIT00004,ANITY00007
입원비 개 10kg,서울특별시,서초구,27000,60000,62074,150000,ANITY00007,11,11,142,MEDIT00004,seoul-Seocho-gu,서울특별시,MEDIT00004,ANITY00007
입원비 개 10kg,서울특별시,성동구,30000,60000,60938,80000,ANITY00007,11,11,143,MEDIT00004,seoul-Seongdong-gu,서울특별시,MEDIT00004,ANITY00007
입원비 개 10kg,서울특별시,성북구,30000,60500,59258,97100,ANITY00007,11,11,144,MEDIT00004,seoul-Seongbuk-gu,서울특별시,MEDIT00004,ANITY00007
입원비 개 10kg,서울특별시,송파구,10000,68000,69524,150000,ANITY00007,11,11,145,MEDIT00004,seoul-Songpa-gu,서울특별시,MEDIT00004,ANITY00007
입원비 개 10kg,서울특별시,양천구,30000,60000,67079,150000,ANITY00007,11,11,146,MEDIT00004,seoul-Yangcheon-gu,서울특별시,MEDIT00004,ANITY00007
입원비 개 10kg,서울특별시,영등포구,25000,50000,50391,80000,ANITY00007,11,11,147,MEDIT00004,seoul-Yeongdeungpo-gu,서울특별시,MEDIT00004,ANITY00007
입원비 개 10kg,서울특별시,용산구,35000,52500,53333,75000,ANITY00007,11,11,148,MEDIT00004,seoul-Yongsan-gu,서울특별시,MEDIT00004,ANITY00007
입원비 개 10kg,서울특별시,은평구,33000,60000,70118,130000,ANITY00007,11,11,149,MEDIT00004,seoul-Eunpyeong-gu,서울특별시,MEDIT00004,ANITY00007
입원비 개 10kg,서울특별시,종로구,35000,68000,65250,90000,ANITY00007,11,11,150,MEDIT00004,seoul-Jongno-gu,서울특별시,MEDIT00004,ANITY00007
입원비 개 10kg,서울특별시,중구,40000,50000,50000,70000,ANITY00007,11,11,151,MEDIT00004,seoul-jung-gu,서울특별시,MEDIT00004,ANITY00007
입원비 개 10kg,서울특별시,중랑구,40000,52500,60643,160000,ANITY00007,11,11,152,MEDIT00004,seoul-Jungnang-gu,서울특별시,MEDIT00004,ANITY00007
입원비 개 10kg,부산광역시,강서구,40000,59400,58267,75000,ANITY00007,26,26,111,MEDIT00004,Busan-Gangseo-gu,부산광역시,MEDIT00004,ANITY00007
입원비 개 10kg,부산광역시,금정구,40000,55000,60714,80000,ANITY00007,26,26,112,MEDIT00004,Busan-Geumjeong-gu,부산광역시,MEDIT00004,ANITY00007
입원비 개 10kg,부산광역시,기장군,48000,55000,57000,70000,ANITY00007,26,26,113,MEDIT00004,Busan-Gijang-gun,부산광역시,MEDIT00004,ANITY00007
입원비 개 10kg,부산광역시,남구,30000,67500,64375,100000,ANITY00007,26,26,114,MEDIT00004,Busan-Nam-gu,부산광역시,MEDIT00004,ANITY00007
입원비 개 10kg,부산광역시,동래구,40000,50000,57023,90640,ANITY00007,26,26,116,MEDIT00004,Busan-Dongrae-gu,부산광역시,MEDIT00004,ANITY00007
입원비 개 10kg,부산광역시,부산진구,30000,55000,57947,100000,ANITY00007,26,26,117,MEDIT00004,Busan-Busanjin-gu,부산광역시,MEDIT00004,ANITY00007
입원비 개 10kg,부산광역시,북구,40000,60000,67864,131500,ANITY00007,26,26,118,MEDIT00004,Busan-Buk-gu,부산광역시,MEDIT00004,ANITY00007
입원비 개 10kg,부산광역시,사상구,35000,50000,71714,150000,ANITY00007,26,26,119,MEDIT00004,Busan-Sasang-gu,부산광역시,MEDIT00004,ANITY00007
입원비 개 10kg,부산광역시,사하구,30000,50000,47111,64000,ANITY00007,26,26,120,MEDIT00004,Busan-Saha-gu,부산광역시,MEDIT00004,ANITY00007
입원비 개 10kg,부산광역시,서구,40000,40000,40000,40000,ANITY00007,26,26,121,MEDIT00004,Busan-Seo-gu,부산광역시,MEDIT00004,ANITY00007
입원비 개 10kg,부산광역시,수영구,35000,50000,69731,173000,ANITY00007,26,26,122,MEDIT00004,Busan-Suyeong-gu,부산광역시,MEDIT00004,ANITY00007
입원비 개 10kg,부산광역시,연제구,20000,55000,70875,200000,ANITY00007,26,26,123,MEDIT00004,Busan-Yeonje-gu,부산광역시,MEDIT00004,ANITY00007
입원비 개 10kg,부산광역시,중구,40000,40000,40000,40000,ANITY00007,26,26,125,MEDIT00004,Busan-Jung-gu,부산광역시,MEDIT00004,ANITY00007
입원비 개 10kg,부산광역시,해운대구,27500,50000,56169,100000,ANITY00007,26,26,126,MEDIT00004,Busan-Haeundae-gu,부산광역시,MEDIT00004,ANITY00007
입원비 개 10kg,대구광역시,남구,60000,70000,70000,80000,ANITY00007,27,27,96,MEDIT00004,Daegu-Nam-gu,대구광역시,MEDIT00004,ANITY00007
입원비 개 10kg,대구광역시,달서구,15000,53500,59538,200000,ANITY00007,27,27,97,MEDIT00004,Daegu-Dalseo-gu,대구광역시,MEDIT00004,ANITY00007
입원비 개 10kg,대구광역시,달성군,40000,70000,83556,200000,ANITY00007,27,27,98,MEDIT00004,Daegu-Dal-Sung-gun,대구광역시,MEDIT00004,ANITY00007
입원비 개 10kg,대구광역시,동구,40000,78500,80200,150000,ANITY00007,27,27,99,MEDIT00004,Daegu-Dong-gu,대구광역시,MEDIT00004,ANITY00007
입원비 개 10kg,대구광역시,북구,30000,65000,70000,200000,ANITY00007,27,27,100,MEDIT00004,Daegu-Buk-gu,대구광역시,MEDIT00004,ANITY00007
입원비 개 10kg,대구광역시,서구,20000,40000,46300,71500,ANITY00007,27,27,101,MEDIT00004,Daegu-Seo-gu,대구광역시,MEDIT00004,ANITY00007
입원비 개 10kg,대구광역시,수성구,40000,70000,77087,150000,ANITY00007,27,27,102,MEDIT00004,Daegu-Suseong-gu,대구광역시,MEDIT00004,ANITY00007
입원비 개 10kg,대구광역시,중구,60000,80000,87857,150000,ANITY00007,27,27,103,MEDIT00004,Daegu-Jung-gu,대구광역시,MEDIT00004,ANITY00007
입원비 개 10kg,인천광역시,강화군,10000,50000,40000,70000,ANITY00007,28,28,162,MEDIT00004,Incheon-Ganghwa-gun,인천광역시,MEDIT00004,ANITY00007
입원비 개 10kg,인천광역시,계양구,25000,100000,92500,150000,ANITY00007,28,28,163,MEDIT00004,Incheon-Gyeyang-gu,인천광역시,MEDIT00004,ANITY00007
입원비 개 10kg,인천광역시,남동구,20000,62500,68050,150000,ANITY00007,28,28,164,MEDIT00004,Incheon-Namdong-gu,인천광역시,MEDIT00004,ANITY00007
입원비 개 10kg,인천광역시,동구,99000,99500,99500,100000,ANITY00007,28,28,165,MEDIT00004,Incheon-Dong-gu,인천광역시,MEDIT00004,ANITY00007
입원비 개 10kg,인천광역시,미추홀구,30000,55000,72960,150000,ANITY00007,28,28,166,MEDIT00004,Incheon-Michuhol-gu,인천광역시,MEDIT00004,ANITY00007
입원비 개 10kg,인천광역시,부평구,30000,52500,61750,105000,ANITY00007,28,28,167,MEDIT00004,Incheon-Bupyeong-gu,인천광역시,MEDIT00004,ANITY00007
입원비 개 10kg,인천광역시,서구,30000,55000,63233,165000,ANITY00007,28,28,168,MEDIT00004,Incheon-Seo-gu,인천광역시,MEDIT00004,ANITY00007
입원비 개 10kg,인천광역시,연수구,40000,57000,66227,200000,ANITY00007,28,28,169,MEDIT00004,Incheon-Yeonsu-gu,인천광역시,MEDIT00004,ANITY00007
입원비 개 10kg,인천광역시,중구,30000,40000,47000,70000,ANITY00007,28,28,170,MEDIT00004,Incheon-Jung-gu,인천광역시,MEDIT00004,ANITY00007
입원비 개 10kg,광주광역시,광산구,20000,50000,58853,140000,ANITY00007,29,29,89,MEDIT00004,Gwangju-Gwangsan-gu,광주광역시,MEDIT00004,ANITY00007
입원비 개 10kg,광주광역시,남구,30000,50000,61364,200000,ANITY00007,29,29,90,MEDIT00004,Gwangju-Nam-gu,광주광역시,MEDIT00004,ANITY00007
입원비 개 10kg,광주광역시,동구,45000,50000,53400,67000,ANITY00007,29,29,91,MEDIT00004,Gwangju-Dong-gu,광주광역시,MEDIT00004,ANITY00007
입원비 개 10kg,광주광역시,북구,22000,50000,55267,125000,ANITY00007,29,29,92,MEDIT00004,Gwangju-Buk-gu,광주광역시,MEDIT00004,ANITY00007
입원비 개 10kg,광주광역시,서구,30000,50000,49333,70000,ANITY00007,29,29,93,MEDIT00004,Gwangju-Seo-gu,광주광역시,MEDIT00004,ANITY00007
입원비 개 10kg,대전광역시,대덕구,50000,80000,70000,80000,ANITY00007,30,30,105,MEDIT00004,Daejeon-Daedeok-gu,대전광역시,MEDIT00004,ANITY00007
입원비 개 10kg,대전광역시,동구,30000,89500,81333,100000,ANITY00007,30,30,106,MEDIT00004,Daejeon-Dong-gu,대전광역시,MEDIT00004,ANITY00007
입원비 개 10kg,대전광역시,서구,40000,70000,78647,150000,ANITY00007,30,30,107,MEDIT00004,Daejeon-Seo-gu,대전광역시,MEDIT00004,ANITY00007
입원비 개 10kg,대전광역시,유성구,30000,55000,65867,121000,ANITY00007,30,30,108,MEDIT00004,Daejeon-Yuseong-gu,대전광역시,MEDIT00004,ANITY00007
입원비 개 10kg,대전광역시,중구,20000,70000,70714,100000,ANITY00007,30,30,109,MEDIT00004,Daejeon-Jung-gu,대전광역시,MEDIT00004,ANITY00007
입원비 개 10kg,울산광역시,남구,40000,57200,67397,200000,ANITY00007,31,31,156,MEDIT00004,Ulsan-Nam-gu,울산광역시,MEDIT00004,ANITY00007
입원비 개 10kg,울산광역시,동구,30000,46000,48000,70000,ANITY00007,31,31,157,MEDIT00004,Ulsan-Dong-gu,울산광역시,MEDIT00004,ANITY00007
입원비 개 10kg,울산광역시,북구,30000,45000,52000,100000,ANITY00007,31,31,158,MEDIT00004,Ulsan-Buk-gu,울산광역시,MEDIT00004,ANITY00007
입원비 개 10kg,울산광역시,울주군,20000,50000,60400,100000,ANITY00007,31,31,159,MEDIT00004,Ulsan-Ulju-gun,울산광역시,MEDIT00004,ANITY00007
입원비 개 10kg,울산광역시,중구,33000,60000,76000,220000,ANITY00007,31,31,160,MEDIT00004,Ulsan-Jung-gu,울산광역시,MEDIT00004,ANITY00007
입원비 개 10kg,세종특별자치시,세종특별자치시,35000,55000,67685,150000,ANITY00007,36,36,154,MEDIT00004,Sejong-Sejong-si,세종특별자치시,MEDIT00004,ANITY00007
입원비 개 10kg,경기도,가평군,100000,100000,100000,100000,ANITY00007,41,41,19,MEDIT00004,Gyeonggi-Gapyeong-gun,경기도,MEDIT00004,ANITY00007
입원비 개 10kg,경기도,고양시,31500,50000,61639,150000,ANITY00007,41,41,20,MEDIT00004,Gyeonggi-Goyang-si,경기도,MEDIT00004,ANITY00007
입원비 개 10kg,경기도,과천시,60000,80000,80000,100000,ANITY00007,41,41,21,MEDIT00004,Gyeonggi-Gwacheon,경기도,MEDIT00004,ANITY00007
입원비 개 10kg,경기도,광명시,37500,65000,63045,100000,ANITY00007,41,41,22,MEDIT00004,Gyeonggi-Gwangmyeong,경기도,MEDIT00004,ANITY00007
입원비 개 10kg,경기도,광주시,35000,68000,70625,150000,ANITY00007,41,41,23,MEDIT00004,Gyeonggi-Gwangju-si,경기도,MEDIT00004,ANITY00007
입원비 개 10kg,경기도,구리시,35000,50000,52222,80000,ANITY00007,41,41,24,MEDIT00004,Gyeonggi-Guri-si,경기도,MEDIT00004,ANITY00007
입원비 개 10kg,경기도,군포시,30000,62500,72026,150000,ANITY00007,41,41,25,MEDIT00004,Gyeonggi-Gunpo,경기도,MEDIT00004,ANITY00007
입원비 개 10kg,경기도,김포시,20000,55000,65867,150000,ANITY00007,41,41,26,MEDIT00004,Gyeonggi-Gimpo-si,경기도,MEDIT00004,ANITY00007
입원비 개 10kg,경기도,남양주시,30000,60000,64087,105000,ANITY00007,41,41,27,MEDIT00004,Gyeonggi-Namyangju-si,경기도,MEDIT00004,ANITY00007
입원비 개 10kg,경기도,동두천시,35000,50000,45000,50000,ANITY00007,41,41,28,MEDIT00004,Gyeonggi-Dongducheon-si,경기도,MEDIT00004,ANITY00007
입원비 개 10kg,경기도,부천시,25000,55000,63000,165000,ANITY00007,41,41,29,MEDIT00004,Gyeonggi-Bucheon,경기도,MEDIT00004,ANITY00007
입원비 개 10kg,경기도,성남시,30000,55000,63348,150000,ANITY00007,41,41,30,MEDIT00004,Gyeonggi-Seongnam,경기도,MEDIT00004,ANITY00007
입원비 개 10kg,경기도,수원시,30000,50000,57310,110000,ANITY00007,41,41,31,MEDIT00004,Gyeonggi-Suwon-si,경기도,MEDIT00004,ANITY00007
입원비 개 10kg,경기도,시흥시,27500,55000,57393,100000,ANITY00007,41,41,32,MEDIT00004,Gyeonggi-Siheung,경기도,MEDIT00004,ANITY00007
입원비 개 10kg,경기도,안산시,40000,57500,62500,100000,ANITY00007,41,41,33,MEDIT00004,Gyeonggi-Ansan,경기도,MEDIT00004,ANITY00007
입원비 개 10kg,경기도,안성시,30000,49000,57875,100000,ANITY00007,41,41,34,MEDIT00004,Gyeonggi-Anseong-si,경기도,MEDIT00004,ANITY00007
입원비 개 10kg,경기도,안양시,25000,60000,65417,132000,ANITY00007,41,41,35,MEDIT00004,Gyeonggi-Anyang,경기도,MEDIT00004,ANITY00007
입원비 개 10kg,경기도,양주시,40000,55000,60000,90000,ANITY00007,41,41,36,MEDIT00004,Gyeonggi-Yangju-si,경기도,MEDIT00004,ANITY00007
입원비 개 10kg,경기도,양평군,50000,89500,82250,100000,ANITY00007,41,41,37,MEDIT00004,Gyeonggi-Yangpyeong-gun,경기도,MEDIT00004,ANITY00007
입원비 개 10kg,경기도,여주시,40000,40000,40000,40000,ANITY00007,41,41,38,MEDIT00004,Gyeonggi-Yeoju-si,경기도,MEDIT00004,ANITY00007
입원비 개 10kg,경기도,오산시,40000,70000,85833,200000,ANITY00007,41,41,39,MEDIT00004,Gyeonggi-Osan-si,경기도,MEDIT00004,ANITY00007
입원비 개 10kg,경기도,용인시,30000,60000,61667,100000,ANITY00007,41,41,40,MEDIT00004,Gyeonggi-Yongin-si,경기도,MEDIT00004,ANITY00007
입원비 개 10kg,경기도,의왕시,40000,50000,52000,66000,ANITY00007,41,41,41,MEDIT00004,Gyeonggi-Uiwang,경기도,MEDIT00004,ANITY00007
입원비 개 10kg,경기도,의정부시,38500,60000,66900,110000,ANITY00007,41,41,42,MEDIT00004,Gyeonggi-Uijeongbu-si,경기도,MEDIT00004,ANITY00007
입원비 개 10kg,경기도,이천시,30000,45000,48636,85000,ANITY00007,41,41,43,MEDIT00004,Gyeonggi-Icheon-si,경기도,MEDIT00004,ANITY00007
입원비 개 10kg,경기도,파주시,40000,50000,62125,150000,ANITY00007,41,41,44,MEDIT00004,Gyeonggi-Paju-si,경기도,MEDIT00004,ANITY00007
입원비 개 10kg,경기도,평택시,40000,63000,71222,150000,ANITY00007,41,41,45,MEDIT00004,Gyeonggi-Pyeongtaek-si,경기도,MEDIT00004,ANITY00007
입원비 개 10kg,경기도,포천시,50000,50000,53333,60000,ANITY00007,41,41,46,MEDIT00004,Gyeonggi-Pocheon-si,경기도,MEDIT00004,ANITY00007
입원비 개 10kg,경기도,하남시,20000,50000,60667,100000,ANITY00007,41,41,47,MEDIT00004,Gyeonggi-Hanam-si,경기도,MEDIT00004,ANITY00007
입원비 개 10kg,경기도,화성시,20000,50000,55722,120000,ANITY00007,41,41,48,MEDIT00004,Gyeonggi-Hwaseong-si,경기도,MEDIT00004,ANITY00007
입원비 개 10kg,강원특별자치도,강릉시,30000,70000,71083,110000,ANITY00007,42,42,2,MEDIT00004,Gangwon-Gangneung-si,강원특별자치도,MEDIT00004,ANITY00007
입원비 개 10kg,강원특별자치도,속초시,55000,70000,68750,80000,ANITY00007,42,42,6,MEDIT00004,Gangwon-Sokcho-si,강원특별자치도,MEDIT00004,ANITY00007
입원비 개 10kg,강원특별자치도,양양군,40000,45000,45000,50000,ANITY00007,42,42,8,MEDIT00004,Gangwon-Yangyang-gun,강원특별자치도,MEDIT00004,ANITY00007
입원비 개 10kg,강원특별자치도,영월군,40000,40000,40000,40000,ANITY00007,42,42,9,MEDIT00004,Gangwon-Yeongwol-gun,강원특별자치도,MEDIT00004,ANITY00007
입원비 개 10kg,강원특별자치도,원주시,35000,60000,61250,150000,ANITY00007,42,42,10,MEDIT00004,Gangwon-Wonju-si,강원특별자치도,MEDIT00004,ANITY00007
입원비 개 10kg,강원특별자치도,인제군,40000,55000,55000,70000,ANITY00007,42,42,11,MEDIT00004,Gangwon-Inje-gun,강원특별자치도,MEDIT00004,ANITY00007
입원비 개 10kg,강원특별자치도,춘천시,30000,55000,58909,150000,ANITY00007,42,42,13,MEDIT00004,Gangwon-Chuncheon-si,강원특별자치도,MEDIT00004,ANITY00007
입원비 개 10kg,강원특별자치도,태백시,80000,80000,80000,80000,ANITY00007,42,42,14,MEDIT00004,Gangwon-Taebaek-si,강원특별자치도,MEDIT00004,ANITY00007
입원비 개 10kg,강원특별자치도,홍천군,50000,52500,52500,55000,ANITY00007,42,42,15,MEDIT00004,Gangwon-Hongcheon-gun,강원특별자치도,MEDIT00004,ANITY00007
입원비 개 10kg,충청북도,영동군,15000,47500,47500,80000,ANITY00007,43,43,226,MEDIT00004,Chungbuk-Yeongdong-gun,충청북도,MEDIT00004,ANITY00007
입원비 개 10kg,충청북도,옥천군,35000,52500,52500,70000,ANITY00007,43,43,227,MEDIT00004,Chungbuk-Okcheon-gun,충청북도,MEDIT00004,ANITY00007
입원비 개 10kg,충청북도,음성군,25000,50000,41667,50000,ANITY00007,43,43,228,MEDIT00004,Chungbuk-Eumseong-gun,충청북도,MEDIT00004,ANITY00007
입원비 개 10kg,충청북도,제천시,50000,60000,67600,90000,ANITY00007,43,43,229,MEDIT00004,Chungbuk-Jecheon-si,충청북도,MEDIT00004,ANITY00007
입원비 개 10kg,충청북도,진천군,22000,40000,43600,66000,ANITY00007,43,43,231,MEDIT00004,Chungbuk-Jincheon-gun,충청북도,MEDIT00004,ANITY00007
입원비 개 10kg,충청북도,청주시,22000,55000,65424,150000,ANITY00007,43,43,232,MEDIT00004,Chungbuk-Cheongju-si,충청북도,MEDIT00004,ANITY00007
입원비 개 10kg,충청남도,계룡시,80000,80000,80000,80000,ANITY00007,44,44,207,MEDIT00004,Chungnam-Gyeryong-si,충청남도,MEDIT00004,ANITY00007
입원비 개 10kg,충청남도,공주시,100000,100000,100000,100000,ANITY00007,44,44,208,MEDIT00004,Chungnam-Gongju-si,충청남도,MEDIT00004,ANITY00007
입원비 개 10kg,충청남도,당진시,80000,84000,84000,88000,ANITY00007,44,44,211,MEDIT00004,Chungnam-Dangjin-si,충청남도,MEDIT00004,ANITY00007
입원비 개 10kg,충청남도,부여군,80000,80000,80000,80000,ANITY00007,44,44,213,MEDIT00004,Chungnam-Buyeo-gun,충청남도,MEDIT00004,ANITY00007
입원비 개 10kg,충청남도,서산시,100000,150000,150000,200000,ANITY00007,44,44,214,MEDIT00004,Chungnam-Seosan-si,충청남도,MEDIT00004,ANITY00007
입원비 개 10kg,충청남도,아산시,40000,55000,59125,87000,ANITY00007,44,44,216,MEDIT00004,Chungnam-Asan-si,충청남도,MEDIT00004,ANITY00007
입원비 개 10kg,충청남도,예산군,88000,88000,88000,88000,ANITY00007,44,44,217,MEDIT00004,Chungnam-Yesan-gun,충청남도,MEDIT00004,ANITY00007
입원비 개 10kg,충청남도,천안시,21500,65000,72283,200000,ANITY00007,44,44,218,MEDIT00004,Chungnam-Cheonan-si,충청남도,MEDIT00004,ANITY00007
입원비 개 10kg,충청남도,태안군,130000,140000,136667,140000,ANITY00007,44,44,220,MEDIT00004,Chungnam-Taean-gu,충청남도,MEDIT00004,ANITY00007
입원비 개 10kg,충청남도,홍성군,40000,49500,46500,50000,ANITY00007,44,44,221,MEDIT00004,Chungnam-Hongseong-gun,충청남도,MEDIT00004,ANITY00007
입원비 개 10kg,전북특별자치도,군산시,40000,45000,50000,70000,ANITY00007,45,45,192,MEDIT00004,Jeonbuk-Gunsan-si,전북특별자치도,MEDIT00004,ANITY00007
입원비 개 10kg,전북특별자치도,남원시,40000,40000,40000,40000,ANITY00007,45,45,194,MEDIT00004,Jeonbuk-Namwon-si,전북특별자치도,MEDIT00004,ANITY00007
입원비 개 10kg,전북특별자치도,부안군,80000,115000,115000,150000,ANITY00007,45,45,196,MEDIT00004,Jeonbuk-Buan-gun,전북특별자치도,MEDIT00004,ANITY00007
입원비 개 10kg,전북특별자치도,완주군,70000,82500,82500,95000,ANITY00007,45,45,198,MEDIT00004,Jeonbuk-Wanju-gun,전북특별자치도,MEDIT00004,ANITY00007
입원비 개 10kg,전북특별자치도,익산시,45000,68500,69167,95000,ANITY00007,45,45,199,MEDIT00004,Jeonbuk-Iksan-si,전북특별자치도,MEDIT00004,ANITY00007
입원비 개 10kg,전북특별자치도,전주시,20000,50000,51768,100000,ANITY00007,45,45,201,MEDIT00004,Jeonbuk-Jeonju-si,전북특별자치도,MEDIT00004,ANITY00007
입원비 개 10kg,전북특별자치도,정읍시,50000,50000,50000,50000,ANITY00007,45,45,202,MEDIT00004,Jeonbuk-Jeongeup-si,전북특별자치도,MEDIT00004,ANITY00007
입원비 개 10kg,전라남도,광양시,70000,70000,70000,70000,ANITY00007,46,46,174,MEDIT00004,Jeonnam-Gwangyang-si,전라남도,MEDIT00004,ANITY00007
입원비 개 10kg,전라남도,나주시,45000,62500,80000,150000,ANITY00007,46,46,176,MEDIT00004,Jeonnam-Naju-si,전라남도,MEDIT00004,ANITY00007
입원비 개 10kg,전라남도,목포시,200000,200000,200000,200000,ANITY00007,46,46,178,MEDIT00004,Jeonnam-Mokpo-si,전라남도,MEDIT00004,ANITY00007
입원비 개 10kg,전라남도,무안군,50000,50000,59000,77000,ANITY00007,46,46,179,MEDIT00004,Jeonnam-Muan-gun,전라남도,MEDIT00004,ANITY00007
입원비 개 10kg,전라남도,순천시,45000,66000,66200,100000,ANITY00007,46,46,180,MEDIT00004,Jeonnam-Suncheon-si,전라남도,MEDIT00004,ANITY00007
입원비 개 10kg,전라남도,여수시,30000,35000,35000,40000,ANITY00007,46,46,181,MEDIT00004,Jeonnam-Yeosu-si,전라남도,MEDIT00004,ANITY00007
입원비 개 10kg,전라남도,영광군,70000,85000,85000,100000,ANITY00007,46,46,182,MEDIT00004,Jeonnam-Yeonggwang-gun,전라남도,MEDIT00004,ANITY00007
입원비 개 10kg,전라남도,장흥군,40000,40000,40000,40000,ANITY00007,46,46,186,MEDIT00004,Jeonnam-Jangheung-gun,전라남도,MEDIT00004,ANITY00007
입원비 개 10kg,전라남도,화순군,20000,20000,33333,60000,ANITY00007,46,46,189,MEDIT00004,Jeonnam-Hwasun-gun,전라남도,MEDIT00004,ANITY00007
입원비 개 10kg,경상북도,경산시,40000,60000,74545,150000,ANITY00007,47,47,69,MEDIT00004,Gyeongbuk-Gyeongsan-si,경상북도,MEDIT00004,ANITY00007
입원비 개 10kg,경상북도,경주시,50000,70000,85857,200000,ANITY00007,47,47,70,MEDIT00004,Gyeongbuk-Gyeongju-si,경상북도,MEDIT00004,ANITY00007
입원비 개 10kg,경상북도,구미시,40000,80000,78889,150000,ANITY00007,47,47,72,MEDIT00004,Gyeongbuk-Gumi-si,경상북도,MEDIT00004,ANITY00007
입원비 개 10kg,경상북도,김천시,40000,50000,60000,110000,ANITY00007,47,47,73,MEDIT00004,Gyeongbuk-Gimcheon-si,경상북도,MEDIT00004,ANITY00007
입원비 개 10kg,경상북도,문경시,70000,70000,70000,70000,ANITY00007,47,47,74,MEDIT00004,Gyeongbuk-Mungyeong-si,경상북도,MEDIT00004,ANITY00007
입원비 개 10kg,경상북도,상주시,100000,100000,100000,100000,ANITY00007,47,47,75,MEDIT00004,Gyeongbuk-Sangju-si,경상북도,MEDIT00004,ANITY00007
입원비 개 10kg,경상북도,성주군,50000,70000,65667,77000,ANITY00007,47,47,76,MEDIT00004,Gyeongbuk-Seongju-gun,경상북도,MEDIT00004,ANITY00007
입원비 개 10kg,경상북도,안동시,60000,80000,80000,100000,ANITY00007,47,47,77,MEDIT00004,Gyeongbuk-Andong-si,경상북도,MEDIT00004,ANITY00007
입원비 개 10kg,경상북도,영덕군,75000,75000,75000,75000,ANITY00007,47,47,78,MEDIT00004,Gyeongbuk-Yeongdeok-gun,경상북도,MEDIT00004,ANITY00007
입원비 개 10kg,경상북도,영주시,50000,55000,60667,77000,ANITY00007,47,47,79,MEDIT00004,Gyeongbuk-Yeongju-si,경상북도,MEDIT00004,ANITY00007
입원비 개 10kg,경상북도,영천시,65000,65000,65000,65000,ANITY00007,47,47,80,MEDIT00004,Gyeongbuk-Yeongcheon-si,경상북도,MEDIT00004,ANITY00007
입원비 개 10kg,경상북도,예천군,55000,55000,55000,55000,ANITY00007,47,47,81,MEDIT00004,Gyeongbuk-Yecheon-gun,경상북도,MEDIT00004,ANITY00007
입원비 개 10kg,경상북도,청도군,30000,45000,45000,60000,ANITY00007,47,47,84,MEDIT00004,Gyeongbuk-Cheongdo-gun,경상북도,MEDIT00004,ANITY00007
입원비 개 10kg,경상북도,칠곡군,88000,134000,134000,180000,ANITY00007,47,47,86,MEDIT00004,Gyeongbuk-Chilgok-gun,경상북도,MEDIT00004,ANITY00007
입원비 개 10kg,경상북도,포항시,50000,70000,83857,200000,ANITY00007,47,47,87,MEDIT00004,Gyeongbuk-Pohang-si,경상북도,MEDIT00004,ANITY00007
입원비 개 10kg,경상남도,거제시,50000,77000,70571,99000,ANITY00007,48,48,50,MEDIT00004,Gyeongnam-Geoje-si,경상남도,MEDIT00004,ANITY00007
입원비 개 10kg,경상남도,거창군,44000,44000,44000,44000,ANITY00007,48,48,51,MEDIT00004,Gyeongnam-Geochang-gun,경상남도,MEDIT00004,ANITY00007
입원비 개 10kg,경상남도,김해시,25000,50000,59133,160000,ANITY00007,48,48,53,MEDIT00004,Gyeongnam-Gimhae-si,경상남도,MEDIT00004,ANITY00007
입원비 개 10kg,경상남도,밀양시,60000,65000,65000,70000,ANITY00007,48,48,55,MEDIT00004,Gyeongnam-Miryang-si,경상남도,MEDIT00004,ANITY00007
입원비 개 10kg,경상남도,사천시,50000,70000,65667,77000,ANITY00007,48,48,56,MEDIT00004,Gyeongnam-Sacheon-si,경상남도,MEDIT00004,ANITY00007
입원비 개 10kg,경상남도,산청군,30000,30000,30000,30000,ANITY00007,48,48,57,MEDIT00004,Gyeongnam-Sancheong-gun,경상남도,MEDIT00004,ANITY00007
입원비 개 10kg,경상남도,양산시,30000,70000,76933,160000,ANITY00007,48,48,58,MEDIT00004,Gyeongnam-Yangsan-si,경상남도,MEDIT00004,ANITY00007
입원비 개 10kg,경상남도,진주시,20000,66000,72154,170000,ANITY00007,48,48,60,MEDIT00004,Gyeongnam-Jinju-si,경상남도,MEDIT00004,ANITY00007
입원비 개 10kg,경상남도,창녕군,40000,45000,78333,150000,ANITY00007,48,48,61,MEDIT00004,Gyeongnam-Changnyeong-gun,경상남도,MEDIT00004,ANITY00007
입원비 개 10kg,경상남도,창원시,25000,55000,62207,200000,ANITY00007,48,48,62,MEDIT00004,Gyeongnam-Changwon-si,경상남도,MEDIT00004,ANITY00007
입원비 개 10kg,경상남도,통영시,35000,65000,78833,154000,ANITY00007,48,48,63,MEDIT00004,Gyeongnam-Tongyeong-si,경상남도,MEDIT00004,ANITY00007
입원비 개 10kg,경상남도,하동군,40000,55000,55000,70000,ANITY00007,48,48,64,MEDIT00004,Gyeongnam-Hadong-gun,경상남도,MEDIT00004,ANITY00007
입원비 개 10kg,경상남도,합천군,114000,114000,114000,114000,ANITY00007,48,48,67,MEDIT00004,Gyeongnam-Hapcheon-gu,경상남도,MEDIT00004,ANITY00007
입원비 개 10kg,제주특별자치도,서귀포시,50000,90000,79000,99000,ANITY00007,50,50,204,MEDIT00004,Jeju-Seogwipo,제주특별자치도,MEDIT00004,ANITY00007
입원비 개 10kg,제주특별자치도,제주시,30000,50000,61833,150000,ANITY00007,50,50,205,MEDIT00004,Jeju-Jeju-si,제주특별자치도,MEDIT00004,ANITY00007
입원비 개 20kg,서울특별시,강남구,30000,92700,93865,200000,ANITY00008,11,11,128,MEDIT00004,seoul-Gangnam-gu,서울특별시,MEDIT00004,ANITY00008
입원비 개 20kg,서울특별시,강동구,40000,70000,73640,150000,ANITY00008,11,11,129,MEDIT00004,seoul-Gangdong-gu,서울특별시,MEDIT00004,ANITY00008
입원비 개 20kg,서울특별시,강북구,45000,80000,89286,180000,ANITY00008,11,11,130,MEDIT00004,seoul-Gangbuk-gu,서울특별시,MEDIT00004,ANITY00008
입원비 개 20kg,서울특별시,강서구,38500,60000,62406,100000,ANITY00008,11,11,131,MEDIT00004,seoul-Gangseo-gu,서울특별시,MEDIT00004,ANITY00008
입원비 개 20kg,서울특별시,관악구,25000,64800,74618,131000,ANITY00008,11,11,132,MEDIT00004,seoul-Gwanak-gu,서울특별시,MEDIT00004,ANITY00008
입원비 개 20kg,서울특별시,광진구,30000,80000,85425,200000,ANITY00008,11,11,133,MEDIT00004,seoul-Gwangjin-gu,서울특별시,MEDIT00004,ANITY00008
입원비 개 20kg,서울특별시,구로구,45000,84000,100179,190700,ANITY00008,11,11,134,MEDIT00004,seoul-Guro-gu,서울특별시,MEDIT00004,ANITY00008
입원비 개 20kg,서울특별시,금천구,66000,80000,83750,100000,ANITY00008,11,11,135,MEDIT00004,seoul-Geumcheon-gu,서울특별시,MEDIT00004,ANITY00008
입원비 개 20kg,서울특별시,노원구,20000,73000,69675,122100,ANITY00008,11,11,136,MEDIT00004,seoul-Nowon-gu,서울특별시,MEDIT00004,ANITY00008
입원비 개 20kg,서울특별시,도봉구,25000,70000,88178,200000,ANITY00008,11,11,137,MEDIT00004,seoul-Dobong-gu,서울특별시,MEDIT00004,ANITY00008
입원비 개 20kg,서울특별시,동대문구,37400,80000,84024,240000,ANITY00008,11,11,138,MEDIT00004,seoul-Dongdaemun-gu,서울특별시,MEDIT00004,ANITY00008
입원비 개 20kg,서울특별시,동작구,20000,71500,77250,200000,ANITY00008,11,11,139,MEDIT00004,seoul-Dongjak-gu,서울특별시,MEDIT00004,ANITY00008
입원비 개 20kg,서울특별시,마포구,20000,60000,72427,190000,ANITY00008,11,11,140,MEDIT00004,seoul-Mapo-gu,서울특별시,MEDIT00004,ANITY00008
입원비 개 20kg,서울특별시,서대문구,50000,70000,82071,133500,ANITY00008,11,11,141,MEDIT00004,seoul-Seodaemun-gu,서울특별시,MEDIT00004,ANITY00008
입원비 개 20kg,서울특별시,서초구,30000,80000,76045,140000,ANITY00008,11,11,142,MEDIT00004,seoul-Seocho-gu,서울특별시,MEDIT00004,ANITY00008
입원비 개 20kg,서울특별시,성동구,40000,80000,79727,110000,ANITY00008,11,11,143,MEDIT00004,seoul-Seongdong-gu,서울특별시,MEDIT00004,ANITY00008
입원비 개 20kg,서울특별시,성북구,30000,77000,84111,160000,ANITY00008,11,11,144,MEDIT00004,seoul-Seongbuk-gu,서울특별시,MEDIT00004,ANITY00008
입원비 개 20kg,서울특별시,송파구,15000,80000,89886,200000,ANITY00008,11,11,145,MEDIT00004,seoul-Songpa-gu,서울특별시,MEDIT00004,ANITY00008
입원비 개 20kg,서울특별시,양천구,40000,90000,90386,200000,ANITY00008,11,11,146,MEDIT00004,seoul-Yangcheon-gu,서울특별시,MEDIT00004,ANITY00008
입원비 개 20kg,서울특별시,영등포구,30000,62500,69500,130000,ANITY00008,11,11,147,MEDIT00004,seoul-Yeongdeungpo-gu,서울특별시,MEDIT00004,ANITY00008
입원비 개 20kg,서울특별시,용산구,50000,60000,65000,85000,ANITY00008,11,11,148,MEDIT00004,seoul-Yongsan-gu,서울특별시,MEDIT00004,ANITY00008
입원비 개 20kg,서울특별시,은평구,48000,80000,89833,150000,ANITY00008,11,11,149,MEDIT00004,seoul-Eunpyeong-gu,서울특별시,MEDIT00004,ANITY00008
입원비 개 20kg,서울특별시,종로구,50000,89500,87250,120000,ANITY00008,11,11,150,MEDIT00004,seoul-Jongno-gu,서울특별시,MEDIT00004,ANITY00008
입원비 개 20kg,서울특별시,중구,50000,65000,72857,100000,ANITY00008,11,11,151,MEDIT00004,seoul-jung-gu,서울특별시,MEDIT00004,ANITY00008
입원비 개 20kg,서울특별시,중랑구,40000,60000,71250,180000,ANITY00008,11,11,152,MEDIT00004,seoul-Jungnang-gu,서울특별시,MEDIT00004,ANITY00008
입원비 개 20kg,부산광역시,강서구,45000,65000,70743,110000,ANITY00008,26,26,111,MEDIT00004,Busan-Gangseo-gu,부산광역시,MEDIT00004,ANITY00008
입원비 개 20kg,부산광역시,금정구,50000,75000,75286,90000,ANITY00008,26,26,112,MEDIT00004,Busan-Geumjeong-gu,부산광역시,MEDIT00004,ANITY00008
입원비 개 20kg,부산광역시,기장군,60000,68000,76000,100000,ANITY00008,26,26,113,MEDIT00004,Busan-Gijang-gun,부산광역시,MEDIT00004,ANITY00008
입원비 개 20kg,부산광역시,남구,40000,80000,79000,130000,ANITY00008,26,26,114,MEDIT00004,Busan-Nam-gu,부산광역시,MEDIT00004,ANITY00008
입원비 개 20kg,부산광역시,동래구,45000,70000,70169,110000,ANITY00008,26,26,116,MEDIT00004,Busan-Dongrae-gu,부산광역시,MEDIT00004,ANITY00008
입원비 개 20kg,부산광역시,부산진구,45000,75000,79000,200000,ANITY00008,26,26,117,MEDIT00004,Busan-Busanjin-gu,부산광역시,MEDIT00004,ANITY00008
입원비 개 20kg,부산광역시,북구,40000,80000,88850,150000,ANITY00008,26,26,118,MEDIT00004,Busan-Buk-gu,부산광역시,MEDIT00004,ANITY00008
입원비 개 20kg,부산광역시,사상구,40000,57500,79500,150000,ANITY00008,26,26,119,MEDIT00004,Busan-Sasang-gu,부산광역시,MEDIT00004,ANITY00008
입원비 개 20kg,부산광역시,사하구,40000,60000,57222,74000,ANITY00008,26,26,120,MEDIT00004,Busan-Saha-gu,부산광역시,MEDIT00004,ANITY00008
입원비 개 20kg,부산광역시,서구,60000,60000,60000,60000,ANITY00008,26,26,121,MEDIT00004,Busan-Seo-gu,부산광역시,MEDIT00004,ANITY00008
입원비 개 20kg,부산광역시,수영구,35000,70000,90000,223000,ANITY00008,26,26,122,MEDIT00004,Busan-Suyeong-gu,부산광역시,MEDIT00004,ANITY00008
입원비 개 20kg,부산광역시,연제구,20000,80000,89286,220000,ANITY00008,26,26,123,MEDIT00004,Busan-Yeonje-gu,부산광역시,MEDIT00004,ANITY00008
입원비 개 20kg,부산광역시,중구,80000,80000,80000,80000,ANITY00008,26,26,125,MEDIT00004,Busan-Jung-gu,부산광역시,MEDIT00004,ANITY00008
입원비 개 20kg,부산광역시,해운대구,33000,80000,78000,150000,ANITY00008,26,26,126,MEDIT00004,Busan-Haeundae-gu,부산광역시,MEDIT00004,ANITY00008
입원비 개 20kg,대구광역시,남구,70000,110000,110000,150000,ANITY00008,27,27,96,MEDIT00004,Daegu-Nam-gu,대구광역시,MEDIT00004,ANITY00008
입원비 개 20kg,대구광역시,달서구,20000,73500,78636,200000,ANITY00008,27,27,97,MEDIT00004,Daegu-Dalseo-gu,대구광역시,MEDIT00004,ANITY00008
입원비 개 20kg,대구광역시,달성군,40000,100000,113000,300000,ANITY00008,27,27,98,MEDIT00004,Daegu-Dal-Sung-gun,대구광역시,MEDIT00004,ANITY00008
입원비 개 20kg,대구광역시,동구,50000,90000,107500,200000,ANITY00008,27,27,99,MEDIT00004,Daegu-Dong-gu,대구광역시,MEDIT00004,ANITY00008
입원비 개 20kg,대구광역시,북구,60000,80000,104091,250000,ANITY00008,27,27,100,MEDIT00004,Daegu-Buk-gu,대구광역시,MEDIT00004,ANITY00008
입원비 개 20kg,대구광역시,서구,30000,65000,62500,90000,ANITY00008,27,27,101,MEDIT00004,Daegu-Seo-gu,대구광역시,MEDIT00004,ANITY00008
입원비 개 20kg,대구광역시,수성구,55000,85000,93825,150000,ANITY00008,27,27,102,MEDIT00004,Daegu-Suseong-gu,대구광역시,MEDIT00004,ANITY00008
입원비 개 20kg,대구광역시,중구,70000,105000,126667,250000,ANITY00008,27,27,103,MEDIT00004,Daegu-Jung-gu,대구광역시,MEDIT00004,ANITY00008
입원비 개 20kg,인천광역시,강화군,20000,70000,60000,100000,ANITY00008,28,28,162,MEDIT00004,Incheon-Ganghwa-gun,인천광역시,MEDIT00004,ANITY00008
입원비 개 20kg,인천광역시,계양구,25000,150000,123000,180000,ANITY00008,28,28,163,MEDIT00004,Incheon-Gyeyang-gu,인천광역시,MEDIT00004,ANITY00008
입원비 개 20kg,인천광역시,남동구,30000,80000,79385,110000,ANITY00008,28,28,164,MEDIT00004,Incheon-Namdong-gu,인천광역시,MEDIT00004,ANITY00008
입원비 개 20kg,인천광역시,동구,100000,110500,110500,121000,ANITY00008,28,28,165,MEDIT00004,Incheon-Dong-gu,인천광역시,MEDIT00004,ANITY00008
입원비 개 20kg,인천광역시,미추홀구,30000,68500,85450,200000,ANITY00008,28,28,166,MEDIT00004,Incheon-Michuhol-gu,인천광역시,MEDIT00004,ANITY00008
입원비 개 20kg,인천광역시,부평구,30000,68200,80246,140000,ANITY00008,28,28,167,MEDIT00004,Incheon-Bupyeong-gu,인천광역시,MEDIT00004,ANITY00008
입원비 개 20kg,인천광역시,서구,30000,78500,82498,220000,ANITY00008,28,28,168,MEDIT00004,Incheon-Seo-gu,인천광역시,MEDIT00004,ANITY00008
입원비 개 20kg,인천광역시,연수구,40000,80000,91571,300000,ANITY00008,28,28,169,MEDIT00004,Incheon-Yeonsu-gu,인천광역시,MEDIT00004,ANITY00008
입원비 개 20kg,인천광역시,중구,40000,60000,58750,75000,ANITY00008,28,28,170,MEDIT00004,Incheon-Jung-gu,인천광역시,MEDIT00004,ANITY00008
입원비 개 20kg,광주광역시,광산구,20000,60000,66192,140000,ANITY00008,29,29,89,MEDIT00004,Gwangju-Gwangsan-gu,광주광역시,MEDIT00004,ANITY00008
입원비 개 20kg,광주광역시,남구,30000,50000,76364,300000,ANITY00008,29,29,90,MEDIT00004,Gwangju-Nam-gu,광주광역시,MEDIT00004,ANITY00008
입원비 개 20kg,광주광역시,동구,50000,55000,61000,78000,ANITY00008,29,29,91,MEDIT00004,Gwangju-Dong-gu,광주광역시,MEDIT00004,ANITY00008
입원비 개 20kg,광주광역시,북구,22000,50000,68846,200000,ANITY00008,29,29,92,MEDIT00004,Gwangju-Buk-gu,광주광역시,MEDIT00004,ANITY00008
입원비 개 20kg,광주광역시,서구,30000,52500,55800,100000,ANITY00008,29,29,93,MEDIT00004,Gwangju-Seo-gu,광주광역시,MEDIT00004,ANITY00008
입원비 개 20kg,대전광역시,대덕구,70000,100000,106667,150000,ANITY00008,30,30,105,MEDIT00004,Daejeon-Daedeok-gu,대전광역시,MEDIT00004,ANITY00008
입원비 개 20kg,대전광역시,동구,40000,100000,86000,110000,ANITY00008,30,30,106,MEDIT00004,Daejeon-Dong-gu,대전광역시,MEDIT00004,ANITY00008
입원비 개 20kg,대전광역시,서구,40000,110000,122154,200000,ANITY00008,30,30,107,MEDIT00004,Daejeon-Seo-gu,대전광역시,MEDIT00004,ANITY00008
입원비 개 20kg,대전광역시,유성구,40000,70000,91333,200000,ANITY00008,30,30,108,MEDIT00004,Daejeon-Yuseong-gu,대전광역시,MEDIT00004,ANITY00008
입원비 개 20kg,대전광역시,중구,20000,85000,85714,150000,ANITY00008,30,30,109,MEDIT00004,Daejeon-Jung-gu,대전광역시,MEDIT00004,ANITY00008
입원비 개 20kg,울산광역시,남구,40000,70000,84531,250000,ANITY00008,31,31,156,MEDIT00004,Ulsan-Nam-gu,울산광역시,MEDIT00004,ANITY00008
입원비 개 20kg,울산광역시,동구,69500,84750,84750,100000,ANITY00008,31,31,157,MEDIT00004,Ulsan-Dong-gu,울산광역시,MEDIT00004,ANITY00008
입원비 개 20kg,울산광역시,북구,45000,50000,66000,125000,ANITY00008,31,31,158,MEDIT00004,Ulsan-Buk-gu,울산광역시,MEDIT00004,ANITY00008
입원비 개 20kg,울산광역시,울주군,30000,50000,64600,100000,ANITY00008,31,31,159,MEDIT00004,Ulsan-Ulju-gun,울산광역시,MEDIT00004,ANITY00008
입원비 개 20kg,울산광역시,중구,33000,80000,106000,330000,ANITY00008,31,31,160,MEDIT00004,Ulsan-Jung-gu,울산광역시,MEDIT00004,ANITY00008
입원비 개 20kg,세종특별자치시,세종특별자치시,44000,88000,89900,150000,ANITY00008,36,36,154,MEDIT00004,Sejong-Sejong-si,세종특별자치시,MEDIT00004,ANITY00008
입원비 개 20kg,경기도,가평군,150000,150000,150000,150000,ANITY00008,41,41,19,MEDIT00004,Gyeonggi-Gapyeong-gun,경기도,MEDIT00004,ANITY00008
입원비 개 20kg,경기도,고양시,44000,71750,84244,180000,ANITY00008,41,41,20,MEDIT00004,Gyeonggi-Goyang-si,경기도,MEDIT00004,ANITY00008
입원비 개 20kg,경기도,과천시,80000,100000,106667,140000,ANITY00008,41,41,21,MEDIT00004,Gyeonggi-Gwacheon,경기도,MEDIT00004,ANITY00008
입원비 개 20kg,경기도,광명시,42500,88000,85045,130000,ANITY00008,41,41,22,MEDIT00004,Gyeonggi-Gwangmyeong,경기도,MEDIT00004,ANITY00008
입원비 개 20kg,경기도,광주시,45000,84000,87714,200000,ANITY00008,41,41,23,MEDIT00004,Gyeonggi-Gwangju-si,경기도,MEDIT00004,ANITY00008
입원비 개 20kg,경기도,구리시,44000,55000,62625,100000,ANITY00008,41,41,24,MEDIT00004,Gyeonggi-Guri-si,경기도,MEDIT00004,ANITY00008
입원비 개 20kg,경기도,군포시,35000,71870,97468,250000,ANITY00008,41,41,25,MEDIT00004,Gyeonggi-Gunpo,경기도,MEDIT00004,ANITY00008
입원비 개 20kg,경기도,김포시,25000,70000,85103,180000,ANITY00008,41,41,26,MEDIT00004,Gyeonggi-Gimpo-si,경기도,MEDIT00004,ANITY00008
입원비 개 20kg,경기도,남양주시,40000,77000,83275,135000,ANITY00008,41,41,27,MEDIT00004,Gyeonggi-Namyangju-si,경기도,MEDIT00004,ANITY00008
입원비 개 20kg,경기도,동두천시,70000,70000,70000,70000,ANITY00008,41,41,28,MEDIT00004,Gyeonggi-Dongducheon-si,경기도,MEDIT00004,ANITY00008
입원비 개 20kg,경기도,부천시,25000,77000,88760,220000,ANITY00008,41,41,29,MEDIT00004,Gyeonggi-Bucheon,경기도,MEDIT00004,ANITY00008
입원비 개 20kg,경기도,성남시,30000,80000,89844,250000,ANITY00008,41,41,30,MEDIT00004,Gyeonggi-Seongnam,경기도,MEDIT00004,ANITY00008
입원비 개 20kg,경기도,수원시,30000,72000,80802,150000,ANITY00008,41,41,31,MEDIT00004,Gyeonggi-Suwon-si,경기도,MEDIT00004,ANITY00008
입원비 개 20kg,경기도,시흥시,33000,78000,84000,150000,ANITY00008,41,41,32,MEDIT00004,Gyeonggi-Siheung,경기도,MEDIT00004,ANITY00008
입원비 개 20kg,경기도,안산시,50000,82500,97083,200000,ANITY00008,41,41,33,MEDIT00004,Gyeonggi-Ansan,경기도,MEDIT00004,ANITY00008
입원비 개 20kg,경기도,안성시,40000,58000,66714,110000,ANITY00008,41,41,34,MEDIT00004,Gyeonggi-Anseong-si,경기도,MEDIT00004,ANITY00008
입원비 개 20kg,경기도,안양시,25000,80000,93947,250000,ANITY00008,41,41,35,MEDIT00004,Gyeonggi-Anyang,경기도,MEDIT00004,ANITY00008
입원비 개 20kg,경기도,양주시,50000,80000,88333,130000,ANITY00008,41,41,36,MEDIT00004,Gyeonggi-Yangju-si,경기도,MEDIT00004,ANITY00008
입원비 개 20kg,경기도,양평군,70000,100000,104667,144000,ANITY00008,41,41,37,MEDIT00004,Gyeonggi-Yangpyeong-gun,경기도,MEDIT00004,ANITY00008
입원비 개 20kg,경기도,여주시,40000,40000,40000,40000,ANITY00008,41,41,38,MEDIT00004,Gyeonggi-Yeoju-si,경기도,MEDIT00004,ANITY00008
입원비 개 20kg,경기도,오산시,55000,80000,77000,100000,ANITY00008,41,41,39,MEDIT00004,Gyeonggi-Osan-si,경기도,MEDIT00004,ANITY00008
입원비 개 20kg,경기도,용인시,30000,85000,88000,160000,ANITY00008,41,41,40,MEDIT00004,Gyeonggi-Yongin-si,경기도,MEDIT00004,ANITY00008
입원비 개 20kg,경기도,의왕시,50000,60000,69667,99000,ANITY00008,41,41,41,MEDIT00004,Gyeonggi-Uiwang,경기도,MEDIT00004,ANITY00008
입원비 개 20kg,경기도,의정부시,49500,70000,85269,154000,ANITY00008,41,41,42,MEDIT00004,Gyeonggi-Uijeongbu-si,경기도,MEDIT00004,ANITY00008
입원비 개 20kg,경기도,이천시,35000,55000,68000,150000,ANITY00008,41,41,43,MEDIT00004,Gyeonggi-Icheon-si,경기도,MEDIT00004,ANITY00008
입원비 개 20kg,경기도,파주시,50000,70000,82867,200000,ANITY00008,41,41,44,MEDIT00004,Gyeonggi-Paju-si,경기도,MEDIT00004,ANITY00008
입원비 개 20kg,경기도,평택시,40000,77000,92324,165000,ANITY00008,41,41,45,MEDIT00004,Gyeonggi-Pyeongtaek-si,경기도,MEDIT00004,ANITY00008
입원비 개 20kg,경기도,포천시,50000,70000,66667,80000,ANITY00008,41,41,46,MEDIT00004,Gyeonggi-Pocheon-si,경기도,MEDIT00004,ANITY00008
입원비 개 20kg,경기도,하남시,20000,75000,78611,150000,ANITY00008,41,41,47,MEDIT00004,Gyeonggi-Hanam-si,경기도,MEDIT00004,ANITY00008
입원비 개 20kg,경기도,화성시,30000,67000,69338,130000,ANITY00008,41,41,48,MEDIT00004,Gyeonggi-Hwaseong-si,경기도,MEDIT00004,ANITY00008
입원비 개 20kg,강원특별자치도,강릉시,30000,100000,90300,150000,ANITY00008,42,42,2,MEDIT00004,Gangwon-Gangneung-si,강원특별자치도,MEDIT00004,ANITY00008
입원비 개 20kg,강원특별자치도,속초시,70000,90000,90000,110000,ANITY00008,42,42,6,MEDIT00004,Gangwon-Sokcho-si,강원특별자치도,MEDIT00004,ANITY00008
입원비 개 20kg,강원특별자치도,양양군,50000,50000,50000,50000,ANITY00008,42,42,8,MEDIT00004,Gangwon-Yangyang-gun,강원특별자치도,MEDIT00004,ANITY00008
입원비 개 20kg,강원특별자치도,영월군,40000,40000,40000,40000,ANITY00008,42,42,9,MEDIT00004,Gangwon-Yeongwol-gun,강원특별자치도,MEDIT00004,ANITY00008
입원비 개 20kg,강원특별자치도,원주시,35000,90000,85313,150000,ANITY00008,42,42,10,MEDIT00004,Gangwon-Wonju-si,강원특별자치도,MEDIT00004,ANITY00008
입원비 개 20kg,강원특별자치도,인제군,40000,55000,55000,70000,ANITY00008,42,42,11,MEDIT00004,Gangwon-Inje-gun,강원특별자치도,MEDIT00004,ANITY00008
입원비 개 20kg,강원특별자치도,춘천시,40000,65500,78700,200000,ANITY00008,42,42,13,MEDIT00004,Gangwon-Chuncheon-si,강원특별자치도,MEDIT00004,ANITY00008
입원비 개 20kg,강원특별자치도,태백시,100000,100000,100000,100000,ANITY00008,42,42,14,MEDIT00004,Gangwon-Taebaek-si,강원특별자치도,MEDIT00004,ANITY00008
입원비 개 20kg,강원특별자치도,홍천군,60000,63000,63000,66000,ANITY00008,42,42,15,MEDIT00004,Gangwon-Hongcheon-gun,강원특별자치도,MEDIT00004,ANITY00008
입원비 개 20kg,충청북도,영동군,15000,47500,47500,80000,ANITY00008,43,43,226,MEDIT00004,Chungbuk-Yeongdong-gun,충청북도,MEDIT00004,ANITY00008
입원비 개 20kg,충청북도,옥천군,40000,65000,65000,90000,ANITY00008,43,43,227,MEDIT00004,Chungbuk-Okcheon-gun,충청북도,MEDIT00004,ANITY00008
입원비 개 20kg,충청북도,음성군,30000,60000,50000,60000,ANITY00008,43,43,228,MEDIT00004,Chungbuk-Eumseong-gun,충청북도,MEDIT00004,ANITY00008
입원비 개 20kg,충청북도,제천시,70000,80000,83600,100000,ANITY00008,43,43,229,MEDIT00004,Chungbuk-Jecheon-si,충청북도,MEDIT00004,ANITY00008
입원비 개 20kg,충청북도,진천군,25000,50000,46250,60000,ANITY00008,43,43,231,MEDIT00004,Chungbuk-Jincheon-gun,충청북도,MEDIT00004,ANITY00008
입원비 개 20kg,충청북도,청주시,27500,78500,95619,228400,ANITY00008,43,43,232,MEDIT00004,Chungbuk-Cheongju-si,충청북도,MEDIT00004,ANITY00008
입원비 개 20kg,충청남도,계룡시,160000,160000,160000,160000,ANITY00008,44,44,207,MEDIT00004,Chungnam-Gyeryong-si,충청남도,MEDIT00004,ANITY00008
입원비 개 20kg,충청남도,공주시,120000,120000,120000,120000,ANITY00008,44,44,208,MEDIT00004,Chungnam-Gongju-si,충청남도,MEDIT00004,ANITY00008
입원비 개 20kg,충청남도,당진시,110000,120000,120000,130000,ANITY00008,44,44,211,MEDIT00004,Chungnam-Dangjin-si,충청남도,MEDIT00004,ANITY00008
입원비 개 20kg,충청남도,부여군,120000,120000,120000,120000,ANITY00008,44,44,213,MEDIT00004,Chungnam-Buyeo-gun,충청남도,MEDIT00004,ANITY00008
입원비 개 20kg,충청남도,서산시,300000,300000,300000,300000,ANITY00008,44,44,214,MEDIT00004,Chungnam-Seosan-si,충청남도,MEDIT00004,ANITY00008
입원비 개 20kg,충청남도,아산시,50000,82500,79667,115000,ANITY00008,44,44,216,MEDIT00004,Chungnam-Asan-si,충청남도,MEDIT00004,ANITY00008
입원비 개 20kg,충청남도,예산군,140000,140000,140000,140000,ANITY00008,44,44,217,MEDIT00004,Chungnam-Yesan-gun,충청남도,MEDIT00004,ANITY00008
입원비 개 20kg,충청남도,천안시,21500,75000,98690,300000,ANITY00008,44,44,218,MEDIT00004,Chungnam-Cheonan-si,충청남도,MEDIT00004,ANITY00008
입원비 개 20kg,충청남도,태안군,140000,150000,156667,180000,ANITY00008,44,44,220,MEDIT00004,Chungnam-Taean-gu,충청남도,MEDIT00004,ANITY00008
입원비 개 20kg,충청남도,홍성군,50000,55000,58333,70000,ANITY00008,44,44,221,MEDIT00004,Chungnam-Hongseong-gun,충청남도,MEDIT00004,ANITY00008
입원비 개 20kg,전북특별자치도,군산시,55000,65000,68000,90000,ANITY00008,45,45,192,MEDIT00004,Jeonbuk-Gunsan-si,전북특별자치도,MEDIT00004,ANITY00008
입원비 개 20kg,전북특별자치도,남원시,50000,50000,50000,50000,ANITY00008,45,45,194,MEDIT00004,Jeonbuk-Namwon-si,전북특별자치도,MEDIT00004,ANITY00008
입원비 개 20kg,전북특별자치도,부안군,100000,125000,125000,150000,ANITY00008,45,45,196,MEDIT00004,Jeonbuk-Buan-gun,전북특별자치도,MEDIT00004,ANITY00008
입원비 개 20kg,전북특별자치도,완주군,100000,115000,115000,130000,ANITY00008,45,45,198,MEDIT00004,Jeonbuk-Wanju-gun,전북특별자치도,MEDIT00004,ANITY00008
입원비 개 20kg,전북특별자치도,익산시,50000,85000,90500,158000,ANITY00008,45,45,199,MEDIT00004,Jeonbuk-Iksan-si,전북특별자치도,MEDIT00004,ANITY00008
입원비 개 20kg,전북특별자치도,전주시,20000,50000,62615,150000,ANITY00008,45,45,201,MEDIT00004,Jeonbuk-Jeonju-si,전북특별자치도,MEDIT00004,ANITY00008
입원비 개 20kg,전북특별자치도,정읍시,50000,50000,50000,50000,ANITY00008,45,45,202,MEDIT00004,Jeonbuk-Jeongeup-si,전북특별자치도,MEDIT00004,ANITY00008
입원비 개 20kg,전라남도,광양시,70000,70000,70000,70000,ANITY00008,46,46,174,MEDIT00004,Jeonnam-Gwangyang-si,전라남도,MEDIT00004,ANITY00008
입원비 개 20kg,전라남도,나주시,70000,90000,137500,300000,ANITY00008,46,46,176,MEDIT00004,Jeonnam-Naju-si,전라남도,MEDIT00004,ANITY00008
입원비 개 20kg,전라남도,목포시,250000,250000,250000,250000,ANITY00008,46,46,178,MEDIT00004,Jeonnam-Mokpo-si,전라남도,MEDIT00004,ANITY00008
입원비 개 20kg,전라남도,무안군,77000,88500,88500,100000,ANITY00008,46,46,179,MEDIT00004,Jeonnam-Muan-gun,전라남도,MEDIT00004,ANITY00008
입원비 개 20kg,전라남도,순천시,60000,88000,94600,150000,ANITY00008,46,46,180,MEDIT00004,Jeonnam-Suncheon-si,전라남도,MEDIT00004,ANITY00008
입원비 개 20kg,전라남도,여수시,50000,50000,50000,50000,ANITY00008,46,46,181,MEDIT00004,Jeonnam-Yeosu-si,전라남도,MEDIT00004,ANITY00008
입원비 개 20kg,전라남도,영광군,100000,100000,100000,100000,ANITY00008,46,46,182,MEDIT00004,Jeonnam-Yeonggwang-gun,전라남도,MEDIT00004,ANITY00008
입원비 개 20kg,전라남도,장흥군,50000,50000,50000,50000,ANITY00008,46,46,186,MEDIT00004,Jeonnam-Jangheung-gun,전라남도,MEDIT00004,ANITY00008
입원비 개 20kg,전라남도,화순군,20000,20000,36667,70000,ANITY00008,46,46,189,MEDIT00004,Jeonnam-Hwasun-gun,전라남도,MEDIT00004,ANITY00008
입원비 개 20kg,경상북도,경산시,50000,75000,91000,200000,ANITY00008,47,47,69,MEDIT00004,Gyeongbuk-Gyeongsan-si,경상북도,MEDIT00004,ANITY00008
입원비 개 20kg,경상북도,경주시,70000,97500,92167,100000,ANITY00008,47,47,70,MEDIT00004,Gyeongbuk-Gyeongju-si,경상북도,MEDIT00004,ANITY00008
입원비 개 20kg,경상북도,구미시,50000,100000,107143,200000,ANITY00008,47,47,72,MEDIT00004,Gyeongbuk-Gumi-si,경상북도,MEDIT00004,ANITY00008
입원비 개 20kg,경상북도,김천시,50000,55000,66667,110000,ANITY00008,47,47,73,MEDIT00004,Gyeongbuk-Gimcheon-si,경상북도,MEDIT00004,ANITY00008
입원비 개 20kg,경상북도,문경시,100000,100000,100000,100000,ANITY00008,47,47,74,MEDIT00004,Gyeongbuk-Mungyeong-si,경상북도,MEDIT00004,ANITY00008
입원비 개 20kg,경상북도,상주시,100000,150000,150000,200000,ANITY00008,47,47,75,MEDIT00004,Gyeongbuk-Sangju-si,경상북도,MEDIT00004,ANITY00008
입원비 개 20kg,경상북도,성주군,50000,100000,86667,110000,ANITY00008,47,47,76,MEDIT00004,Gyeongbuk-Seongju-gun,경상북도,MEDIT00004,ANITY00008
입원비 개 20kg,경상북도,안동시,80000,90000,90000,100000,ANITY00008,47,47,77,MEDIT00004,Gyeongbuk-Andong-si,경상북도,MEDIT00004,ANITY00008
입원비 개 20kg,경상북도,영덕군,100000,100000,100000,100000,ANITY00008,47,47,78,MEDIT00004,Gyeongbuk-Yeongdeok-gun,경상북도,MEDIT00004,ANITY00008
입원비 개 20kg,경상북도,영주시,60000,99000,89667,110000,ANITY00008,47,47,79,MEDIT00004,Gyeongbuk-Yeongju-si,경상북도,MEDIT00004,ANITY00008
입원비 개 20kg,경상북도,영천시,100000,100000,100000,100000,ANITY00008,47,47,80,MEDIT00004,Gyeongbuk-Yeongcheon-si,경상북도,MEDIT00004,ANITY00008
입원비 개 20kg,경상북도,청도군,40000,55000,55000,70000,ANITY00008,47,47,84,MEDIT00004,Gyeongbuk-Cheongdo-gun,경상북도,MEDIT00004,ANITY00008
입원비 개 20kg,경상북도,칠곡군,88000,154000,154000,220000,ANITY00008,47,47,86,MEDIT00004,Gyeongbuk-Chilgok-gun,경상북도,MEDIT00004,ANITY00008
입원비 개 20kg,경상북도,포항시,60000,100000,113250,300000,ANITY00008,47,47,87,MEDIT00004,Gyeongbuk-Pohang-si,경상북도,MEDIT00004,ANITY00008
입원비 개 20kg,경상남도,거제시,60000,100000,99286,165000,ANITY00008,48,48,50,MEDIT00004,Gyeongnam-Geoje-si,경상남도,MEDIT00004,ANITY00008
입원비 개 20kg,경상남도,거창군,44000,44000,44000,44000,ANITY00008,48,48,51,MEDIT00004,Gyeongnam-Geochang-gun,경상남도,MEDIT00004,ANITY00008
입원비 개 20kg,경상남도,김해시,40000,60000,76267,180000,ANITY00008,48,48,53,MEDIT00004,Gyeongnam-Gimhae-si,경상남도,MEDIT00004,ANITY00008
입원비 개 20kg,경상남도,밀양시,100000,100000,100000,100000,ANITY00008,48,48,55,MEDIT00004,Gyeongnam-Miryang-si,경상남도,MEDIT00004,ANITY00008
입원비 개 20kg,경상남도,사천시,70000,80000,83000,99000,ANITY00008,48,48,56,MEDIT00004,Gyeongnam-Sacheon-si,경상남도,MEDIT00004,ANITY00008
입원비 개 20kg,경상남도,산청군,50000,50000,50000,50000,ANITY00008,48,48,57,MEDIT00004,Gyeongnam-Sancheong-gun,경상남도,MEDIT00004,ANITY00008
입원비 개 20kg,경상남도,양산시,33000,78500,105000,300000,ANITY00008,48,48,58,MEDIT00004,Gyeongnam-Yangsan-si,경상남도,MEDIT00004,ANITY00008
입원비 개 20kg,경상남도,진주시,20000,78500,84750,180000,ANITY00008,48,48,60,MEDIT00004,Gyeongnam-Jinju-si,경상남도,MEDIT00004,ANITY00008
입원비 개 20kg,경상남도,창녕군,50000,55000,85000,150000,ANITY00008,48,48,61,MEDIT00004,Gyeongnam-Changnyeong-gun,경상남도,MEDIT00004,ANITY00008
입원비 개 20kg,경상남도,창원시,30000,75000,87110,300000,ANITY00008,48,48,62,MEDIT00004,Gyeongnam-Changwon-si,경상남도,MEDIT00004,ANITY00008
입원비 개 20kg,경상남도,통영시,45000,77000,82200,154000,ANITY00008,48,48,63,MEDIT00004,Gyeongnam-Tongyeong-si,경상남도,MEDIT00004,ANITY00008
입원비 개 20kg,경상남도,하동군,40000,55000,55000,70000,ANITY00008,48,48,64,MEDIT00004,Gyeongnam-Hadong-gun,경상남도,MEDIT00004,ANITY00008
입원비 개 20kg,경상남도,합천군,140800,140800,140800,140800,ANITY00008,48,48,67,MEDIT00004,Gyeongnam-Hapcheon-gu,경상남도,MEDIT00004,ANITY00008
입원비 개 20kg,제주특별자치도,서귀포시,63000,110000,103000,132000,ANITY00008,50,50,204,MEDIT00004,Jeju-Seogwipo,제주특별자치도,MEDIT00004,ANITY00008
입원비 개 20kg,제주특별자치도,제주시,35000,65000,77750,200000,ANITY00008,50,50,205,MEDIT00004,Jeju-Jeju-si,제주특별자치도,MEDIT00004,ANITY00008
입원비 고양이,서울특별시,강남구,25000,60000,71016,150000,ANITY00005,11,11,128,MEDIT00004,seoul-Gangnam-gu,서울특별시,MEDIT00004,ANITY00005
입원비 고양이,서울특별시,강동구,30000,50000,53821,80000,ANITY00005,11,11,129,MEDIT00004,seoul-Gangdong-gu,서울특별시,MEDIT00004,ANITY00005
입원비 고양이,서울특별시,강북구,20000,50000,53923,85000,ANITY00005,11,11,130,MEDIT00004,seoul-Gangbuk-gu,서울특별시,MEDIT00004,ANITY00005
입원비 고양이,서울특별시,강서구,20000,47500,49500,100000,ANITY00005,11,11,131,MEDIT00004,seoul-Gangseo-gu,서울특별시,MEDIT00004,ANITY00005
입원비 고양이,서울특별시,관악구,25000,47000,55357,100000,ANITY00005,11,11,132,MEDIT00004,seoul-Gwanak-gu,서울특별시,MEDIT00004,ANITY00005
입원비 고양이,서울특별시,광진구,30000,50000,55362,100000,ANITY00005,11,11,133,MEDIT00004,seoul-Gwangjin-gu,서울특별시,MEDIT00004,ANITY00005
입원비 고양이,서울특별시,구로구,30000,55000,64938,165000,ANITY00005,11,11,134,MEDIT00004,seoul-Guro-gu,서울특별시,MEDIT00004,ANITY00005
입원비 고양이,서울특별시,금천구,44000,50000,54375,77000,ANITY00005,11,11,135,MEDIT00004,seoul-Geumcheon-gu,서울특별시,MEDIT00004,ANITY00005
입원비 고양이,서울특별시,노원구,30000,50000,51683,100000,ANITY00005,11,11,136,MEDIT00004,seoul-Nowon-gu,서울특별시,MEDIT00004,ANITY00005
입원비 고양이,서울특별시,도봉구,25000,50000,55383,109600,ANITY00005,11,11,137,MEDIT00004,seoul-Dobong-gu,서울특별시,MEDIT00004,ANITY00005
입원비 고양이,서울특별시,동대문구,22000,55000,58467,120000,ANITY00005,11,11,138,MEDIT00004,seoul-Dongdaemun-gu,서울특별시,MEDIT00004,ANITY00005
입원비 고양이,서울특별시,동작구,20000,50000,46967,100000,ANITY00005,11,11,139,MEDIT00004,seoul-Dongjak-gu,서울특별시,MEDIT00004,ANITY00005
입원비 고양이,서울특별시,마포구,20000,55000,57748,120000,ANITY00005,11,11,140,MEDIT00004,seoul-Mapo-gu,서울특별시,MEDIT00004,ANITY00005
입원비 고양이,서울특별시,서대문구,30000,55000,53708,83250,ANITY00005,11,11,141,MEDIT00004,seoul-Seodaemun-gu,서울특별시,MEDIT00004,ANITY00005
입원비 고양이,서울특별시,서초구,30000,50000,55115,110000,ANITY00005,11,11,142,MEDIT00004,seoul-Seocho-gu,서울특별시,MEDIT00004,ANITY00005
입원비 고양이,서울특별시,성동구,30000,55000,55083,80000,ANITY00005,11,11,143,MEDIT00004,seoul-Seongdong-gu,서울특별시,MEDIT00004,ANITY00005
입원비 고양이,서울특별시,성북구,30000,55000,57100,110000,ANITY00005,11,11,144,MEDIT00004,seoul-Seongbuk-gu,서울특별시,MEDIT00004,ANITY00005
입원비 고양이,서울특별시,송파구,30000,60000,63244,150000,ANITY00005,11,11,145,MEDIT00004,seoul-Songpa-gu,서울특별시,MEDIT00004,ANITY00005
입원비 고양이,서울특별시,양천구,30000,50000,56270,110000,ANITY00005,11,11,146,MEDIT00004,seoul-Yangcheon-gu,서울특별시,MEDIT00004,ANITY00005
입원비 고양이,서울특별시,영등포구,25000,50000,52283,125000,ANITY00005,11,11,147,MEDIT00004,seoul-Yeongdeungpo-gu,서울특별시,MEDIT00004,ANITY00005
입원비 고양이,서울특별시,용산구,40000,50000,50833,70000,ANITY00005,11,11,148,MEDIT00004,seoul-Yongsan-gu,서울특별시,MEDIT00004,ANITY00005
입원비 고양이,서울특별시,은평구,33000,55000,65733,150000,ANITY00005,11,11,149,MEDIT00004,seoul-Eunpyeong-gu,서울특별시,MEDIT00004,ANITY00005
입원비 고양이,서울특별시,종로구,35000,57500,52500,60000,ANITY00005,11,11,150,MEDIT00004,seoul-Jongno-gu,서울특별시,MEDIT00004,ANITY00005
입원비 고양이,서울특별시,중구,35000,50000,49286,70000,ANITY00005,11,11,151,MEDIT00004,seoul-jung-gu,서울특별시,MEDIT00004,ANITY00005
입원비 고양이,서울특별시,중랑구,35000,50000,56563,180000,ANITY00005,11,11,152,MEDIT00004,seoul-Jungnang-gu,서울특별시,MEDIT00004,ANITY00005
입원비 고양이,부산광역시,강서구,35000,45000,47400,75000,ANITY00005,26,26,111,MEDIT00004,Busan-Gangseo-gu,부산광역시,MEDIT00004,ANITY00005
입원비 고양이,부산광역시,금정구,20000,47500,49500,70000,ANITY00005,26,26,112,MEDIT00004,Busan-Geumjeong-gu,부산광역시,MEDIT00004,ANITY00005
입원비 고양이,부산광역시,기장군,36000,51500,49750,60000,ANITY00005,26,26,113,MEDIT00004,Busan-Gijang-gun,부산광역시,MEDIT00004,ANITY00005
입원비 고양이,부산광역시,남구,30000,48500,50250,70000,ANITY00005,26,26,114,MEDIT00004,Busan-Nam-gu,부산광역시,MEDIT00004,ANITY00005
입원비 고양이,부산광역시,동래구,30000,37500,48107,90640,ANITY00005,26,26,116,MEDIT00004,Busan-Dongrae-gu,부산광역시,MEDIT00004,ANITY00005
입원비 고양이,부산광역시,부산진구,25000,50000,46235,70000,ANITY00005,26,26,117,MEDIT00004,Busan-Busanjin-gu,부산광역시,MEDIT00004,ANITY00005
입원비 고양이,부산광역시,북구,30000,50000,59591,131500,ANITY00005,26,26,118,MEDIT00004,Busan-Buk-gu,부산광역시,MEDIT00004,ANITY00005
입원비 고양이,부산광역시,사상구,25000,40000,70286,150000,ANITY00005,26,26,119,MEDIT00004,Busan-Sasang-gu,부산광역시,MEDIT00004,ANITY00005
입원비 고양이,부산광역시,사하구,30000,40000,40889,54000,ANITY00005,26,26,120,MEDIT00004,Busan-Saha-gu,부산광역시,MEDIT00004,ANITY00005
입원비 고양이,부산광역시,서구,33000,41500,41500,50000,ANITY00005,26,26,121,MEDIT00004,Busan-Seo-gu,부산광역시,MEDIT00004,ANITY00005
입원비 고양이,부산광역시,수영구,35000,45000,61450,143000,ANITY00005,26,26,122,MEDIT00004,Busan-Suyeong-gu,부산광역시,MEDIT00004,ANITY00005
입원비 고양이,부산광역시,연제구,20000,50000,69727,180000,ANITY00005,26,26,123,MEDIT00004,Busan-Yeonje-gu,부산광역시,MEDIT00004,ANITY00005
입원비 고양이,부산광역시,중구,40000,40000,40000,40000,ANITY00005,26,26,125,MEDIT00004,Busan-Jung-gu,부산광역시,MEDIT00004,ANITY00005
입원비 고양이,부산광역시,해운대구,22000,50000,50142,85000,ANITY00005,26,26,126,MEDIT00004,Busan-Haeundae-gu,부산광역시,MEDIT00004,ANITY00005
입원비 고양이,대구광역시,남구,50000,60000,60000,70000,ANITY00005,27,27,96,MEDIT00004,Daegu-Nam-gu,대구광역시,MEDIT00004,ANITY00005
입원비 고양이,대구광역시,달서구,10000,50000,45182,100000,ANITY00005,27,27,97,MEDIT00004,Daegu-Dalseo-gu,대구광역시,MEDIT00004,ANITY00005
입원비 고양이,대구광역시,달성군,33000,50000,57222,100000,ANITY00005,27,27,98,MEDIT00004,Daegu-Dal-Sung-gun,대구광역시,MEDIT00004,ANITY00005
입원비 고양이,대구광역시,동구,30000,55000,67636,150000,ANITY00005,27,27,99,MEDIT00004,Daegu-Dong-gu,대구광역시,MEDIT00004,ANITY00005
입원비 고양이,대구광역시,북구,30000,50000,57400,150000,ANITY00005,27,27,100,MEDIT00004,Daegu-Buk-gu,대구광역시,MEDIT00004,ANITY00005
입원비 고양이,대구광역시,서구,20000,50000,47000,75000,ANITY00005,27,27,101,MEDIT00004,Daegu-Seo-gu,대구광역시,MEDIT00004,ANITY00005
입원비 고양이,대구광역시,수성구,30000,57500,63083,150000,ANITY00005,27,27,102,MEDIT00004,Daegu-Suseong-gu,대구광역시,MEDIT00004,ANITY00005
입원비 고양이,대구광역시,중구,50000,77000,81714,150000,ANITY00005,27,27,103,MEDIT00004,Daegu-Jung-gu,대구광역시,MEDIT00004,ANITY00005
입원비 고양이,인천광역시,강화군,10000,50000,36667,50000,ANITY00005,28,28,162,MEDIT00004,Incheon-Ganghwa-gun,인천광역시,MEDIT00004,ANITY00005
입원비 고양이,인천광역시,계양구,25000,100000,76429,110000,ANITY00005,28,28,163,MEDIT00004,Incheon-Gyeyang-gu,인천광역시,MEDIT00004,ANITY00005
입원비 고양이,인천광역시,남동구,20000,60000,56833,100000,ANITY00005,28,28,164,MEDIT00004,Incheon-Namdong-gu,인천광역시,MEDIT00004,ANITY00005
입원비 고양이,인천광역시,동구,99000,99500,99500,100000,ANITY00005,28,28,165,MEDIT00004,Incheon-Dong-gu,인천광역시,MEDIT00004,ANITY00005
입원비 고양이,인천광역시,미추홀구,22000,55000,66560,150000,ANITY00005,28,28,166,MEDIT00004,Incheon-Michuhol-gu,인천광역시,MEDIT00004,ANITY00005
입원비 고양이,인천광역시,부평구,30000,55000,60769,100000,ANITY00005,28,28,167,MEDIT00004,Incheon-Bupyeong-gu,인천광역시,MEDIT00004,ANITY00005
입원비 고양이,인천광역시,서구,30000,50000,54281,165000,ANITY00005,28,28,168,MEDIT00004,Incheon-Seo-gu,인천광역시,MEDIT00004,ANITY00005
입원비 고양이,인천광역시,연수구,30000,50000,54326,100000,ANITY00005,28,28,169,MEDIT00004,Incheon-Yeonsu-gu,인천광역시,MEDIT00004,ANITY00005
입원비 고양이,인천광역시,중구,30000,40000,41000,55000,ANITY00005,28,28,170,MEDIT00004,Incheon-Jung-gu,인천광역시,MEDIT00004,ANITY00005
입원비 고양이,광주광역시,광산구,20000,50000,58250,140000,ANITY00005,29,29,89,MEDIT00004,Gwangju-Gwangsan-gu,광주광역시,MEDIT00004,ANITY00005
입원비 고양이,광주광역시,남구,30000,45000,58091,120000,ANITY00005,29,29,90,MEDIT00004,Gwangju-Nam-gu,광주광역시,MEDIT00004,ANITY00005
입원비 고양이,광주광역시,동구,30000,50000,49400,67000,ANITY00005,29,29,91,MEDIT00004,Gwangju-Dong-gu,광주광역시,MEDIT00004,ANITY00005
입원비 고양이,광주광역시,북구,22000,50000,56467,150000,ANITY00005,29,29,92,MEDIT00004,Gwangju-Buk-gu,광주광역시,MEDIT00004,ANITY00005
입원비 고양이,광주광역시,서구,28000,50000,45917,70000,ANITY00005,29,29,93,MEDIT00004,Gwangju-Seo-gu,광주광역시,MEDIT00004,ANITY00005
입원비 고양이,대전광역시,대덕구,30000,80000,86667,150000,ANITY00005,30,30,105,MEDIT00004,Daejeon-Daedeok-gu,대전광역시,MEDIT00004,ANITY00005
입원비 고양이,대전광역시,동구,38500,75000,73643,132000,ANITY00005,30,30,106,MEDIT00004,Daejeon-Dong-gu,대전광역시,MEDIT00004,ANITY00005
입원비 고양이,대전광역시,서구,33000,75000,84625,150000,ANITY00005,30,30,107,MEDIT00004,Daejeon-Seo-gu,대전광역시,MEDIT00004,ANITY00005
입원비 고양이,대전광역시,유성구,33000,60000,68200,150000,ANITY00005,30,30,108,MEDIT00004,Daejeon-Yuseong-gu,대전광역시,MEDIT00004,ANITY00005
입원비 고양이,대전광역시,중구,20000,55000,63125,110000,ANITY00005,30,30,109,MEDIT00004,Daejeon-Jung-gu,대전광역시,MEDIT00004,ANITY00005
입원비 고양이,울산광역시,남구,33000,50000,59591,200000,ANITY00005,31,31,156,MEDIT00004,Ulsan-Nam-gu,울산광역시,MEDIT00004,ANITY00005
입원비 고양이,울산광역시,동구,30000,37500,38750,50000,ANITY00005,31,31,157,MEDIT00004,Ulsan-Dong-gu,울산광역시,MEDIT00004,ANITY00005
입원비 고양이,울산광역시,북구,25000,40000,49000,100000,ANITY00005,31,31,158,MEDIT00004,Ulsan-Buk-gu,울산광역시,MEDIT00004,ANITY00005
입원비 고양이,울산광역시,울주군,20000,45000,49600,100000,ANITY00005,31,31,159,MEDIT00004,Ulsan-Ulju-gun,울산광역시,MEDIT00004,ANITY00005
입원비 고양이,울산광역시,중구,30000,44000,51333,110000,ANITY00005,31,31,160,MEDIT00004,Ulsan-Jung-gu,울산광역시,MEDIT00004,ANITY00005
입원비 고양이,세종특별자치시,세종특별자치시,35000,50000,56762,108900,ANITY00005,36,36,154,MEDIT00004,Sejong-Sejong-si,세종특별자치시,MEDIT00004,ANITY00005
입원비 고양이,경기도,고양시,30000,50000,52678,127890,ANITY00005,41,41,20,MEDIT00004,Gyeonggi-Goyang-si,경기도,MEDIT00004,ANITY00005
입원비 고양이,경기도,과천시,50000,60000,61250,75000,ANITY00005,41,41,21,MEDIT00004,Gyeonggi-Gwacheon,경기도,MEDIT00004,ANITY00005
입원비 고양이,경기도,광명시,30000,50000,54455,80000,ANITY00005,41,41,22,MEDIT00004,Gyeonggi-Gwangmyeong,경기도,MEDIT00004,ANITY00005
입원비 고양이,경기도,광주시,35000,60000,65967,150000,ANITY00005,41,41,23,MEDIT00004,Gyeonggi-Gwangju-si,경기도,MEDIT00004,ANITY00005
입원비 고양이,경기도,구리시,25000,50000,46000,66000,ANITY00005,41,41,24,MEDIT00004,Gyeonggi-Guri-si,경기도,MEDIT00004,ANITY00005
입원비 고양이,경기도,군포시,40000,70000,73259,150000,ANITY00005,41,41,25,MEDIT00004,Gyeonggi-Gunpo,경기도,MEDIT00004,ANITY00005
입원비 고양이,경기도,김포시,25000,50000,55300,120000,ANITY00005,41,41,26,MEDIT00004,Gyeonggi-Gimpo-si,경기도,MEDIT00004,ANITY00005
입원비 고양이,경기도,남양주시,30000,55000,57239,99000,ANITY00005,41,41,27,MEDIT00004,Gyeonggi-Namyangju-si,경기도,MEDIT00004,ANITY00005
입원비 고양이,경기도,동두천시,25000,40000,38333,50000,ANITY00005,41,41,28,MEDIT00004,Gyeonggi-Dongducheon-si,경기도,MEDIT00004,ANITY00005
입원비 고양이,경기도,부천시,25000,55000,57786,165000,ANITY00005,41,41,29,MEDIT00004,Gyeonggi-Bucheon,경기도,MEDIT00004,ANITY00005
입원비 고양이,경기도,성남시,30000,50000,55833,122000,ANITY00005,41,41,30,MEDIT00004,Gyeonggi-Seongnam,경기도,MEDIT00004,ANITY00005
입원비 고양이,경기도,수원시,30000,50000,50413,87000,ANITY00005,41,41,31,MEDIT00004,Gyeonggi-Suwon-si,경기도,MEDIT00004,ANITY00005
입원비 고양이,경기도,시흥시,22000,47000,46833,80000,ANITY00005,41,41,32,MEDIT00004,Gyeonggi-Siheung,경기도,MEDIT00004,ANITY00005
입원비 고양이,경기도,안산시,25000,50000,48533,88000,ANITY00005,41,41,33,MEDIT00004,Gyeonggi-Ansan,경기도,MEDIT00004,ANITY00005
입원비 고양이,경기도,안성시,20000,48000,52286,100000,ANITY00005,41,41,34,MEDIT00004,Gyeonggi-Anseong-si,경기도,MEDIT00004,ANITY00005
입원비 고양이,경기도,안양시,25000,50000,53792,100000,ANITY00005,41,41,35,MEDIT00004,Gyeonggi-Anyang,경기도,MEDIT00004,ANITY00005
입원비 고양이,경기도,양주시,40000,50000,55000,80000,ANITY00005,41,41,36,MEDIT00004,Gyeonggi-Yangju-si,경기도,MEDIT00004,ANITY00005
입원비 고양이,경기도,양평군,50000,58000,61500,80000,ANITY00005,41,41,37,MEDIT00004,Gyeonggi-Yangpyeong-gun,경기도,MEDIT00004,ANITY00005
입원비 고양이,경기도,여주시,40000,40000,40000,40000,ANITY00005,41,41,38,MEDIT00004,Gyeonggi-Yeoju-si,경기도,MEDIT00004,ANITY00005
입원비 고양이,경기도,오산시,35000,52500,52500,70000,ANITY00005,41,41,39,MEDIT00004,Gyeonggi-Osan-si,경기도,MEDIT00004,ANITY00005
입원비 고양이,경기도,용인시,25000,50000,54792,100000,ANITY00005,41,41,40,MEDIT00004,Gyeonggi-Yongin-si,경기도,MEDIT00004,ANITY00005
입원비 고양이,경기도,의왕시,30000,50000,45000,55000,ANITY00005,41,41,41,MEDIT00004,Gyeonggi-Uiwang,경기도,MEDIT00004,ANITY00005
입원비 고양이,경기도,의정부시,30000,55000,57357,100000,ANITY00005,41,41,42,MEDIT00004,Gyeonggi-Uijeongbu-si,경기도,MEDIT00004,ANITY00005
입원비 고양이,경기도,이천시,25000,36500,41600,70000,ANITY00005,41,41,43,MEDIT00004,Gyeonggi-Icheon-si,경기도,MEDIT00004,ANITY00005
입원비 고양이,경기도,파주시,30000,50000,54786,100000,ANITY00005,41,41,44,MEDIT00004,Gyeonggi-Paju-si,경기도,MEDIT00004,ANITY00005
입원비 고양이,경기도,평택시,30000,55000,63139,110000,ANITY00005,41,41,45,MEDIT00004,Gyeonggi-Pyeongtaek-si,경기도,MEDIT00004,ANITY00005
입원비 고양이,경기도,포천시,40000,50000,46667,50000,ANITY00005,41,41,46,MEDIT00004,Gyeonggi-Pocheon-si,경기도,MEDIT00004,ANITY00005
입원비 고양이,경기도,하남시,20000,50000,51318,100000,ANITY00005,41,41,47,MEDIT00004,Gyeonggi-Hanam-si,경기도,MEDIT00004,ANITY00005
입원비 고양이,경기도,화성시,20000,47250,48895,100000,ANITY00005,41,41,48,MEDIT00004,Gyeonggi-Hwaseong-si,경기도,MEDIT00004,ANITY00005
입원비 고양이,강원특별자치도,강릉시,30000,60000,62182,110000,ANITY00005,42,42,2,MEDIT00004,Gangwon-Gangneung-si,강원특별자치도,MEDIT00004,ANITY00005
입원비 고양이,강원특별자치도,삼척시,30000,30000,30000,30000,ANITY00005,42,42,5,MEDIT00004,Gangwon-Samcheok-si,강원특별자치도,MEDIT00004,ANITY00005
입원비 고양이,강원특별자치도,속초시,50000,50000,51250,55000,ANITY00005,42,42,6,MEDIT00004,Gangwon-Sokcho-si,강원특별자치도,MEDIT00004,ANITY00005
입원비 고양이,강원특별자치도,양양군,40000,45000,45000,50000,ANITY00005,42,42,8,MEDIT00004,Gangwon-Yangyang-gun,강원특별자치도,MEDIT00004,ANITY00005
입원비 고양이,강원특별자치도,영월군,40000,40000,40000,40000,ANITY00005,42,42,9,MEDIT00004,Gangwon-Yeongwol-gun,강원특별자치도,MEDIT00004,ANITY00005
입원비 고양이,강원특별자치도,원주시,30000,50000,55625,100000,ANITY00005,42,42,10,MEDIT00004,Gangwon-Wonju-si,강원특별자치도,MEDIT00004,ANITY00005
입원비 고양이,강원특별자치도,인제군,30000,40000,40000,50000,ANITY00005,42,42,11,MEDIT00004,Gangwon-Inje-gun,강원특별자치도,MEDIT00004,ANITY00005
입원비 고양이,강원특별자치도,춘천시,30000,45000,54545,150000,ANITY00005,42,42,13,MEDIT00004,Gangwon-Chuncheon-si,강원특별자치도,MEDIT00004,ANITY00005
입원비 고양이,강원특별자치도,태백시,50000,50000,50000,50000,ANITY00005,42,42,14,MEDIT00004,Gangwon-Taebaek-si,강원특별자치도,MEDIT00004,ANITY00005
입원비 고양이,강원특별자치도,홍천군,40000,47500,47500,55000,ANITY00005,42,42,15,MEDIT00004,Gangwon-Hongcheon-gun,강원특별자치도,MEDIT00004,ANITY00005
입원비 고양이,충청북도,영동군,15000,37500,37500,60000,ANITY00005,43,43,226,MEDIT00004,Chungbuk-Yeongdong-gun,충청북도,MEDIT00004,ANITY00005
입원비 고양이,충청북도,옥천군,30000,40000,40000,50000,ANITY00005,43,43,227,MEDIT00004,Chungbuk-Okcheon-gun,충청북도,MEDIT00004,ANITY00005
입원비 고양이,충청북도,음성군,20000,40000,35000,45000,ANITY00005,43,43,228,MEDIT00004,Chungbuk-Eumseong-gun,충청북도,MEDIT00004,ANITY00005
입원비 고양이,충청북도,제천시,50000,50000,57000,80000,ANITY00005,43,43,229,MEDIT00004,Chungbuk-Jecheon-si,충청북도,MEDIT00004,ANITY00005
입원비 고양이,충청북도,진천군,22000,30000,34200,45000,ANITY00005,43,43,231,MEDIT00004,Chungbuk-Jincheon-gun,충청북도,MEDIT00004,ANITY00005
입원비 고양이,충청북도,청주시,22000,55000,57747,114200,ANITY00005,43,43,232,MEDIT00004,Chungbuk-Cheongju-si,충청북도,MEDIT00004,ANITY00005
입원비 고양이,충청남도,계룡시,80000,80000,80000,80000,ANITY00005,44,44,207,MEDIT00004,Chungnam-Gyeryong-si,충청남도,MEDIT00004,ANITY00005
입원비 고양이,충청남도,공주시,70000,70000,70000,70000,ANITY00005,44,44,208,MEDIT00004,Chungnam-Gongju-si,충청남도,MEDIT00004,ANITY00005
입원비 고양이,충청남도,당진시,50000,58000,58000,66000,ANITY00005,44,44,211,MEDIT00004,Chungnam-Dangjin-si,충청남도,MEDIT00004,ANITY00005
입원비 고양이,충청남도,부여군,70000,70000,70000,70000,ANITY00005,44,44,213,MEDIT00004,Chungnam-Buyeo-gun,충청남도,MEDIT00004,ANITY00005
입원비 고양이,충청남도,서산시,100000,100000,100000,100000,ANITY00005,44,44,214,MEDIT00004,Chungnam-Seosan-si,충청남도,MEDIT00004,ANITY00005
입원비 고양이,충청남도,아산시,40000,55000,59500,87000,ANITY00005,44,44,216,MEDIT00004,Chungnam-Asan-si,충청남도,MEDIT00004,ANITY00005
입원비 고양이,충청남도,예산군,30000,48000,48000,66000,ANITY00005,44,44,217,MEDIT00004,Chungnam-Yesan-gun,충청남도,MEDIT00004,ANITY00005
입원비 고양이,충청남도,천안시,11700,55000,61596,150000,ANITY00005,44,44,218,MEDIT00004,Chungnam-Cheonan-si,충청남도,MEDIT00004,ANITY00005
입원비 고양이,충청남도,태안군,80000,130000,116667,140000,ANITY00005,44,44,220,MEDIT00004,Chungnam-Taean-gu,충청남도,MEDIT00004,ANITY00005
입원비 고양이,충청남도,홍성군,30000,33000,41000,60000,ANITY00005,44,44,221,MEDIT00004,Chungnam-Hongseong-gun,충청남도,MEDIT00004,ANITY00005
입원비 고양이,전북특별자치도,군산시,30000,35000,43333,70000,ANITY00005,45,45,192,MEDIT00004,Jeonbuk-Gunsan-si,전북특별자치도,MEDIT00004,ANITY00005
입원비 고양이,전북특별자치도,남원시,40000,40000,40000,40000,ANITY00005,45,45,194,MEDIT00004,Jeonbuk-Namwon-si,전북특별자치도,MEDIT00004,ANITY00005
입원비 고양이,전북특별자치도,부안군,80000,140000,140000,200000,ANITY00005,45,45,196,MEDIT00004,Jeonbuk-Buan-gun,전북특별자치도,MEDIT00004,ANITY00005
입원비 고양이,전북특별자치도,완주군,50000,62500,62500,75000,ANITY00005,45,45,198,MEDIT00004,Jeonbuk-Wanju-gun,전북특별자치도,MEDIT00004,ANITY00005
입원비 고양이,전북특별자치도,익산시,35000,50000,56000,106000,ANITY00005,45,45,199,MEDIT00004,Jeonbuk-Iksan-si,전북특별자치도,MEDIT00004,ANITY00005
입원비 고양이,전북특별자치도,전주시,20000,47500,48679,100000,ANITY00005,45,45,201,MEDIT00004,Jeonbuk-Jeonju-si,전북특별자치도,MEDIT00004,ANITY00005
입원비 고양이,전북특별자치도,정읍시,50000,50000,50000,50000,ANITY00005,45,45,202,MEDIT00004,Jeonbuk-Jeongeup-si,전북특별자치도,MEDIT00004,ANITY00005
입원비 고양이,전라남도,광양시,40000,45000,45000,50000,ANITY00005,46,46,174,MEDIT00004,Jeonnam-Gwangyang-si,전라남도,MEDIT00004,ANITY00005
입원비 고양이,전라남도,나주시,30000,70000,80000,150000,ANITY00005,46,46,176,MEDIT00004,Jeonnam-Naju-si,전라남도,MEDIT00004,ANITY00005
입원비 고양이,전라남도,목포시,150000,150000,150000,150000,ANITY00005,46,46,178,MEDIT00004,Jeonnam-Mokpo-si,전라남도,MEDIT00004,ANITY00005
입원비 고양이,전라남도,무안군,40000,52500,51250,60000,ANITY00005,46,46,179,MEDIT00004,Jeonnam-Muan-gun,전라남도,MEDIT00004,ANITY00005
입원비 고양이,전라남도,순천시,40000,66000,60200,80000,ANITY00005,46,46,180,MEDIT00004,Jeonnam-Suncheon-si,전라남도,MEDIT00004,ANITY00005
입원비 고양이,전라남도,여수시,30000,30000,30000,30000,ANITY00005,46,46,181,MEDIT00004,Jeonnam-Yeosu-si,전라남도,MEDIT00004,ANITY00005
입원비 고양이,전라남도,영광군,70000,85000,85000,100000,ANITY00005,46,46,182,MEDIT00004,Jeonnam-Yeonggwang-gun,전라남도,MEDIT00004,ANITY00005
입원비 고양이,전라남도,장흥군,40000,40000,40000,40000,ANITY00005,46,46,186,MEDIT00004,Jeonnam-Jangheung-gun,전라남도,MEDIT00004,ANITY00005
입원비 고양이,전라남도,화순군,20000,20000,30000,50000,ANITY00005,46,46,189,MEDIT00004,Jeonnam-Hwasun-gun,전라남도,MEDIT00004,ANITY00005
입원비 고양이,경상북도,경산시,30000,60000,62000,110000,ANITY00005,47,47,69,MEDIT00004,Gyeongbuk-Gyeongsan-si,경상북도,MEDIT00004,ANITY00005
입원비 고양이,경상북도,경주시,30000,52500,53333,70000,ANITY00005,47,47,70,MEDIT00004,Gyeongbuk-Gyeongju-si,경상북도,MEDIT00004,ANITY00005
입원비 고양이,경상북도,구미시,40000,80000,70909,100000,ANITY00005,47,47,72,MEDIT00004,Gyeongbuk-Gumi-si,경상북도,MEDIT00004,ANITY00005
입원비 고양이,경상북도,김천시,30000,45000,46167,77000,ANITY00005,47,47,73,MEDIT00004,Gyeongbuk-Gimcheon-si,경상북도,MEDIT00004,ANITY00005
입원비 고양이,경상북도,문경시,50000,50000,50000,50000,ANITY00005,47,47,74,MEDIT00004,Gyeongbuk-Mungyeong-si,경상북도,MEDIT00004,ANITY00005
입원비 고양이,경상북도,상주시,30000,70000,66667,100000,ANITY00005,47,47,75,MEDIT00004,Gyeongbuk-Sangju-si,경상북도,MEDIT00004,ANITY00005
입원비 고양이,경상북도,성주군,40000,50000,55667,77000,ANITY00005,47,47,76,MEDIT00004,Gyeongbuk-Seongju-gun,경상북도,MEDIT00004,ANITY00005
입원비 고양이,경상북도,안동시,50000,75000,75000,100000,ANITY00005,47,47,77,MEDIT00004,Gyeongbuk-Andong-si,경상북도,MEDIT00004,ANITY00005
입원비 고양이,경상북도,영덕군,50000,50000,50000,50000,ANITY00005,47,47,78,MEDIT00004,Gyeongbuk-Yeongdeok-gun,경상북도,MEDIT00004,ANITY00005
입원비 고양이,경상북도,영주시,50000,55000,57000,66000,ANITY00005,47,47,79,MEDIT00004,Gyeongbuk-Yeongju-si,경상북도,MEDIT00004,ANITY00005
입원비 고양이,경상북도,영천시,40000,40000,40000,40000,ANITY00005,47,47,80,MEDIT00004,Gyeongbuk-Yeongcheon-si,경상북도,MEDIT00004,ANITY00005
입원비 고양이,경상북도,예천군,55000,55000,55000,55000,ANITY00005,47,47,81,MEDIT00004,Gyeongbuk-Yecheon-gun,경상북도,MEDIT00004,ANITY00005
입원비 고양이,경상북도,청도군,20000,35000,35000,50000,ANITY00005,47,47,84,MEDIT00004,Gyeongbuk-Cheongdo-gun,경상북도,MEDIT00004,ANITY00005
입원비 고양이,경상북도,칠곡군,35000,55000,73333,130000,ANITY00005,47,47,86,MEDIT00004,Gyeongbuk-Chilgok-gun,경상북도,MEDIT00004,ANITY00005
입원비 고양이,경상북도,포항시,30000,60000,71933,150000,ANITY00005,47,47,87,MEDIT00004,Gyeongbuk-Pohang-si,경상북도,MEDIT00004,ANITY00005
입원비 고양이,경상남도,거제시,30000,40000,47714,88000,ANITY00005,48,48,50,MEDIT00004,Gyeongnam-Geoje-si,경상남도,MEDIT00004,ANITY00005
입원비 고양이,경상남도,거창군,33000,33000,33000,33000,ANITY00005,48,48,51,MEDIT00004,Gyeongnam-Geochang-gun,경상남도,MEDIT00004,ANITY00005
입원비 고양이,경상남도,김해시,30000,40000,51882,160000,ANITY00005,48,48,53,MEDIT00004,Gyeongnam-Gimhae-si,경상남도,MEDIT00004,ANITY00005
입원비 고양이,경상남도,밀양시,60000,70000,70000,80000,ANITY00005,48,48,55,MEDIT00004,Gyeongnam-Miryang-si,경상남도,MEDIT00004,ANITY00005
입원비 고양이,경상남도,사천시,35000,50000,54000,77000,ANITY00005,48,48,56,MEDIT00004,Gyeongnam-Sacheon-si,경상남도,MEDIT00004,ANITY00005
입원비 고양이,경상남도,산청군,30000,30000,30000,30000,ANITY00005,48,48,57,MEDIT00004,Gyeongnam-Sancheong-gun,경상남도,MEDIT00004,ANITY00005
입원비 고양이,경상남도,양산시,25000,52500,57429,100000,ANITY00005,48,48,58,MEDIT00004,Gyeongnam-Yangsan-si,경상남도,MEDIT00004,ANITY00005
입원비 고양이,경상남도,진주시,10000,55000,66000,160000,ANITY00005,48,48,60,MEDIT00004,Gyeongnam-Jinju-si,경상남도,MEDIT00004,ANITY00005
입원비 고양이,경상남도,창녕군,30000,35000,55000,100000,ANITY00005,48,48,61,MEDIT00004,Gyeongnam-Changnyeong-gun,경상남도,MEDIT00004,ANITY00005
입원비 고양이,경상남도,창원시,10000,50000,52358,200000,ANITY00005,48,48,62,MEDIT00004,Gyeongnam-Changwon-si,경상남도,MEDIT00004,ANITY00005
입원비 고양이,경상남도,통영시,25000,62500,67167,110000,ANITY00005,48,48,63,MEDIT00004,Gyeongnam-Tongyeong-si,경상남도,MEDIT00004,ANITY00005
입원비 고양이,경상남도,하동군,40000,45000,45000,50000,ANITY00005,48,48,64,MEDIT00004,Gyeongnam-Hadong-gun,경상남도,MEDIT00004,ANITY00005
입원비 고양이,경상남도,합천군,88000,88000,88000,88000,ANITY00005,48,48,67,MEDIT00004,Gyeongnam-Hapcheon-gu,경상남도,MEDIT00004,ANITY00005
입원비 고양이,제주특별자치도,서귀포시,30000,67000,56833,77000,ANITY00005,50,50,204,MEDIT00004,Jeju-Seogwipo,제주특별자치도,MEDIT00004,ANITY00005
입원비 고양이,제주특별자치도,제주시,30000,50000,53920,150000,ANITY00005,50,50,205,MEDIT00004,Jeju-Jeju-si,제주특별자치도,MEDIT00004,ANITY00005
종합백신 접종비 개,서울특별시,강남구,25000,25000,26913,40000,ANITY00001,11,11,128,MEDIT00005,seoul-Gangnam-gu,서울특별시,MEDIT00005,ANITY00001
종합백신 접종비 개,서울특별시,강동구,15000,25000,25777,30000,ANITY00001,11,11,129,MEDIT00005,seoul-Gangdong-gu,서울특별시,MEDIT00005,ANITY00001
종합백신 접종비 개,서울특별시,강북구,20000,30000,29664,45000,ANITY00001,11,11,130,MEDIT00005,seoul-Gangbuk-gu,서울특별시,MEDIT00005,ANITY00001
종합백신 접종비 개,서울특별시,강서구,16000,25000,27156,45000,ANITY00001,11,11,131,MEDIT00005,seoul-Gangseo-gu,서울특별시,MEDIT00005,ANITY00001
종합백신 접종비 개,서울특별시,관악구,20000,25000,26200,35000,ANITY00001,11,11,132,MEDIT00005,seoul-Gwanak-gu,서울특별시,MEDIT00005,ANITY00001
종합백신 접종비 개,서울특별시,광진구,20000,30000,28594,30000,ANITY00001,11,11,133,MEDIT00005,seoul-Gwangjin-gu,서울특별시,MEDIT00005,ANITY00001
종합백신 접종비 개,서울특별시,구로구,30000,30000,30741,35000,ANITY00001,11,11,134,MEDIT00005,seoul-Guro-gu,서울특별시,MEDIT00005,ANITY00001
종합백신 접종비 개,서울특별시,금천구,20000,30000,29063,35000,ANITY00001,11,11,135,MEDIT00005,seoul-Geumcheon-gu,서울특별시,MEDIT00005,ANITY00001
종합백신 접종비 개,서울특별시,노원구,25000,30000,29756,40000,ANITY00001,11,11,136,MEDIT00005,seoul-Nowon-gu,서울특별시,MEDIT00005,ANITY00001
종합백신 접종비 개,서울특별시,도봉구,20000,30000,27760,30000,ANITY00001,11,11,137,MEDIT00005,seoul-Dobong-gu,서울특별시,MEDIT00005,ANITY00001
종합백신 접종비 개,서울특별시,동대문구,20000,30000,29387,30000,ANITY00001,11,11,138,MEDIT00005,seoul-Dongdaemun-gu,서울특별시,MEDIT00005,ANITY00001
종합백신 접종비 개,서울특별시,동작구,18500,30000,27690,30000,ANITY00001,11,11,139,MEDIT00005,seoul-Dongjak-gu,서울특별시,MEDIT00005,ANITY00001
종합백신 접종비 개,서울특별시,마포구,15000,30000,28816,35000,ANITY00001,11,11,140,MEDIT00005,seoul-Mapo-gu,서울특별시,MEDIT00005,ANITY00001
종합백신 접종비 개,서울특별시,서대문구,25000,30000,29348,40000,ANITY00001,11,11,141,MEDIT00005,seoul-Seodaemun-gu,서울특별시,MEDIT00005,ANITY00001
종합백신 접종비 개,서울특별시,서초구,16000,30000,28857,40000,ANITY00001,11,11,142,MEDIT00005,seoul-Seocho-gu,서울특별시,MEDIT00005,ANITY00001
종합백신 접종비 개,서울특별시,성동구,25000,30000,29792,35000,ANITY00001,11,11,143,MEDIT00005,seoul-Seongdong-gu,서울특별시,MEDIT00005,ANITY00001
종합백신 접종비 개,서울특별시,성북구,23000,30000,28324,35000,ANITY00001,11,11,144,MEDIT00005,seoul-Seongbuk-gu,서울특별시,MEDIT00005,ANITY00001
종합백신 접종비 개,서울특별시,송파구,15000,25000,25414,35000,ANITY00001,11,11,145,MEDIT00005,seoul-Songpa-gu,서울특별시,MEDIT00005,ANITY00001
종합백신 접종비 개,서울특별시,양천구,10000,27500,27456,35000,ANITY00001,11,11,146,MEDIT00005,seoul-Yangcheon-gu,서울특별시,MEDIT00005,ANITY00001
종합백신 접종비 개,서울특별시,영등포구,20000,30000,29000,40000,ANITY00001,11,11,147,MEDIT00005,seoul-Yeongdeungpo-gu,서울특별시,MEDIT00005,ANITY00001
종합백신 접종비 개,서울특별시,용산구,25000,30000,29792,35000,ANITY00001,11,11,148,MEDIT00005,seoul-Yongsan-gu,서울특별시,MEDIT00005,ANITY00001
종합백신 접종비 개,서울특별시,은평구,22000,30000,29649,35000,ANITY00001,11,11,149,MEDIT00005,seoul-Eunpyeong-gu,서울특별시,MEDIT00005,ANITY00001
종합백신 접종비 개,서울특별시,종로구,25000,30000,28636,40000,ANITY00001,11,11,150,MEDIT00005,seoul-Jongno-gu,서울특별시,MEDIT00005,ANITY00001
종합백신 접종비 개,서울특별시,중구,15000,25000,25714,40000,ANITY00001,11,11,151,MEDIT00005,seoul-jung-gu,서울특별시,MEDIT00005,ANITY00001
종합백신 접종비 개,서울특별시,중랑구,15000,30000,28286,30000,ANITY00001,11,11,152,MEDIT00005,seoul-Jungnang-gu,서울특별시,MEDIT00005,ANITY00001
종합백신 접종비 개,부산광역시,강서구,25000,25000,25000,25000,ANITY00001,26,26,111,MEDIT00005,Busan-Gangseo-gu,부산광역시,MEDIT00005,ANITY00001
종합백신 접종비 개,부산광역시,금정구,20000,25000,23667,30000,ANITY00001,26,26,112,MEDIT00005,Busan-Geumjeong-gu,부산광역시,MEDIT00005,ANITY00001
종합백신 접종비 개,부산광역시,기장군,20000,25000,24846,30000,ANITY00001,26,26,113,MEDIT00005,Busan-Gijang-gun,부산광역시,MEDIT00005,ANITY00001
종합백신 접종비 개,부산광역시,남구,19000,25000,23143,30000,ANITY00001,26,26,114,MEDIT00005,Busan-Nam-gu,부산광역시,MEDIT00005,ANITY00001
종합백신 접종비 개,부산광역시,동구,25000,25000,25000,25000,ANITY00001,26,26,115,MEDIT00005,Busan-Dong-gu,부산광역시,MEDIT00005,ANITY00001
종합백신 접종비 개,부산광역시,동래구,20000,25000,24310,35000,ANITY00001,26,26,116,MEDIT00005,Busan-Dongrae-gu,부산광역시,MEDIT00005,ANITY00001
종합백신 접종비 개,부산광역시,부산진구,20000,25000,25167,35000,ANITY00001,26,26,117,MEDIT00005,Busan-Busanjin-gu,부산광역시,MEDIT00005,ANITY00001
종합백신 접종비 개,부산광역시,북구,15000,25000,24684,35000,ANITY00001,26,26,118,MEDIT00005,Busan-Buk-gu,부산광역시,MEDIT00005,ANITY00001
종합백신 접종비 개,부산광역시,사상구,25000,25000,25000,25000,ANITY00001,26,26,119,MEDIT00005,Busan-Sasang-gu,부산광역시,MEDIT00005,ANITY00001
종합백신 접종비 개,부산광역시,사하구,20000,25000,24722,30000,ANITY00001,26,26,120,MEDIT00005,Busan-Saha-gu,부산광역시,MEDIT00005,ANITY00001
종합백신 접종비 개,부산광역시,서구,20000,22000,22400,25000,ANITY00001,26,26,121,MEDIT00005,Busan-Seo-gu,부산광역시,MEDIT00005,ANITY00001
종합백신 접종비 개,부산광역시,수영구,20000,25000,24000,30000,ANITY00001,26,26,122,MEDIT00005,Busan-Suyeong-gu,부산광역시,MEDIT00005,ANITY00001
종합백신 접종비 개,부산광역시,연제구,20000,25000,24375,25000,ANITY00001,26,26,123,MEDIT00005,Busan-Yeonje-gu,부산광역시,MEDIT00005,ANITY00001
종합백신 접종비 개,부산광역시,영도구,20000,20000,21250,25000,ANITY00001,26,26,124,MEDIT00005,Busan-Yeongdo-gu,부산광역시,MEDIT00005,ANITY00001
종합백신 접종비 개,부산광역시,중구,20000,20000,21667,25000,ANITY00001,26,26,125,MEDIT00005,Busan-Jung-gu,부산광역시,MEDIT00005,ANITY00001
종합백신 접종비 개,부산광역시,해운대구,20000,25000,25610,30000,ANITY00001,26,26,126,MEDIT00005,Busan-Haeundae-gu,부산광역시,MEDIT00005,ANITY00001
종합백신 접종비 개,대구광역시,남구,20000,30000,29444,35000,ANITY00001,27,27,96,MEDIT00005,Daegu-Nam-gu,대구광역시,MEDIT00005,ANITY00001
종합백신 접종비 개,대구광역시,달서구,20000,30000,29878,35000,ANITY00001,27,27,97,MEDIT00005,Daegu-Dalseo-gu,대구광역시,MEDIT00005,ANITY00001
종합백신 접종비 개,대구광역시,달성군,30000,30000,30000,30000,ANITY00001,27,27,98,MEDIT00005,Daegu-Dal-Sung-gun,대구광역시,MEDIT00005,ANITY00001
종합백신 접종비 개,대구광역시,동구,25000,30000,29474,30000,ANITY00001,27,27,99,MEDIT00005,Daegu-Dong-gu,대구광역시,MEDIT00005,ANITY00001
종합백신 접종비 개,대구광역시,북구,20000,30000,27500,30000,ANITY00001,27,27,100,MEDIT00005,Daegu-Buk-gu,대구광역시,MEDIT00005,ANITY00001
종합백신 접종비 개,대구광역시,서구,30000,30000,30000,30000,ANITY00001,27,27,101,MEDIT00005,Daegu-Seo-gu,대구광역시,MEDIT00005,ANITY00001
종합백신 접종비 개,대구광역시,수성구,20000,30000,29342,30000,ANITY00001,27,27,102,MEDIT00005,Daegu-Suseong-gu,대구광역시,MEDIT00005,ANITY00001
종합백신 접종비 개,대구광역시,중구,25000,30000,29818,35000,ANITY00001,27,27,103,MEDIT00005,Daegu-Jung-gu,대구광역시,MEDIT00005,ANITY00001
종합백신 접종비 개,인천광역시,강화군,15000,22500,21667,30000,ANITY00001,28,28,162,MEDIT00005,Incheon-Ganghwa-gun,인천광역시,MEDIT00005,ANITY00001
종합백신 접종비 개,인천광역시,계양구,25000,30000,28533,33000,ANITY00001,28,28,163,MEDIT00005,Incheon-Gyeyang-gu,인천광역시,MEDIT00005,ANITY00001
종합백신 접종비 개,인천광역시,남동구,11000,30000,26875,30000,ANITY00001,28,28,164,MEDIT00005,Incheon-Namdong-gu,인천광역시,MEDIT00005,ANITY00001
종합백신 접종비 개,인천광역시,동구,25000,30000,28333,30000,ANITY00001,28,28,165,MEDIT00005,Incheon-Dong-gu,인천광역시,MEDIT00005,ANITY00001
종합백신 접종비 개,인천광역시,미추홀구,15000,30000,27609,30000,ANITY00001,28,28,166,MEDIT00005,Incheon-Michuhol-gu,인천광역시,MEDIT00005,ANITY00001
종합백신 접종비 개,인천광역시,부평구,20000,30000,29636,35000,ANITY00001,28,28,167,MEDIT00005,Incheon-Bupyeong-gu,인천광역시,MEDIT00005,ANITY00001
종합백신 접종비 개,인천광역시,서구,25000,30000,28864,55000,ANITY00001,28,28,168,MEDIT00005,Incheon-Seo-gu,인천광역시,MEDIT00005,ANITY00001
종합백신 접종비 개,인천광역시,연수구,19800,30000,28695,35000,ANITY00001,28,28,169,MEDIT00005,Incheon-Yeonsu-gu,인천광역시,MEDIT00005,ANITY00001
종합백신 접종비 개,인천광역시,중구,25000,30000,30500,40000,ANITY00001,28,28,170,MEDIT00005,Incheon-Jung-gu,인천광역시,MEDIT00005,ANITY00001
종합백신 접종비 개,광주광역시,광산구,18000,25000,24700,33000,ANITY00001,29,29,89,MEDIT00005,Gwangju-Gwangsan-gu,광주광역시,MEDIT00005,ANITY00001
종합백신 접종비 개,광주광역시,남구,25000,25000,27105,50000,ANITY00001,29,29,90,MEDIT00005,Gwangju-Nam-gu,광주광역시,MEDIT00005,ANITY00001
종합백신 접종비 개,광주광역시,동구,25000,25000,28250,50000,ANITY00001,29,29,91,MEDIT00005,Gwangju-Dong-gu,광주광역시,MEDIT00005,ANITY00001
종합백신 접종비 개,광주광역시,북구,20000,25000,25538,45000,ANITY00001,29,29,92,MEDIT00005,Gwangju-Buk-gu,광주광역시,MEDIT00005,ANITY00001
종합백신 접종비 개,광주광역시,서구,20000,25000,25000,30000,ANITY00001,29,29,93,MEDIT00005,Gwangju-Seo-gu,광주광역시,MEDIT00005,ANITY00001
종합백신 접종비 개,대전광역시,대덕구,20000,25000,24000,35000,ANITY00001,30,30,105,MEDIT00005,Daejeon-Daedeok-gu,대전광역시,MEDIT00005,ANITY00001
종합백신 접종비 개,대전광역시,동구,20000,25000,23000,25000,ANITY00001,30,30,106,MEDIT00005,Daejeon-Dong-gu,대전광역시,MEDIT00005,ANITY00001
종합백신 접종비 개,대전광역시,서구,10000,25000,24088,40000,ANITY00001,30,30,107,MEDIT00005,Daejeon-Seo-gu,대전광역시,MEDIT00005,ANITY00001
종합백신 접종비 개,대전광역시,유성구,15000,27500,26192,40000,ANITY00001,30,30,108,MEDIT00005,Daejeon-Yuseong-gu,대전광역시,MEDIT00005,ANITY00001
종합백신 접종비 개,대전광역시,중구,15000,22000,22063,25000,ANITY00001,30,30,109,MEDIT00005,Daejeon-Jung-gu,대전광역시,MEDIT00005,ANITY00001
종합백신 접종비 개,울산광역시,남구,24000,25000,25478,36000,ANITY00001,31,31,156,MEDIT00005,Ulsan-Nam-gu,울산광역시,MEDIT00005,ANITY00001
종합백신 접종비 개,울산광역시,동구,20000,24500,23833,25000,ANITY00001,31,31,157,MEDIT00005,Ulsan-Dong-gu,울산광역시,MEDIT00005,ANITY00001
종합백신 접종비 개,울산광역시,북구,23000,25000,24667,25000,ANITY00001,31,31,158,MEDIT00005,Ulsan-Buk-gu,울산광역시,MEDIT00005,ANITY00001
종합백신 접종비 개,울산광역시,울주군,24000,25000,25250,30000,ANITY00001,31,31,159,MEDIT00005,Ulsan-Ulju-gun,울산광역시,MEDIT00005,ANITY00001
종합백신 접종비 개,울산광역시,중구,25000,25000,25333,29000,ANITY00001,31,31,160,MEDIT00005,Ulsan-Jung-gu,울산광역시,MEDIT00005,ANITY00001
종합백신 접종비 개,세종특별자치시,세종특별자치시,15000,25000,23350,27000,ANITY00001,36,36,154,MEDIT00005,Sejong-Sejong-si,세종특별자치시,MEDIT00005,ANITY00001
종합백신 접종비 개,경기도,가평군,15000,20000,18750,20000,ANITY00001,41,41,19,MEDIT00005,Gyeonggi-Gapyeong-gun,경기도,MEDIT00005,ANITY00001
종합백신 접종비 개,경기도,고양시,12000,30000,27491,50000,ANITY00001,41,41,20,MEDIT00005,Gyeonggi-Goyang-si,경기도,MEDIT00005,ANITY00001
종합백신 접종비 개,경기도,과천시,8000,25000,26000,40000,ANITY00001,41,41,21,MEDIT00005,Gyeonggi-Gwacheon,경기도,MEDIT00005,ANITY00001
종합백신 접종비 개,경기도,광명시,25000,30000,29375,35000,ANITY00001,41,41,22,MEDIT00005,Gyeonggi-Gwangmyeong,경기도,MEDIT00005,ANITY00001
종합백신 접종비 개,경기도,광주시,7500,27000,25224,30000,ANITY00001,41,41,23,MEDIT00005,Gyeonggi-Gwangju-si,경기도,MEDIT00005,ANITY00001
종합백신 접종비 개,경기도,구리시,10000,25000,25000,30000,ANITY00001,41,41,24,MEDIT00005,Gyeonggi-Guri-si,경기도,MEDIT00005,ANITY00001
종합백신 접종비 개,경기도,군포시,30000,30000,30192,32500,ANITY00001,41,41,25,MEDIT00005,Gyeonggi-Gunpo,경기도,MEDIT00005,ANITY00001
종합백신 접종비 개,경기도,김포시,15000,30000,28171,35000,ANITY00001,41,41,26,MEDIT00005,Gyeonggi-Gimpo-si,경기도,MEDIT00005,ANITY00001
종합백신 접종비 개,경기도,남양주시,20000,25000,25778,40000,ANITY00001,41,41,27,MEDIT00005,Gyeonggi-Namyangju-si,경기도,MEDIT00005,ANITY00001
종합백신 접종비 개,경기도,동두천시,20000,25000,22857,25000,ANITY00001,41,41,28,MEDIT00005,Gyeonggi-Dongducheon-si,경기도,MEDIT00005,ANITY00001
종합백신 접종비 개,경기도,부천시,15000,30000,29597,45000,ANITY00001,41,41,29,MEDIT00005,Gyeonggi-Bucheon,경기도,MEDIT00005,ANITY00001
종합백신 접종비 개,경기도,성남시,10000,25000,24474,35000,ANITY00001,41,41,30,MEDIT00005,Gyeonggi-Seongnam,경기도,MEDIT00005,ANITY00001
종합백신 접종비 개,경기도,수원시,12000,25000,25618,60000,ANITY00001,41,41,31,MEDIT00005,Gyeonggi-Suwon-si,경기도,MEDIT00005,ANITY00001
종합백신 접종비 개,경기도,시흥시,25000,30000,30029,35000,ANITY00001,41,41,32,MEDIT00005,Gyeonggi-Siheung,경기도,MEDIT00005,ANITY00001
종합백신 접종비 개,경기도,안산시,20000,30000,29712,35500,ANITY00001,41,41,33,MEDIT00005,Gyeonggi-Ansan,경기도,MEDIT00005,ANITY00001
종합백신 접종비 개,경기도,안성시,15000,25000,24000,30000,ANITY00001,41,41,34,MEDIT00005,Gyeonggi-Anseong-si,경기도,MEDIT00005,ANITY00001
종합백신 접종비 개,경기도,안양시,20000,25000,27357,35000,ANITY00001,41,41,35,MEDIT00005,Gyeonggi-Anyang,경기도,MEDIT00005,ANITY00001
종합백신 접종비 개,경기도,양주시,25000,25000,26667,35000,ANITY00001,41,41,36,MEDIT00005,Gyeonggi-Yangju-si,경기도,MEDIT00005,ANITY00001
종합백신 접종비 개,경기도,양평군,20000,25000,26500,45000,ANITY00001,41,41,37,MEDIT00005,Gyeonggi-Yangpyeong-gun,경기도,MEDIT00005,ANITY00001
종합백신 접종비 개,경기도,여주시,15000,23500,21750,25000,ANITY00001,41,41,38,MEDIT00005,Gyeonggi-Yeoju-si,경기도,MEDIT00005,ANITY00001
종합백신 접종비 개,경기도,오산시,20000,25000,24706,25000,ANITY00001,41,41,39,MEDIT00005,Gyeonggi-Osan-si,경기도,MEDIT00005,ANITY00001
종합백신 접종비 개,경기도,용인시,15000,27000,27261,45000,ANITY00001,41,41,40,MEDIT00005,Gyeonggi-Yongin-si,경기도,MEDIT00005,ANITY00001
종합백신 접종비 개,경기도,의왕시,20000,25000,24500,30000,ANITY00001,41,41,41,MEDIT00005,Gyeonggi-Uiwang,경기도,MEDIT00005,ANITY00001
종합백신 접종비 개,경기도,의정부시,25000,30000,29677,40000,ANITY00001,41,41,42,MEDIT00005,Gyeonggi-Uijeongbu-si,경기도,MEDIT00005,ANITY00001
종합백신 접종비 개,경기도,이천시,15000,18000,20600,27000,ANITY00001,41,41,43,MEDIT00005,Gyeonggi-Icheon-si,경기도,MEDIT00005,ANITY00001
종합백신 접종비 개,경기도,파주시,10000,30000,28088,40000,ANITY00001,41,41,44,MEDIT00005,Gyeonggi-Paju-si,경기도,MEDIT00005,ANITY00001
종합백신 접종비 개,경기도,평택시,20000,25000,23625,35000,ANITY00001,41,41,45,MEDIT00005,Gyeonggi-Pyeongtaek-si,경기도,MEDIT00005,ANITY00001
종합백신 접종비 개,경기도,포천시,15000,20000,21000,25000,ANITY00001,41,41,46,MEDIT00005,Gyeonggi-Pocheon-si,경기도,MEDIT00005,ANITY00001
종합백신 접종비 개,경기도,하남시,15000,25000,24219,30000,ANITY00001,41,41,47,MEDIT00005,Gyeonggi-Hanam-si,경기도,MEDIT00005,ANITY00001
종합백신 접종비 개,경기도,화성시,10000,25000,24269,40000,ANITY00001,41,41,48,MEDIT00005,Gyeonggi-Hwaseong-si,경기도,MEDIT00005,ANITY00001
종합백신 접종비 개,강원특별자치도,강릉시,20000,25000,25313,35000,ANITY00001,42,42,2,MEDIT00005,Gangwon-Gangneung-si,강원특별자치도,MEDIT00005,ANITY00001
종합백신 접종비 개,강원특별자치도,고성군,15000,17500,17500,20000,ANITY00001,42,42,3,MEDIT00005,Gangwon-Gosung-gun,강원특별자치도,MEDIT00005,ANITY00001
종합백신 접종비 개,강원특별자치도,동해시,25000,25000,25000,25000,ANITY00001,42,42,4,MEDIT00005,Gangwon-Donghae-si,강원특별자치도,MEDIT00005,ANITY00001
종합백신 접종비 개,강원특별자치도,삼척시,20000,25000,23333,25000,ANITY00001,42,42,5,MEDIT00005,Gangwon-Samcheok-si,강원특별자치도,MEDIT00005,ANITY00001
종합백신 접종비 개,강원특별자치도,속초시,15000,20000,19833,22000,ANITY00001,42,42,6,MEDIT00005,Gangwon-Sokcho-si,강원특별자치도,MEDIT00005,ANITY00001
종합백신 접종비 개,강원특별자치도,양양군,20000,20000,20667,22000,ANITY00001,42,42,8,MEDIT00005,Gangwon-Yangyang-gun,강원특별자치도,MEDIT00005,ANITY00001
종합백신 접종비 개,강원특별자치도,영월군,20000,22500,22500,25000,ANITY00001,42,42,9,MEDIT00005,Gangwon-Yeongwol-gun,강원특별자치도,MEDIT00005,ANITY00001
종합백신 접종비 개,강원특별자치도,원주시,20000,20000,21250,35000,ANITY00001,42,42,10,MEDIT00005,Gangwon-Wonju-si,강원특별자치도,MEDIT00005,ANITY00001
종합백신 접종비 개,강원특별자치도,인제군,25000,25000,25000,25000,ANITY00001,42,42,11,MEDIT00005,Gangwon-Inje-gun,강원특별자치도,MEDIT00005,ANITY00001
종합백신 접종비 개,강원특별자치도,정선군,20000,20000,20000,20000,ANITY00001,42,42,12,MEDIT00005,Gangwon-Jeongseon-gun,강원특별자치도,MEDIT00005,ANITY00001
종합백신 접종비 개,강원특별자치도,춘천시,15000,22500,23556,31000,ANITY00001,42,42,13,MEDIT00005,Gangwon-Chuncheon-si,강원특별자치도,MEDIT00005,ANITY00001
종합백신 접종비 개,강원특별자치도,태백시,25000,25000,25000,25000,ANITY00001,42,42,14,MEDIT00005,Gangwon-Taebaek-si,강원특별자치도,MEDIT00005,ANITY00001
종합백신 접종비 개,강원특별자치도,홍천군,19000,23000,22167,25000,ANITY00001,42,42,15,MEDIT00005,Gangwon-Hongcheon-gun,강원특별자치도,MEDIT00005,ANITY00001
종합백신 접종비 개,강원특별자치도,화천군,20000,22500,22500,25000,ANITY00001,42,42,16,MEDIT00005,Gangwon-Hwacheon-gun,강원특별자치도,MEDIT00005,ANITY00001
종합백신 접종비 개,강원특별자치도,횡성군,20000,20000,20000,20000,ANITY00001,42,42,17,MEDIT00005,Gangwon-Hoengseong-gun,강원특별자치도,MEDIT00005,ANITY00001
종합백신 접종비 개,충청북도,괴산군,20000,22500,22500,25000,ANITY00001,43,43,223,MEDIT00005,Chungbuk-Goesan-gun,충청북도,MEDIT00005,ANITY00001
종합백신 접종비 개,충청북도,보은군,20000,20000,20000,20000,ANITY00001,43,43,225,MEDIT00005,Chungbuk-Boeun-gun,충청북도,MEDIT00005,ANITY00001
종합백신 접종비 개,충청북도,영동군,20000,20000,20000,20000,ANITY00001,43,43,226,MEDIT00005,Chungbuk-Yeongdong-gun,충청북도,MEDIT00005,ANITY00001
종합백신 접종비 개,충청북도,옥천군,20000,20000,21667,25000,ANITY00001,43,43,227,MEDIT00005,Chungbuk-Okcheon-gun,충청북도,MEDIT00005,ANITY00001
종합백신 접종비 개,충청북도,음성군,20000,20000,21000,25000,ANITY00001,43,43,228,MEDIT00005,Chungbuk-Eumseong-gun,충청북도,MEDIT00005,ANITY00001
종합백신 접종비 개,충청북도,제천시,15000,25000,22500,25000,ANITY00001,43,43,229,MEDIT00005,Chungbuk-Jecheon-si,충청북도,MEDIT00005,ANITY00001
종합백신 접종비 개,충청북도,증평군,18000,18000,20333,25000,ANITY00001,43,43,230,MEDIT00005,Chungbuk-Jeungpyeong-gun,충청북도,MEDIT00005,ANITY00001
종합백신 접종비 개,충청북도,진천군,15000,15000,17000,20000,ANITY00001,43,43,231,MEDIT00005,Chungbuk-Jincheon-gun,충청북도,MEDIT00005,ANITY00001
종합백신 접종비 개,충청북도,청주시,18000,25000,23783,30000,ANITY00001,43,43,232,MEDIT00005,Chungbuk-Cheongju-si,충청북도,MEDIT00005,ANITY00001
종합백신 접종비 개,충청북도,충주시,25000,25000,25000,25000,ANITY00001,43,43,233,MEDIT00005,Chungbuk-Chungju-si,충청북도,MEDIT00005,ANITY00001
종합백신 접종비 개,충청남도,계룡시,15000,18000,17000,18000,ANITY00001,44,44,207,MEDIT00005,Chungnam-Gyeryong-si,충청남도,MEDIT00005,ANITY00001
종합백신 접종비 개,충청남도,공주시,25000,25000,25000,25000,ANITY00001,44,44,208,MEDIT00005,Chungnam-Gongju-si,충청남도,MEDIT00005,ANITY00001
종합백신 접종비 개,충청남도,금산군,15000,20000,20000,25000,ANITY00001,44,44,209,MEDIT00005,Chungnam-Geumsan-gun,충청남도,MEDIT00005,ANITY00001
종합백신 접종비 개,충청남도,논산시,19800,21250,23075,30000,ANITY00001,44,44,210,MEDIT00005,Chungnam-Nonsan-si,충청남도,MEDIT00005,ANITY00001
종합백신 접종비 개,충청남도,당진시,15000,25000,25000,30000,ANITY00001,44,44,211,MEDIT00005,Chungnam-Dangjin-si,충청남도,MEDIT00005,ANITY00001
종합백신 접종비 개,충청남도,보령시,25000,25000,25000,25000,ANITY00001,44,44,212,MEDIT00005,Chungnam-Boryeong-si,충청남도,MEDIT00005,ANITY00001
종합백신 접종비 개,충청남도,부여군,15000,20000,18750,20000,ANITY00001,44,44,213,MEDIT00005,Chungnam-Buyeo-gun,충청남도,MEDIT00005,ANITY00001
종합백신 접종비 개,충청남도,서산시,25000,25000,25000,25000,ANITY00001,44,44,214,MEDIT00005,Chungnam-Seosan-si,충청남도,MEDIT00005,ANITY00001
종합백신 접종비 개,충청남도,서천군,10000,12500,12500,15000,ANITY00001,44,44,215,MEDIT00005,Chungnam-Seocheon-gun,충청남도,MEDIT00005,ANITY00001
종합백신 접종비 개,충청남도,아산시,20000,25000,24286,25000,ANITY00001,44,44,216,MEDIT00005,Chungnam-Asan-si,충청남도,MEDIT00005,ANITY00001
종합백신 접종비 개,충청남도,예산군,25000,25000,25000,25000,ANITY00001,44,44,217,MEDIT00005,Chungnam-Yesan-gun,충청남도,MEDIT00005,ANITY00001
종합백신 접종비 개,충청남도,천안시,18000,25000,24953,40000,ANITY00001,44,44,218,MEDIT00005,Chungnam-Cheonan-si,충청남도,MEDIT00005,ANITY00001
종합백신 접종비 개,충청남도,태안군,10000,15000,16667,25000,ANITY00001,44,44,220,MEDIT00005,Chungnam-Taean-gu,충청남도,MEDIT00005,ANITY00001
종합백신 접종비 개,충청남도,홍성군,25000,25000,25000,25000,ANITY00001,44,44,221,MEDIT00005,Chungnam-Hongseong-gun,충청남도,MEDIT00005,ANITY00001
종합백신 접종비 개,전북특별자치도,고창군,20000,25000,23333,25000,ANITY00001,45,45,191,MEDIT00005,Jeonbuk-Gochang-gun,전북특별자치도,MEDIT00005,ANITY00001
종합백신 접종비 개,전북특별자치도,군산시,10000,25000,22667,30000,ANITY00001,45,45,192,MEDIT00005,Jeonbuk-Gunsan-si,전북특별자치도,MEDIT00005,ANITY00001
종합백신 접종비 개,전북특별자치도,김제시,15000,20000,20000,30000,ANITY00001,45,45,193,MEDIT00005,Jeonbuk-Gimje-si,전북특별자치도,MEDIT00005,ANITY00001
종합백신 접종비 개,전북특별자치도,남원시,20000,30000,28000,30000,ANITY00001,45,45,194,MEDIT00005,Jeonbuk-Namwon-si,전북특별자치도,MEDIT00005,ANITY00001
종합백신 접종비 개,전북특별자치도,부안군,12000,20000,19000,25000,ANITY00001,45,45,196,MEDIT00005,Jeonbuk-Buan-gun,전북특별자치도,MEDIT00005,ANITY00001
종합백신 접종비 개,전북특별자치도,순창군,10000,20000,18333,25000,ANITY00001,45,45,197,MEDIT00005,Jeonbuk-Sunchang-gun,전북특별자치도,MEDIT00005,ANITY00001
종합백신 접종비 개,전북특별자치도,완주군,15000,20000,23000,30000,ANITY00001,45,45,198,MEDIT00005,Jeonbuk-Wanju-gun,전북특별자치도,MEDIT00005,ANITY00001
종합백신 접종비 개,전북특별자치도,익산시,10000,25000,23941,35000,ANITY00001,45,45,199,MEDIT00005,Jeonbuk-Iksan-si,전북특별자치도,MEDIT00005,ANITY00001
종합백신 접종비 개,전북특별자치도,전주시,20000,30000,27955,35000,ANITY00001,45,45,201,MEDIT00005,Jeonbuk-Jeonju-si,전북특별자치도,MEDIT00005,ANITY00001
종합백신 접종비 개,전북특별자치도,정읍시,15000,25000,23200,28000,ANITY00001,45,45,202,MEDIT00005,Jeonbuk-Jeongeup-si,전북특별자치도,MEDIT00005,ANITY00001
종합백신 접종비 개,전라남도,고흥군,20000,21000,21000,22000,ANITY00001,46,46,172,MEDIT00005,Jeonnam-Goheung-gun,전라남도,MEDIT00005,ANITY00001
종합백신 접종비 개,전라남도,곡성군,15000,20000,20000,25000,ANITY00001,46,46,173,MEDIT00005,Jeonnam-Gokseong-gun,전라남도,MEDIT00005,ANITY00001
종합백신 접종비 개,전라남도,광양시,25000,28500,28667,35000,ANITY00001,46,46,174,MEDIT00005,Jeonnam-Gwangyang-si,전라남도,MEDIT00005,ANITY00001
종합백신 접종비 개,전라남도,구례군,10000,15000,15000,20000,ANITY00001,46,46,175,MEDIT00005,Jeonnam-Gurye-gun,전라남도,MEDIT00005,ANITY00001
종합백신 접종비 개,전라남도,나주시,20000,22500,26667,40000,ANITY00001,46,46,176,MEDIT00005,Jeonnam-Naju-si,전라남도,MEDIT00005,ANITY00001
종합백신 접종비 개,전라남도,담양군,20000,25000,25000,30000,ANITY00001,46,46,177,MEDIT00005,Jeonnam-Damyang-gun,전라남도,MEDIT00005,ANITY00001
종합백신 접종비 개,전라남도,목포시,20000,20000,20000,20000,ANITY00001,46,46,178,MEDIT00005,Jeonnam-Mokpo-si,전라남도,MEDIT00005,ANITY00001
종합백신 접종비 개,전라남도,무안군,20000,20000,20000,20000,ANITY00001,46,46,179,MEDIT00005,Jeonnam-Muan-gun,전라남도,MEDIT00005,ANITY00001
종합백신 접종비 개,전라남도,순천시,21500,27000,26433,30000,ANITY00001,46,46,180,MEDIT00005,Jeonnam-Suncheon-si,전라남도,MEDIT00005,ANITY00001
종합백신 접종비 개,전라남도,여수시,15000,20000,20000,25000,ANITY00001,46,46,181,MEDIT00005,Jeonnam-Yeosu-si,전라남도,MEDIT00005,ANITY00001
종합백신 접종비 개,전라남도,영광군,10000,14000,14000,18000,ANITY00001,46,46,182,MEDIT00005,Jeonnam-Yeonggwang-gun,전라남도,MEDIT00005,ANITY00001
종합백신 접종비 개,전라남도,장성군,20000,25000,25000,30000,ANITY00001,46,46,185,MEDIT00005,Jeonnam-Jangseong-gun,전라남도,MEDIT00005,ANITY00001
종합백신 접종비 개,전라남도,장흥군,20000,22500,22500,25000,ANITY00001,46,46,186,MEDIT00005,Jeonnam-Jangheung-gun,전라남도,MEDIT00005,ANITY00001
종합백신 접종비 개,전라남도,해남군,20000,20000,20000,20000,ANITY00001,46,46,188,MEDIT00005,Jeonnam-Haenam-gun,전라남도,MEDIT00005,ANITY00001
종합백신 접종비 개,전라남도,화순군,20000,30000,31250,45000,ANITY00001,46,46,189,MEDIT00005,Jeonnam-Hwasun-gun,전라남도,MEDIT00005,ANITY00001
종합백신 접종비 개,경상북도,경산시,10000,25000,23125,25000,ANITY00001,47,47,69,MEDIT00005,Gyeongbuk-Gyeongsan-si,경상북도,MEDIT00005,ANITY00001
종합백신 접종비 개,경상북도,경주시,20000,25000,26818,50000,ANITY00001,47,47,70,MEDIT00005,Gyeongbuk-Gyeongju-si,경상북도,MEDIT00005,ANITY00001
종합백신 접종비 개,경상북도,구미시,20000,25000,24907,27500,ANITY00001,47,47,72,MEDIT00005,Gyeongbuk-Gumi-si,경상북도,MEDIT00005,ANITY00001
종합백신 접종비 개,경상북도,김천시,25000,25000,25000,25000,ANITY00001,47,47,73,MEDIT00005,Gyeongbuk-Gimcheon-si,경상북도,MEDIT00005,ANITY00001
종합백신 접종비 개,경상북도,문경시,25000,25000,25000,25000,ANITY00001,47,47,74,MEDIT00005,Gyeongbuk-Mungyeong-si,경상북도,MEDIT00005,ANITY00001
종합백신 접종비 개,경상북도,상주시,15000,20000,18750,20000,ANITY00001,47,47,75,MEDIT00005,Gyeongbuk-Sangju-si,경상북도,MEDIT00005,ANITY00001
종합백신 접종비 개,경상북도,성주군,20000,20000,23333,30000,ANITY00001,47,47,76,MEDIT00005,Gyeongbuk-Seongju-gun,경상북도,MEDIT00005,ANITY00001
종합백신 접종비 개,경상북도,안동시,20000,25000,24167,25000,ANITY00001,47,47,77,MEDIT00005,Gyeongbuk-Andong-si,경상북도,MEDIT00005,ANITY00001
종합백신 접종비 개,경상북도,영덕군,20000,22500,22500,25000,ANITY00001,47,47,78,MEDIT00005,Gyeongbuk-Yeongdeok-gun,경상북도,MEDIT00005,ANITY00001
종합백신 접종비 개,경상북도,영주시,15000,20000,19400,25000,ANITY00001,47,47,79,MEDIT00005,Gyeongbuk-Yeongju-si,경상북도,MEDIT00005,ANITY00001
종합백신 접종비 개,경상북도,영천시,20000,20000,20000,20000,ANITY00001,47,47,80,MEDIT00005,Gyeongbuk-Yeongcheon-si,경상북도,MEDIT00005,ANITY00001
종합백신 접종비 개,경상북도,예천군,20000,22500,22500,25000,ANITY00001,47,47,81,MEDIT00005,Gyeongbuk-Yecheon-gun,경상북도,MEDIT00005,ANITY00001
종합백신 접종비 개,경상북도,청도군,25000,25000,25000,25000,ANITY00001,47,47,84,MEDIT00005,Gyeongbuk-Cheongdo-gun,경상북도,MEDIT00005,ANITY00001
종합백신 접종비 개,경상북도,칠곡군,12000,25000,24500,30000,ANITY00001,47,47,86,MEDIT00005,Gyeongbuk-Chilgok-gun,경상북도,MEDIT00005,ANITY00001
종합백신 접종비 개,경상북도,포항시,15000,20000,20952,30000,ANITY00001,47,47,87,MEDIT00005,Gyeongbuk-Pohang-si,경상북도,MEDIT00005,ANITY00001
종합백신 접종비 개,경상남도,거제시,25000,25000,25000,25000,ANITY00001,48,48,50,MEDIT00005,Gyeongnam-Geoje-si,경상남도,MEDIT00005,ANITY00001
종합백신 접종비 개,경상남도,거창군,15000,17000,17333,20000,ANITY00001,48,48,51,MEDIT00005,Gyeongnam-Geochang-gun,경상남도,MEDIT00005,ANITY00001
종합백신 접종비 개,경상남도,고성군,20000,20000,20000,20000,ANITY00001,48,48,52,MEDIT00005,Gyeongnam-Goseong-gun,경상남도,MEDIT00005,ANITY00001
종합백신 접종비 개,경상남도,김해시,25000,30000,29459,30000,ANITY00001,48,48,53,MEDIT00005,Gyeongnam-Gimhae-si,경상남도,MEDIT00005,ANITY00001
종합백신 접종비 개,경상남도,남해군,15000,20000,20000,25000,ANITY00001,48,48,54,MEDIT00005,Gyeongnam-Namhae-gun,경상남도,MEDIT00005,ANITY00001
종합백신 접종비 개,경상남도,밀양시,20000,20000,23333,35000,ANITY00001,48,48,55,MEDIT00005,Gyeongnam-Miryang-si,경상남도,MEDIT00005,ANITY00001
종합백신 접종비 개,경상남도,사천시,20000,25000,24375,25000,ANITY00001,48,48,56,MEDIT00005,Gyeongnam-Sacheon-si,경상남도,MEDIT00005,ANITY00001
종합백신 접종비 개,경상남도,산청군,20000,25000,25000,30000,ANITY00001,48,48,57,MEDIT00005,Gyeongnam-Sancheong-gun,경상남도,MEDIT00005,ANITY00001
종합백신 접종비 개,경상남도,양산시,25000,25000,25455,30000,ANITY00001,48,48,58,MEDIT00005,Gyeongnam-Yangsan-si,경상남도,MEDIT00005,ANITY00001
종합백신 접종비 개,경상남도,진주시,20000,25000,26250,45000,ANITY00001,48,48,60,MEDIT00005,Gyeongnam-Jinju-si,경상남도,MEDIT00005,ANITY00001
종합백신 접종비 개,경상남도,창녕군,30000,30000,30000,30000,ANITY00001,48,48,61,MEDIT00005,Gyeongnam-Changnyeong-gun,경상남도,MEDIT00005,ANITY00001
종합백신 접종비 개,경상남도,창원시,30000,30000,30821,60000,ANITY00001,48,48,62,MEDIT00005,Gyeongnam-Changwon-si,경상남도,MEDIT00005,ANITY00001
종합백신 접종비 개,경상남도,통영시,25000,25000,25000,25000,ANITY00001,48,48,63,MEDIT00005,Gyeongnam-Tongyeong-si,경상남도,MEDIT00005,ANITY00001
종합백신 접종비 개,경상남도,하동군,17000,21000,21000,25000,ANITY00001,48,48,64,MEDIT00005,Gyeongnam-Hadong-gun,경상남도,MEDIT00005,ANITY00001
종합백신 접종비 개,경상남도,함안군,20000,25000,23333,25000,ANITY00001,48,48,65,MEDIT00005,Gyeongnam-Haman-gun,경상남도,MEDIT00005,ANITY00001
종합백신 접종비 개,경상남도,합천군,20000,20000,20000,20000,ANITY00001,48,48,67,MEDIT00005,Gyeongnam-Hapcheon-gu,경상남도,MEDIT00005,ANITY00001
종합백신 접종비 개,제주특별자치도,서귀포시,15000,25000,24615,35000,ANITY00001,50,50,204,MEDIT00005,Jeju-Seogwipo,제주특별자치도,MEDIT00005,ANITY00001
종합백신 접종비 개,제주특별자치도,제주시,15000,25000,24783,40000,ANITY00001,50,50,205,MEDIT00005,Jeju-Jeju-si,제주특별자치도,MEDIT00005,ANITY00001
종합백신 접종비 고양이,서울특별시,강남구,30000,40000,40882,60000,ANITY00005,11,11,128,MEDIT00005,seoul-Gangnam-gu,서울특별시,MEDIT00005,ANITY00005
종합백신 접종비 고양이,서울특별시,강동구,23000,40000,37911,55000,ANITY00005,11,11,129,MEDIT00005,seoul-Gangdong-gu,서울특별시,MEDIT00005,ANITY00005
종합백신 접종비 고양이,서울특별시,강북구,30000,45000,42934,55000,ANITY00005,11,11,130,MEDIT00005,seoul-Gangbuk-gu,서울특별시,MEDIT00005,ANITY00005
종합백신 접종비 고양이,서울특별시,강서구,23000,40000,39281,55000,ANITY00005,11,11,131,MEDIT00005,seoul-Gangseo-gu,서울특별시,MEDIT00005,ANITY00005
종합백신 접종비 고양이,서울특별시,관악구,30000,40000,38600,50000,ANITY00005,11,11,132,MEDIT00005,seoul-Gwanak-gu,서울특별시,MEDIT00005,ANITY00005
종합백신 접종비 고양이,서울특별시,광진구,30000,40000,41875,70000,ANITY00005,11,11,133,MEDIT00005,seoul-Gwangjin-gu,서울특별시,MEDIT00005,ANITY00005
종합백신 접종비 고양이,서울특별시,구로구,30000,45000,43333,45000,ANITY00005,11,11,134,MEDIT00005,seoul-Guro-gu,서울특별시,MEDIT00005,ANITY00005
종합백신 접종비 고양이,서울특별시,금천구,35000,45000,42500,45000,ANITY00005,11,11,135,MEDIT00005,seoul-Geumcheon-gu,서울특별시,MEDIT00005,ANITY00005
종합백신 접종비 고양이,서울특별시,노원구,30000,45000,44762,70000,ANITY00005,11,11,136,MEDIT00005,seoul-Nowon-gu,서울특별시,MEDIT00005,ANITY00005
종합백신 접종비 고양이,서울특별시,도봉구,30000,40000,41800,60000,ANITY00005,11,11,137,MEDIT00005,seoul-Dobong-gu,서울특별시,MEDIT00005,ANITY00005
종합백신 접종비 고양이,서울특별시,동대문구,30000,45000,43548,50000,ANITY00005,11,11,138,MEDIT00005,seoul-Dongdaemun-gu,서울특별시,MEDIT00005,ANITY00005
종합백신 접종비 고양이,서울특별시,동작구,29500,40000,37595,45000,ANITY00005,11,11,139,MEDIT00005,seoul-Dongjak-gu,서울특별시,MEDIT00005,ANITY00005
종합백신 접종비 고양이,서울특별시,마포구,30000,40000,40615,55000,ANITY00005,11,11,140,MEDIT00005,seoul-Mapo-gu,서울특별시,MEDIT00005,ANITY00005
종합백신 접종비 고양이,서울특별시,서대문구,35000,45000,42391,45000,ANITY00005,11,11,141,MEDIT00005,seoul-Seodaemun-gu,서울특별시,MEDIT00005,ANITY00005
종합백신 접종비 고양이,서울특별시,서초구,30000,40000,41204,55000,ANITY00005,11,11,142,MEDIT00005,seoul-Seocho-gu,서울특별시,MEDIT00005,ANITY00005
종합백신 접종비 고양이,서울특별시,성동구,35000,38750,40250,75000,ANITY00005,11,11,143,MEDIT00005,seoul-Seongdong-gu,서울특별시,MEDIT00005,ANITY00005
종합백신 접종비 고양이,서울특별시,성북구,30000,40000,41735,60000,ANITY00005,11,11,144,MEDIT00005,seoul-Seongbuk-gu,서울특별시,MEDIT00005,ANITY00005
종합백신 접종비 고양이,서울특별시,송파구,22000,40000,38929,55000,ANITY00005,11,11,145,MEDIT00005,seoul-Songpa-gu,서울특별시,MEDIT00005,ANITY00005
종합백신 접종비 고양이,서울특별시,양천구,30000,40000,39133,55000,ANITY00005,11,11,146,MEDIT00005,seoul-Yangcheon-gu,서울특별시,MEDIT00005,ANITY00005
종합백신 접종비 고양이,서울특별시,영등포구,25000,45000,42222,70000,ANITY00005,11,11,147,MEDIT00005,seoul-Yeongdeungpo-gu,서울특별시,MEDIT00005,ANITY00005
종합백신 접종비 고양이,서울특별시,용산구,35000,45000,42917,55000,ANITY00005,11,11,148,MEDIT00005,seoul-Yongsan-gu,서울특별시,MEDIT00005,ANITY00005
종합백신 접종비 고양이,서울특별시,은평구,27500,40000,40068,60000,ANITY00005,11,11,149,MEDIT00005,seoul-Eunpyeong-gu,서울특별시,MEDIT00005,ANITY00005
종합백신 접종비 고양이,서울특별시,종로구,40000,45000,44545,60000,ANITY00005,11,11,150,MEDIT00005,seoul-Jongno-gu,서울특별시,MEDIT00005,ANITY00005
종합백신 접종비 고양이,서울특별시,중구,20000,40000,37692,50000,ANITY00005,11,11,151,MEDIT00005,seoul-jung-gu,서울특별시,MEDIT00005,ANITY00005
종합백신 접종비 고양이,서울특별시,중랑구,25000,45000,44379,60000,ANITY00005,11,11,152,MEDIT00005,seoul-Jungnang-gu,서울특별시,MEDIT00005,ANITY00005
종합백신 접종비 고양이,부산광역시,강서구,35000,40000,39545,40000,ANITY00005,26,26,111,MEDIT00005,Busan-Gangseo-gu,부산광역시,MEDIT00005,ANITY00005
종합백신 접종비 고양이,부산광역시,금정구,20000,35000,35333,45000,ANITY00005,26,26,112,MEDIT00005,Busan-Geumjeong-gu,부산광역시,MEDIT00005,ANITY00005
종합백신 접종비 고양이,부산광역시,기장군,30000,40000,38731,50000,ANITY00005,26,26,113,MEDIT00005,Busan-Gijang-gun,부산광역시,MEDIT00005,ANITY00005
종합백신 접종비 고양이,부산광역시,남구,34000,35000,36714,40000,ANITY00005,26,26,114,MEDIT00005,Busan-Nam-gu,부산광역시,MEDIT00005,ANITY00005
종합백신 접종비 고양이,부산광역시,동구,30000,35000,34000,35000,ANITY00005,26,26,115,MEDIT00005,Busan-Dong-gu,부산광역시,MEDIT00005,ANITY00005
종합백신 접종비 고양이,부산광역시,동래구,35000,35000,38103,50000,ANITY00005,26,26,116,MEDIT00005,Busan-Dongrae-gu,부산광역시,MEDIT00005,ANITY00005
종합백신 접종비 고양이,부산광역시,부산진구,30000,36500,37600,45000,ANITY00005,26,26,117,MEDIT00005,Busan-Busanjin-gu,부산광역시,MEDIT00005,ANITY00005
종합백신 접종비 고양이,부산광역시,북구,25000,40000,37579,40000,ANITY00005,26,26,118,MEDIT00005,Busan-Buk-gu,부산광역시,MEDIT00005,ANITY00005
종합백신 접종비 고양이,부산광역시,사상구,30000,40000,39545,45000,ANITY00005,26,26,119,MEDIT00005,Busan-Sasang-gu,부산광역시,MEDIT00005,ANITY00005
종합백신 접종비 고양이,부산광역시,사하구,30000,40000,38333,40000,ANITY00005,26,26,120,MEDIT00005,Busan-Saha-gu,부산광역시,MEDIT00005,ANITY00005
종합백신 접종비 고양이,부산광역시,서구,35000,35000,35000,35000,ANITY00005,26,26,121,MEDIT00005,Busan-Seo-gu,부산광역시,MEDIT00005,ANITY00005
종합백신 접종비 고양이,부산광역시,수영구,35000,35000,36150,40000,ANITY00005,26,26,122,MEDIT00005,Busan-Suyeong-gu,부산광역시,MEDIT00005,ANITY00005
종합백신 접종비 고양이,부산광역시,연제구,30000,35000,36250,45000,ANITY00005,26,26,123,MEDIT00005,Busan-Yeonje-gu,부산광역시,MEDIT00005,ANITY00005
종합백신 접종비 고양이,부산광역시,영도구,35000,40000,41250,50000,ANITY00005,26,26,124,MEDIT00005,Busan-Yeongdo-gu,부산광역시,MEDIT00005,ANITY00005
종합백신 접종비 고양이,부산광역시,중구,30000,35000,35000,40000,ANITY00005,26,26,125,MEDIT00005,Busan-Jung-gu,부산광역시,MEDIT00005,ANITY00005
종합백신 접종비 고양이,부산광역시,해운대구,30000,40000,39756,50000,ANITY00005,26,26,126,MEDIT00005,Busan-Haeundae-gu,부산광역시,MEDIT00005,ANITY00005
종합백신 접종비 고양이,대구광역시,남구,40000,45000,46250,60000,ANITY00005,27,27,96,MEDIT00005,Daegu-Nam-gu,대구광역시,MEDIT00005,ANITY00005
종합백신 접종비 고양이,대구광역시,달서구,25000,45000,44250,45000,ANITY00005,27,27,97,MEDIT00005,Daegu-Dalseo-gu,대구광역시,MEDIT00005,ANITY00005
종합백신 접종비 고양이,대구광역시,달성군,45000,45000,45000,45000,ANITY00005,27,27,98,MEDIT00005,Daegu-Dal-Sung-gun,대구광역시,MEDIT00005,ANITY00005
종합백신 접종비 고양이,대구광역시,동구,30000,45000,41842,45000,ANITY00005,27,27,99,MEDIT00005,Daegu-Dong-gu,대구광역시,MEDIT00005,ANITY00005
종합백신 접종비 고양이,대구광역시,북구,25000,45000,40893,45000,ANITY00005,27,27,100,MEDIT00005,Daegu-Buk-gu,대구광역시,MEDIT00005,ANITY00005
종합백신 접종비 고양이,대구광역시,서구,35000,45000,44545,50000,ANITY00005,27,27,101,MEDIT00005,Daegu-Seo-gu,대구광역시,MEDIT00005,ANITY00005
종합백신 접종비 고양이,대구광역시,수성구,30000,45000,42711,45000,ANITY00005,27,27,102,MEDIT00005,Daegu-Suseong-gu,대구광역시,MEDIT00005,ANITY00005
종합백신 접종비 고양이,대구광역시,중구,30000,45000,42091,45000,ANITY00005,27,27,103,MEDIT00005,Daegu-Jung-gu,대구광역시,MEDIT00005,ANITY00005
종합백신 접종비 고양이,인천광역시,강화군,30000,32500,34167,40000,ANITY00005,28,28,162,MEDIT00005,Incheon-Ganghwa-gun,인천광역시,MEDIT00005,ANITY00005
종합백신 접종비 고양이,인천광역시,계양구,30000,45000,42821,55000,ANITY00005,28,28,163,MEDIT00005,Incheon-Gyeyang-gu,인천광역시,MEDIT00005,ANITY00005
종합백신 접종비 고양이,인천광역시,남동구,25000,45000,40200,55000,ANITY00005,28,28,164,MEDIT00005,Incheon-Namdong-gu,인천광역시,MEDIT00005,ANITY00005
종합백신 접종비 고양이,인천광역시,동구,35000,40000,40000,45000,ANITY00005,28,28,165,MEDIT00005,Incheon-Dong-gu,인천광역시,MEDIT00005,ANITY00005
종합백신 접종비 고양이,인천광역시,미추홀구,25000,40000,39243,50000,ANITY00005,28,28,166,MEDIT00005,Incheon-Michuhol-gu,인천광역시,MEDIT00005,ANITY00005
종합백신 접종비 고양이,인천광역시,부평구,25000,45000,42727,50000,ANITY00005,28,28,167,MEDIT00005,Incheon-Bupyeong-gu,인천광역시,MEDIT00005,ANITY00005
종합백신 접종비 고양이,인천광역시,서구,30000,40000,40889,50000,ANITY00005,28,28,168,MEDIT00005,Incheon-Seo-gu,인천광역시,MEDIT00005,ANITY00005
종합백신 접종비 고양이,인천광역시,연수구,30000,45000,42575,55000,ANITY00005,28,28,169,MEDIT00005,Incheon-Yeonsu-gu,인천광역시,MEDIT00005,ANITY00005
종합백신 접종비 고양이,인천광역시,중구,40000,45000,44444,45000,ANITY00005,28,28,170,MEDIT00005,Incheon-Jung-gu,인천광역시,MEDIT00005,ANITY00005
종합백신 접종비 고양이,광주광역시,광산구,35000,40000,38767,40000,ANITY00005,29,29,89,MEDIT00005,Gwangju-Gwangsan-gu,광주광역시,MEDIT00005,ANITY00005
종합백신 접종비 고양이,광주광역시,남구,35000,40000,41053,60000,ANITY00005,29,29,90,MEDIT00005,Gwangju-Nam-gu,광주광역시,MEDIT00005,ANITY00005
종합백신 접종비 고양이,광주광역시,동구,35000,40000,43500,60000,ANITY00005,29,29,91,MEDIT00005,Gwangju-Dong-gu,광주광역시,MEDIT00005,ANITY00005
종합백신 접종비 고양이,광주광역시,북구,35000,40000,39808,55000,ANITY00005,29,29,92,MEDIT00005,Gwangju-Buk-gu,광주광역시,MEDIT00005,ANITY00005
종합백신 접종비 고양이,광주광역시,서구,38000,40000,40036,45000,ANITY00005,29,29,93,MEDIT00005,Gwangju-Seo-gu,광주광역시,MEDIT00005,ANITY00005
종합백신 접종비 고양이,대전광역시,대덕구,30000,39250,38850,55000,ANITY00005,30,30,105,MEDIT00005,Daejeon-Daedeok-gu,대전광역시,MEDIT00005,ANITY00005
종합백신 접종비 고양이,대전광역시,동구,20000,35000,35000,45000,ANITY00005,30,30,106,MEDIT00005,Daejeon-Dong-gu,대전광역시,MEDIT00005,ANITY00005
종합백신 접종비 고양이,대전광역시,서구,20000,35000,39265,60000,ANITY00005,30,30,107,MEDIT00005,Daejeon-Seo-gu,대전광역시,MEDIT00005,ANITY00005
종합백신 접종비 고양이,대전광역시,유성구,30000,40000,39750,60000,ANITY00005,30,30,108,MEDIT00005,Daejeon-Yuseong-gu,대전광역시,MEDIT00005,ANITY00005
종합백신 접종비 고양이,대전광역시,중구,25000,35000,35813,40000,ANITY00005,30,30,109,MEDIT00005,Daejeon-Jung-gu,대전광역시,MEDIT00005,ANITY00005
종합백신 접종비 고양이,울산광역시,남구,35000,40000,41080,55000,ANITY00005,31,31,156,MEDIT00005,Ulsan-Nam-gu,울산광역시,MEDIT00005,ANITY00005
종합백신 접종비 고양이,울산광역시,동구,35000,36500,38000,45000,ANITY00005,31,31,157,MEDIT00005,Ulsan-Dong-gu,울산광역시,MEDIT00005,ANITY00005
종합백신 접종비 고양이,울산광역시,북구,35000,40000,39667,42000,ANITY00005,31,31,158,MEDIT00005,Ulsan-Buk-gu,울산광역시,MEDIT00005,ANITY00005
종합백신 접종비 고양이,울산광역시,울주군,35000,39250,38938,42000,ANITY00005,31,31,159,MEDIT00005,Ulsan-Ulju-gun,울산광역시,MEDIT00005,ANITY00005
종합백신 접종비 고양이,울산광역시,중구,30000,40000,38500,42000,ANITY00005,31,31,160,MEDIT00005,Ulsan-Jung-gu,울산광역시,MEDIT00005,ANITY00005
종합백신 접종비 고양이,세종특별자치시,세종특별자치시,20000,35000,35567,50000,ANITY00005,36,36,154,MEDIT00005,Sejong-Sejong-si,세종특별자치시,MEDIT00005,ANITY00005
종합백신 접종비 고양이,경기도,가평군,25000,30000,31250,40000,ANITY00005,41,41,19,MEDIT00005,Gyeonggi-Gapyeong-gun,경기도,MEDIT00005,ANITY00005
종합백신 접종비 고양이,경기도,고양시,22000,40000,38404,60000,ANITY00005,41,41,20,MEDIT00005,Gyeonggi-Goyang-si,경기도,MEDIT00005,ANITY00005
종합백신 접종비 고양이,경기도,과천시,8000,35000,34125,50000,ANITY00005,41,41,21,MEDIT00005,Gyeonggi-Gwacheon,경기도,MEDIT00005,ANITY00005
종합백신 접종비 고양이,경기도,광명시,40000,45000,43750,55000,ANITY00005,41,41,22,MEDIT00005,Gyeonggi-Gwangmyeong,경기도,MEDIT00005,ANITY00005
종합백신 접종비 고양이,경기도,광주시,20000,45000,42429,65000,ANITY00005,41,41,23,MEDIT00005,Gyeonggi-Gwangju-si,경기도,MEDIT00005,ANITY00005
종합백신 접종비 고양이,경기도,구리시,35000,37500,39111,50000,ANITY00005,41,41,24,MEDIT00005,Gyeonggi-Guri-si,경기도,MEDIT00005,ANITY00005
종합백신 접종비 고양이,경기도,군포시,40000,40000,42308,55000,ANITY00005,41,41,25,MEDIT00005,Gyeonggi-Gunpo,경기도,MEDIT00005,ANITY00005
종합백신 접종비 고양이,경기도,김포시,25000,40000,39732,55000,ANITY00005,41,41,26,MEDIT00005,Gyeonggi-Gimpo-si,경기도,MEDIT00005,ANITY00005
종합백신 접종비 고양이,경기도,남양주시,25000,40000,38648,55000,ANITY00005,41,41,27,MEDIT00005,Gyeonggi-Namyangju-si,경기도,MEDIT00005,ANITY00005
종합백신 접종비 고양이,경기도,동두천시,25000,35000,35714,40000,ANITY00005,41,41,28,MEDIT00005,Gyeonggi-Dongducheon-si,경기도,MEDIT00005,ANITY00005
종합백신 접종비 고양이,경기도,부천시,25000,45000,44559,55000,ANITY00005,41,41,29,MEDIT00005,Gyeonggi-Bucheon,경기도,MEDIT00005,ANITY00005
종합백신 접종비 고양이,경기도,성남시,25000,38000,37901,60000,ANITY00005,41,41,30,MEDIT00005,Gyeonggi-Seongnam,경기도,MEDIT00005,ANITY00005
종합백신 접종비 고양이,경기도,수원시,17000,35000,38352,60000,ANITY00005,41,41,31,MEDIT00005,Gyeonggi-Suwon-si,경기도,MEDIT00005,ANITY00005
종합백신 접종비 고양이,경기도,시흥시,35000,45000,43857,50000,ANITY00005,41,41,32,MEDIT00005,Gyeonggi-Siheung,경기도,MEDIT00005,ANITY00005
종합백신 접종비 고양이,경기도,안산시,30000,45000,44864,70000,ANITY00005,41,41,33,MEDIT00005,Gyeonggi-Ansan,경기도,MEDIT00005,ANITY00005
종합백신 접종비 고양이,경기도,안성시,20000,40000,37692,50000,ANITY00005,41,41,34,MEDIT00005,Gyeonggi-Anseong-si,경기도,MEDIT00005,ANITY00005
종합백신 접종비 고양이,경기도,안양시,30000,35000,37476,55000,ANITY00005,41,41,35,MEDIT00005,Gyeonggi-Anyang,경기도,MEDIT00005,ANITY00005
종합백신 접종비 고양이,경기도,양주시,35000,35000,35833,40000,ANITY00005,41,41,36,MEDIT00005,Gyeonggi-Yangju-si,경기도,MEDIT00005,ANITY00005
종합백신 접종비 고양이,경기도,양평군,35000,40000,39500,45000,ANITY00005,41,41,37,MEDIT00005,Gyeonggi-Yangpyeong-gun,경기도,MEDIT00005,ANITY00005
종합백신 접종비 고양이,경기도,여주시,25000,40000,36250,40000,ANITY00005,41,41,38,MEDIT00005,Gyeonggi-Yeoju-si,경기도,MEDIT00005,ANITY00005
종합백신 접종비 고양이,경기도,오산시,30000,35000,38235,55000,ANITY00005,41,41,39,MEDIT00005,Gyeonggi-Osan-si,경기도,MEDIT00005,ANITY00005
종합백신 접종비 고양이,경기도,용인시,25000,45000,42022,60000,ANITY00005,41,41,40,MEDIT00005,Gyeonggi-Yongin-si,경기도,MEDIT00005,ANITY00005
종합백신 접종비 고양이,경기도,의왕시,25000,35000,35300,45000,ANITY00005,41,41,41,MEDIT00005,Gyeonggi-Uiwang,경기도,MEDIT00005,ANITY00005
종합백신 접종비 고양이,경기도,의정부시,35000,40000,41129,50000,ANITY00005,41,41,42,MEDIT00005,Gyeonggi-Uijeongbu-si,경기도,MEDIT00005,ANITY00005
종합백신 접종비 고양이,경기도,이천시,25000,30000,31929,40000,ANITY00005,41,41,43,MEDIT00005,Gyeonggi-Icheon-si,경기도,MEDIT00005,ANITY00005
종합백신 접종비 고양이,경기도,파주시,30000,40000,38529,45000,ANITY00005,41,41,44,MEDIT00005,Gyeonggi-Paju-si,경기도,MEDIT00005,ANITY00005
종합백신 접종비 고양이,경기도,평택시,30000,35000,35000,45000,ANITY00005,41,41,45,MEDIT00005,Gyeonggi-Pyeongtaek-si,경기도,MEDIT00005,ANITY00005
종합백신 접종비 고양이,경기도,포천시,30000,35000,36000,40000,ANITY00005,41,41,46,MEDIT00005,Gyeonggi-Pocheon-si,경기도,MEDIT00005,ANITY00005
종합백신 접종비 고양이,경기도,하남시,15000,35000,35833,55000,ANITY00005,41,41,47,MEDIT00005,Gyeonggi-Hanam-si,경기도,MEDIT00005,ANITY00005
종합백신 접종비 고양이,경기도,화성시,20000,35000,36313,50000,ANITY00005,41,41,48,MEDIT00005,Gyeonggi-Hwaseong-si,경기도,MEDIT00005,ANITY00005
종합백신 접종비 고양이,강원특별자치도,강릉시,35000,40000,40000,45000,ANITY00005,42,42,2,MEDIT00005,Gangwon-Gangneung-si,강원특별자치도,MEDIT00005,ANITY00005
종합백신 접종비 고양이,강원특별자치도,고성군,30000,32500,32500,35000,ANITY00005,42,42,3,MEDIT00005,Gangwon-Gosung-gun,강원특별자치도,MEDIT00005,ANITY00005
종합백신 접종비 고양이,강원특별자치도,동해시,35000,35000,36250,40000,ANITY00005,42,42,4,MEDIT00005,Gangwon-Donghae-si,강원특별자치도,MEDIT00005,ANITY00005
종합백신 접종비 고양이,강원특별자치도,삼척시,30000,35000,36667,45000,ANITY00005,42,42,5,MEDIT00005,Gangwon-Samcheok-si,강원특별자치도,MEDIT00005,ANITY00005
종합백신 접종비 고양이,강원특별자치도,속초시,30000,35000,34167,40000,ANITY00005,42,42,6,MEDIT00005,Gangwon-Sokcho-si,강원특별자치도,MEDIT00005,ANITY00005
종합백신 접종비 고양이,강원특별자치도,양양군,33000,33000,35333,40000,ANITY00005,42,42,8,MEDIT00005,Gangwon-Yangyang-gun,강원특별자치도,MEDIT00005,ANITY00005
종합백신 접종비 고양이,강원특별자치도,영월군,35000,36500,36500,38000,ANITY00005,42,42,9,MEDIT00005,Gangwon-Yeongwol-gun,강원특별자치도,MEDIT00005,ANITY00005
종합백신 접종비 고양이,강원특별자치도,원주시,30000,35000,34792,35000,ANITY00005,42,42,10,MEDIT00005,Gangwon-Wonju-si,강원특별자치도,MEDIT00005,ANITY00005
종합백신 접종비 고양이,강원특별자치도,인제군,25000,50000,41667,50000,ANITY00005,42,42,11,MEDIT00005,Gangwon-Inje-gun,강원특별자치도,MEDIT00005,ANITY00005
종합백신 접종비 고양이,강원특별자치도,정선군,25000,32500,32500,40000,ANITY00005,42,42,12,MEDIT00005,Gangwon-Jeongseon-gun,강원특별자치도,MEDIT00005,ANITY00005
종합백신 접종비 고양이,강원특별자치도,춘천시,25000,35000,35222,41000,ANITY00005,42,42,13,MEDIT00005,Gangwon-Chuncheon-si,강원특별자치도,MEDIT00005,ANITY00005
종합백신 접종비 고양이,강원특별자치도,태백시,30000,32500,32500,35000,ANITY00005,42,42,14,MEDIT00005,Gangwon-Taebaek-si,강원특별자치도,MEDIT00005,ANITY00005
종합백신 접종비 고양이,강원특별자치도,홍천군,30000,35000,35000,40000,ANITY00005,42,42,15,MEDIT00005,Gangwon-Hongcheon-gun,강원특별자치도,MEDIT00005,ANITY00005
종합백신 접종비 고양이,강원특별자치도,화천군,30000,32500,32500,35000,ANITY00005,42,42,16,MEDIT00005,Gangwon-Hwacheon-gun,강원특별자치도,MEDIT00005,ANITY00005
종합백신 접종비 고양이,강원특별자치도,횡성군,35000,37500,37500,40000,ANITY00005,42,42,17,MEDIT00005,Gangwon-Hoengseong-gun,강원특별자치도,MEDIT00005,ANITY00005
종합백신 접종비 고양이,충청북도,괴산군,40000,40000,40000,40000,ANITY00005,43,43,223,MEDIT00005,Chungbuk-Goesan-gun,충청북도,MEDIT00005,ANITY00005
종합백신 접종비 고양이,충청북도,보은군,30000,32500,32500,35000,ANITY00005,43,43,225,MEDIT00005,Chungbuk-Boeun-gun,충청북도,MEDIT00005,ANITY00005
종합백신 접종비 고양이,충청북도,영동군,30000,30000,33333,40000,ANITY00005,43,43,226,MEDIT00005,Chungbuk-Yeongdong-gun,충청북도,MEDIT00005,ANITY00005
종합백신 접종비 고양이,충청북도,옥천군,25000,30000,31667,40000,ANITY00005,43,43,227,MEDIT00005,Chungbuk-Okcheon-gun,충청북도,MEDIT00005,ANITY00005
종합백신 접종비 고양이,충청북도,음성군,35000,40000,39000,45000,ANITY00005,43,43,228,MEDIT00005,Chungbuk-Eumseong-gun,충청북도,MEDIT00005,ANITY00005
종합백신 접종비 고양이,충청북도,제천시,35000,37500,37500,40000,ANITY00005,43,43,229,MEDIT00005,Chungbuk-Jecheon-si,충청북도,MEDIT00005,ANITY00005
종합백신 접종비 고양이,충청북도,증평군,35000,35000,35000,35000,ANITY00005,43,43,230,MEDIT00005,Chungbuk-Jeungpyeong-gun,충청북도,MEDIT00005,ANITY00005
종합백신 접종비 고양이,충청북도,진천군,25000,30000,31000,35000,ANITY00005,43,43,231,MEDIT00005,Chungbuk-Jincheon-gun,충청북도,MEDIT00005,ANITY00005
종합백신 접종비 고양이,충청북도,청주시,30000,40000,39109,60000,ANITY00005,43,43,232,MEDIT00005,Chungbuk-Cheongju-si,충청북도,MEDIT00005,ANITY00005
종합백신 접종비 고양이,충청북도,충주시,40000,40000,41111,45000,ANITY00005,43,43,233,MEDIT00005,Chungbuk-Chungju-si,충청북도,MEDIT00005,ANITY00005
종합백신 접종비 고양이,충청남도,계룡시,30000,30000,31667,35000,ANITY00005,44,44,207,MEDIT00005,Chungnam-Gyeryong-si,충청남도,MEDIT00005,ANITY00005
종합백신 접종비 고양이,충청남도,공주시,35000,40000,38750,40000,ANITY00005,44,44,208,MEDIT00005,Chungnam-Gongju-si,충청남도,MEDIT00005,ANITY00005
종합백신 접종비 고양이,충청남도,금산군,40000,40000,40000,40000,ANITY00005,44,44,209,MEDIT00005,Chungnam-Geumsan-gun,충청남도,MEDIT00005,ANITY00005
종합백신 접종비 고양이,충청남도,논산시,39000,40000,42000,49000,ANITY00005,44,44,210,MEDIT00005,Chungnam-Nonsan-si,충청남도,MEDIT00005,ANITY00005
종합백신 접종비 고양이,충청남도,당진시,35000,40000,40556,55000,ANITY00005,44,44,211,MEDIT00005,Chungnam-Dangjin-si,충청남도,MEDIT00005,ANITY00005
종합백신 접종비 고양이,충청남도,보령시,30000,35000,33333,35000,ANITY00005,44,44,212,MEDIT00005,Chungnam-Boryeong-si,충청남도,MEDIT00005,ANITY00005
종합백신 접종비 고양이,충청남도,부여군,30000,37500,36250,40000,ANITY00005,44,44,213,MEDIT00005,Chungnam-Buyeo-gun,충청남도,MEDIT00005,ANITY00005
종합백신 접종비 고양이,충청남도,서산시,35000,40000,38500,40000,ANITY00005,44,44,214,MEDIT00005,Chungnam-Seosan-si,충청남도,MEDIT00005,ANITY00005
종합백신 접종비 고양이,충청남도,서천군,15000,20000,20000,25000,ANITY00005,44,44,215,MEDIT00005,Chungnam-Seocheon-gun,충청남도,MEDIT00005,ANITY00005
종합백신 접종비 고양이,충청남도,아산시,35000,40000,39286,45000,ANITY00005,44,44,216,MEDIT00005,Chungnam-Asan-si,충청남도,MEDIT00005,ANITY00005
종합백신 접종비 고양이,충청남도,예산군,40000,47500,47500,55000,ANITY00005,44,44,217,MEDIT00005,Chungnam-Yesan-gun,충청남도,MEDIT00005,ANITY00005
종합백신 접종비 고양이,충청남도,천안시,30000,40000,40814,55000,ANITY00005,44,44,218,MEDIT00005,Chungnam-Cheonan-si,충청남도,MEDIT00005,ANITY00005
종합백신 접종비 고양이,충청남도,태안군,20000,20000,25000,35000,ANITY00005,44,44,220,MEDIT00005,Chungnam-Taean-gu,충청남도,MEDIT00005,ANITY00005
종합백신 접종비 고양이,충청남도,홍성군,35000,40000,37857,40000,ANITY00005,44,44,221,MEDIT00005,Chungnam-Hongseong-gun,충청남도,MEDIT00005,ANITY00005
종합백신 접종비 고양이,전북특별자치도,고창군,30000,30000,33333,40000,ANITY00005,45,45,191,MEDIT00005,Jeonbuk-Gochang-gun,전북특별자치도,MEDIT00005,ANITY00005
종합백신 접종비 고양이,전북특별자치도,군산시,15000,40000,36067,50000,ANITY00005,45,45,192,MEDIT00005,Jeonbuk-Gunsan-si,전북특별자치도,MEDIT00005,ANITY00005
종합백신 접종비 고양이,전북특별자치도,김제시,25000,40000,37000,40000,ANITY00005,45,45,193,MEDIT00005,Jeonbuk-Gimje-si,전북특별자치도,MEDIT00005,ANITY00005
종합백신 접종비 고양이,전북특별자치도,남원시,25000,40000,39000,45000,ANITY00005,45,45,194,MEDIT00005,Jeonbuk-Namwon-si,전북특별자치도,MEDIT00005,ANITY00005
종합백신 접종비 고양이,전북특별자치도,부안군,30000,35000,35000,40000,ANITY00005,45,45,196,MEDIT00005,Jeonbuk-Buan-gun,전북특별자치도,MEDIT00005,ANITY00005
종합백신 접종비 고양이,전북특별자치도,순창군,20000,25000,28333,40000,ANITY00005,45,45,197,MEDIT00005,Jeonbuk-Sunchang-gun,전북특별자치도,MEDIT00005,ANITY00005
종합백신 접종비 고양이,전북특별자치도,완주군,20000,40000,36000,45000,ANITY00005,45,45,198,MEDIT00005,Jeonbuk-Wanju-gun,전북특별자치도,MEDIT00005,ANITY00005
종합백신 접종비 고양이,전북특별자치도,익산시,20000,32500,34375,45000,ANITY00005,45,45,199,MEDIT00005,Jeonbuk-Iksan-si,전북특별자치도,MEDIT00005,ANITY00005
종합백신 접종비 고양이,전북특별자치도,전주시,35000,45000,42841,60000,ANITY00005,45,45,201,MEDIT00005,Jeonbuk-Jeonju-si,전북특별자치도,MEDIT00005,ANITY00005
종합백신 접종비 고양이,전북특별자치도,정읍시,30000,35000,35000,40000,ANITY00005,45,45,202,MEDIT00005,Jeonbuk-Jeongeup-si,전북특별자치도,MEDIT00005,ANITY00005
종합백신 접종비 고양이,전라남도,고흥군,40000,40000,40000,40000,ANITY00005,46,46,172,MEDIT00005,Jeonnam-Goheung-gun,전라남도,MEDIT00005,ANITY00005
종합백신 접종비 고양이,전라남도,곡성군,25000,27500,27500,30000,ANITY00005,46,46,173,MEDIT00005,Jeonnam-Gokseong-gun,전라남도,MEDIT00005,ANITY00005
종합백신 접종비 고양이,전라남도,광양시,35000,40000,42500,55000,ANITY00005,46,46,174,MEDIT00005,Jeonnam-Gwangyang-si,전라남도,MEDIT00005,ANITY00005
종합백신 접종비 고양이,전라남도,구례군,25000,35000,31667,35000,ANITY00005,46,46,175,MEDIT00005,Jeonnam-Gurye-gun,전라남도,MEDIT00005,ANITY00005
종합백신 접종비 고양이,전라남도,나주시,35000,35500,38500,45000,ANITY00005,46,46,176,MEDIT00005,Jeonnam-Naju-si,전라남도,MEDIT00005,ANITY00005
종합백신 접종비 고양이,전라남도,담양군,35000,37500,37500,40000,ANITY00005,46,46,177,MEDIT00005,Jeonnam-Damyang-gun,전라남도,MEDIT00005,ANITY00005
종합백신 접종비 고양이,전라남도,목포시,35000,35000,35000,35000,ANITY00005,46,46,178,MEDIT00005,Jeonnam-Mokpo-si,전라남도,MEDIT00005,ANITY00005
종합백신 접종비 고양이,전라남도,무안군,30000,35000,34000,35000,ANITY00005,46,46,179,MEDIT00005,Jeonnam-Muan-gun,전라남도,MEDIT00005,ANITY00005
종합백신 접종비 고양이,전라남도,순천시,35000,45000,43400,45000,ANITY00005,46,46,180,MEDIT00005,Jeonnam-Suncheon-si,전라남도,MEDIT00005,ANITY00005
종합백신 접종비 고양이,전라남도,여수시,15000,35000,31250,40000,ANITY00005,46,46,181,MEDIT00005,Jeonnam-Yeosu-si,전라남도,MEDIT00005,ANITY00005
종합백신 접종비 고양이,전라남도,영광군,25000,25000,25000,25000,ANITY00005,46,46,182,MEDIT00005,Jeonnam-Yeonggwang-gun,전라남도,MEDIT00005,ANITY00005
종합백신 접종비 고양이,전라남도,장성군,20000,25000,25000,30000,ANITY00005,46,46,185,MEDIT00005,Jeonnam-Jangseong-gun,전라남도,MEDIT00005,ANITY00005
종합백신 접종비 고양이,전라남도,장흥군,30000,32500,32500,35000,ANITY00005,46,46,186,MEDIT00005,Jeonnam-Jangheung-gun,전라남도,MEDIT00005,ANITY00005
종합백신 접종비 고양이,전라남도,해남군,35000,40000,38333,40000,ANITY00005,46,46,188,MEDIT00005,Jeonnam-Haenam-gun,전라남도,MEDIT00005,ANITY00005
종합백신 접종비 고양이,전라남도,화순군,30000,32500,36250,50000,ANITY00005,46,46,189,MEDIT00005,Jeonnam-Hwasun-gun,전라남도,MEDIT00005,ANITY00005
종합백신 접종비 고양이,경상북도,경산시,20000,35000,34063,40000,ANITY00005,47,47,69,MEDIT00005,Gyeongbuk-Gyeongsan-si,경상북도,MEDIT00005,ANITY00005
종합백신 접종비 고양이,경상북도,경주시,35000,40000,40455,50000,ANITY00005,47,47,70,MEDIT00005,Gyeongbuk-Gyeongju-si,경상북도,MEDIT00005,ANITY00005
종합백신 접종비 고양이,경상북도,구미시,35000,45000,43519,45000,ANITY00005,47,47,72,MEDIT00005,Gyeongbuk-Gumi-si,경상북도,MEDIT00005,ANITY00005
종합백신 접종비 고양이,경상북도,김천시,35000,37500,37500,40000,ANITY00005,47,47,73,MEDIT00005,Gyeongbuk-Gimcheon-si,경상북도,MEDIT00005,ANITY00005
종합백신 접종비 고양이,경상북도,문경시,25000,30000,30000,35000,ANITY00005,47,47,74,MEDIT00005,Gyeongbuk-Mungyeong-si,경상북도,MEDIT00005,ANITY00005
종합백신 접종비 고양이,경상북도,상주시,30000,32500,33750,40000,ANITY00005,47,47,75,MEDIT00005,Gyeongbuk-Sangju-si,경상북도,MEDIT00005,ANITY00005
종합백신 접종비 고양이,경상북도,성주군,35000,35000,35000,35000,ANITY00005,47,47,76,MEDIT00005,Gyeongbuk-Seongju-gun,경상북도,MEDIT00005,ANITY00005
종합백신 접종비 고양이,경상북도,안동시,30000,40000,38333,45000,ANITY00005,47,47,77,MEDIT00005,Gyeongbuk-Andong-si,경상북도,MEDIT00005,ANITY00005
종합백신 접종비 고양이,경상북도,영덕군,35000,40000,40000,45000,ANITY00005,47,47,78,MEDIT00005,Gyeongbuk-Yeongdeok-gun,경상북도,MEDIT00005,ANITY00005
종합백신 접종비 고양이,경상북도,영주시,25000,35000,32400,37000,ANITY00005,47,47,79,MEDIT00005,Gyeongbuk-Yeongju-si,경상북도,MEDIT00005,ANITY00005
종합백신 접종비 고양이,경상북도,영천시,30000,32500,32500,35000,ANITY00005,47,47,80,MEDIT00005,Gyeongbuk-Yeongcheon-si,경상북도,MEDIT00005,ANITY00005
종합백신 접종비 고양이,경상북도,예천군,35000,37500,37500,40000,ANITY00005,47,47,81,MEDIT00005,Gyeongbuk-Yecheon-gun,경상북도,MEDIT00005,ANITY00005
종합백신 접종비 고양이,경상북도,청도군,40000,40000,40833,42500,ANITY00005,47,47,84,MEDIT00005,Gyeongbuk-Cheongdo-gun,경상북도,MEDIT00005,ANITY00005
종합백신 접종비 고양이,경상북도,칠곡군,30000,40000,38000,45000,ANITY00005,47,47,86,MEDIT00005,Gyeongbuk-Chilgok-gun,경상북도,MEDIT00005,ANITY00005
종합백신 접종비 고양이,경상북도,포항시,20000,35000,32935,45000,ANITY00005,47,47,87,MEDIT00005,Gyeongbuk-Pohang-si,경상북도,MEDIT00005,ANITY00005
종합백신 접종비 고양이,경상남도,거제시,40000,40000,40000,40000,ANITY00005,48,48,50,MEDIT00005,Gyeongnam-Geoje-si,경상남도,MEDIT00005,ANITY00005
종합백신 접종비 고양이,경상남도,거창군,25000,35000,31667,35000,ANITY00005,48,48,51,MEDIT00005,Gyeongnam-Geochang-gun,경상남도,MEDIT00005,ANITY00005
종합백신 접종비 고양이,경상남도,고성군,30000,35000,33750,35000,ANITY00005,48,48,52,MEDIT00005,Gyeongnam-Goseong-gun,경상남도,MEDIT00005,ANITY00005
종합백신 접종비 고양이,경상남도,김해시,35000,40000,40000,60000,ANITY00005,48,48,53,MEDIT00005,Gyeongnam-Gimhae-si,경상남도,MEDIT00005,ANITY00005
종합백신 접종비 고양이,경상남도,남해군,30000,30000,31667,35000,ANITY00005,48,48,54,MEDIT00005,Gyeongnam-Namhae-gun,경상남도,MEDIT00005,ANITY00005
종합백신 접종비 고양이,경상남도,밀양시,30000,35000,35000,40000,ANITY00005,48,48,55,MEDIT00005,Gyeongnam-Miryang-si,경상남도,MEDIT00005,ANITY00005
종합백신 접종비 고양이,경상남도,사천시,40000,40000,40000,40000,ANITY00005,48,48,56,MEDIT00005,Gyeongnam-Sacheon-si,경상남도,MEDIT00005,ANITY00005
종합백신 접종비 고양이,경상남도,산청군,20000,27500,27500,35000,ANITY00005,48,48,57,MEDIT00005,Gyeongnam-Sancheong-gun,경상남도,MEDIT00005,ANITY00005
종합백신 접종비 고양이,경상남도,양산시,35000,40000,39545,40000,ANITY00005,48,48,58,MEDIT00005,Gyeongnam-Yangsan-si,경상남도,MEDIT00005,ANITY00005
종합백신 접종비 고양이,경상남도,진주시,25000,40000,38167,40000,ANITY00005,48,48,60,MEDIT00005,Gyeongnam-Jinju-si,경상남도,MEDIT00005,ANITY00005
종합백신 접종비 고양이,경상남도,창녕군,30000,40000,36000,40000,ANITY00005,48,48,61,MEDIT00005,Gyeongnam-Changnyeong-gun,경상남도,MEDIT00005,ANITY00005
종합백신 접종비 고양이,경상남도,창원시,30000,40000,41493,60000,ANITY00005,48,48,62,MEDIT00005,Gyeongnam-Changwon-si,경상남도,MEDIT00005,ANITY00005
종합백신 접종비 고양이,경상남도,통영시,35000,40000,40000,45000,ANITY00005,48,48,63,MEDIT00005,Gyeongnam-Tongyeong-si,경상남도,MEDIT00005,ANITY00005
종합백신 접종비 고양이,경상남도,하동군,35000,35000,35000,35000,ANITY00005,48,48,64,MEDIT00005,Gyeongnam-Hadong-gun,경상남도,MEDIT00005,ANITY00005
종합백신 접종비 고양이,경상남도,함안군,25000,40000,35000,40000,ANITY00005,48,48,65,MEDIT00005,Gyeongnam-Haman-gun,경상남도,MEDIT00005,ANITY00005
종합백신 접종비 고양이,경상남도,합천군,40000,40000,40000,40000,ANITY00005,48,48,67,MEDIT00005,Gyeongnam-Hapcheon-gu,경상남도,MEDIT00005,ANITY00005
종합백신 접종비 고양이,제주특별자치도,서귀포시,30000,35000,36154,40000,ANITY00005,50,50,204,MEDIT00005,Jeju-Seogwipo,제주특별자치도,MEDIT00005,ANITY00005
종합백신 접종비 고양이,제주특별자치도,제주시,30000,35000,36809,45000,ANITY00005,50,50,205,MEDIT00005,Jeju-Jeju-si,제주특별자치도,MEDIT00005,ANITY00005
광견병백신 접종비,서울특별시,강남구,20000,25000,26914,70000,,11,11,128,MEDIT00007,seoul-Gangnam-gu,서울특별시,MEDIT00007,
광견병백신 접종비,서울특별시,강동구,10000,25000,23313,30000,,11,11,129,MEDIT00007,seoul-Gangdong-gu,서울특별시,MEDIT00007,
광견병백신 접종비,서울특별시,강북구,15000,25000,26464,33600,,11,11,130,MEDIT00007,seoul-Gangbuk-gu,서울특별시,MEDIT00007,
광견병백신 접종비,서울특별시,강서구,16000,25000,24083,35000,,11,11,131,MEDIT00007,seoul-Gangseo-gu,서울특별시,MEDIT00007,
광견병백신 접종비,서울특별시,관악구,20000,25000,25000,35000,,11,11,132,MEDIT00007,seoul-Gwanak-gu,서울특별시,MEDIT00007,
광견병백신 접종비,서울특별시,광진구,20000,30000,28281,30000,,11,11,133,MEDIT00007,seoul-Gwangjin-gu,서울특별시,MEDIT00007,
광견병백신 접종비,서울특별시,구로구,10000,25000,24444,30000,,11,11,134,MEDIT00007,seoul-Guro-gu,서울특별시,MEDIT00007,
광견병백신 접종비,서울특별시,금천구,20000,30000,28667,35000,,11,11,135,MEDIT00007,seoul-Geumcheon-gu,서울특별시,MEDIT00007,
광견병백신 접종비,서울특별시,노원구,20000,30000,29048,40000,,11,11,136,MEDIT00007,seoul-Nowon-gu,서울특별시,MEDIT00007,
광견병백신 접종비,서울특별시,도봉구,18000,30000,26840,30000,,11,11,137,MEDIT00007,seoul-Dobong-gu,서울특별시,MEDIT00007,
광견병백신 접종비,서울특별시,동대문구,20000,25000,25258,30000,,11,11,138,MEDIT00007,seoul-Dongdaemun-gu,서울특별시,MEDIT00007,
광견병백신 접종비,서울특별시,동작구,18500,30000,27310,30000,,11,11,139,MEDIT00007,seoul-Dongjak-gu,서울특별시,MEDIT00007,
광견병백신 접종비,서울특별시,마포구,15000,25000,25000,30000,,11,11,140,MEDIT00007,seoul-Mapo-gu,서울특별시,MEDIT00007,
광견병백신 접종비,서울특별시,서대문구,20000,25000,24565,30000,,11,11,141,MEDIT00007,seoul-Seodaemun-gu,서울특별시,MEDIT00007,
광견병백신 접종비,서울특별시,서초구,11000,30000,26908,35000,,11,11,142,MEDIT00007,seoul-Seocho-gu,서울특별시,MEDIT00007,
광견병백신 접종비,서울특별시,성동구,20000,25000,26458,35000,,11,11,143,MEDIT00007,seoul-Seongdong-gu,서울특별시,MEDIT00007,
광견병백신 접종비,서울특별시,성북구,20000,30000,27735,30000,,11,11,144,MEDIT00007,seoul-Seongbuk-gu,서울특별시,MEDIT00007,
광견병백신 접종비,서울특별시,송파구,10000,25000,24171,35000,,11,11,145,MEDIT00007,seoul-Songpa-gu,서울특별시,MEDIT00007,
광견병백신 접종비,서울특별시,양천구,10000,25000,23693,35000,,11,11,146,MEDIT00007,seoul-Yangcheon-gu,서울특별시,MEDIT00007,
광견병백신 접종비,서울특별시,영등포구,10000,30000,26667,35000,,11,11,147,MEDIT00007,seoul-Yeongdeungpo-gu,서울특별시,MEDIT00007,
광견병백신 접종비,서울특별시,용산구,20000,30000,29167,30000,,11,11,148,MEDIT00007,seoul-Yongsan-gu,서울특별시,MEDIT00007,
광견병백신 접종비,서울특별시,은평구,16500,25000,24903,30000,,11,11,149,MEDIT00007,seoul-Eunpyeong-gu,서울특별시,MEDIT00007,
광견병백신 접종비,서울특별시,종로구,25000,25000,27727,40000,,11,11,150,MEDIT00007,seoul-Jongno-gu,서울특별시,MEDIT00007,
광견병백신 접종비,서울특별시,중구,15000,25000,23571,30000,,11,11,151,MEDIT00007,seoul-jung-gu,서울특별시,MEDIT00007,
광견병백신 접종비,서울특별시,중랑구,17000,30000,27121,30000,,11,11,152,MEDIT00007,seoul-Jungnang-gu,서울특별시,MEDIT00007,
광견병백신 접종비,부산광역시,강서구,25000,25000,25000,25000,,26,26,111,MEDIT00007,Busan-Gangseo-gu,부산광역시,MEDIT00007,
광견병백신 접종비,부산광역시,금정구,20000,25000,23333,30000,,26,26,112,MEDIT00007,Busan-Geumjeong-gu,부산광역시,MEDIT00007,
광견병백신 접종비,부산광역시,기장군,20000,25000,24462,25000,,26,26,113,MEDIT00007,Busan-Gijang-gun,부산광역시,MEDIT00007,
광견병백신 접종비,부산광역시,남구,20000,25000,22800,25000,,26,26,114,MEDIT00007,Busan-Nam-gu,부산광역시,MEDIT00007,
광견병백신 접종비,부산광역시,동구,25000,25000,25000,25000,,26,26,115,MEDIT00007,Busan-Dong-gu,부산광역시,MEDIT00007,
광견병백신 접종비,부산광역시,동래구,20000,25000,23793,25000,,26,26,116,MEDIT00007,Busan-Dongrae-gu,부산광역시,MEDIT00007,
광견병백신 접종비,부산광역시,부산진구,20000,25000,24448,30000,,26,26,117,MEDIT00007,Busan-Busanjin-gu,부산광역시,MEDIT00007,
광견병백신 접종비,부산광역시,북구,15000,25000,24211,25000,,26,26,118,MEDIT00007,Busan-Buk-gu,부산광역시,MEDIT00007,
광견병백신 접종비,부산광역시,사상구,25000,25000,25000,25000,,26,26,119,MEDIT00007,Busan-Sasang-gu,부산광역시,MEDIT00007,
광견병백신 접종비,부산광역시,사하구,20000,25000,24722,30000,,26,26,120,MEDIT00007,Busan-Saha-gu,부산광역시,MEDIT00007,
광견병백신 접종비,부산광역시,서구,20000,22000,22400,25000,,26,26,121,MEDIT00007,Busan-Seo-gu,부산광역시,MEDIT00007,
광견병백신 접종비,부산광역시,수영구,20000,25000,22857,25000,,26,26,122,MEDIT00007,Busan-Suyeong-gu,부산광역시,MEDIT00007,
광견병백신 접종비,부산광역시,연제구,20000,25000,24375,25000,,26,26,123,MEDIT00007,Busan-Yeonje-gu,부산광역시,MEDIT00007,
광견병백신 접종비,부산광역시,영도구,20000,20000,23750,35000,,26,26,124,MEDIT00007,Busan-Yeongdo-gu,부산광역시,MEDIT00007,
광견병백신 접종비,부산광역시,중구,20000,20000,21667,25000,,26,26,125,MEDIT00007,Busan-Jung-gu,부산광역시,MEDIT00007,
광견병백신 접종비,부산광역시,해운대구,20000,25000,24878,30000,,26,26,126,MEDIT00007,Busan-Haeundae-gu,부산광역시,MEDIT00007,
광견병백신 접종비,대구광역시,남구,30000,30000,30000,30000,,27,27,96,MEDIT00007,Daegu-Nam-gu,대구광역시,MEDIT00007,
광견병백신 접종비,대구광역시,달서구,20000,30000,30024,36000,,27,27,97,MEDIT00007,Daegu-Dalseo-gu,대구광역시,MEDIT00007,
광견병백신 접종비,대구광역시,달성군,30000,30000,30000,30000,,27,27,98,MEDIT00007,Daegu-Dal-Sung-gun,대구광역시,MEDIT00007,
광견병백신 접종비,대구광역시,동구,20000,30000,29211,30000,,27,27,99,MEDIT00007,Daegu-Dong-gu,대구광역시,MEDIT00007,
광견병백신 접종비,대구광역시,북구,20000,30000,27500,30000,,27,27,100,MEDIT00007,Daegu-Buk-gu,대구광역시,MEDIT00007,
광견병백신 접종비,대구광역시,서구,30000,30000,30909,40000,,27,27,101,MEDIT00007,Daegu-Seo-gu,대구광역시,MEDIT00007,
광견병백신 접종비,대구광역시,수성구,20000,30000,28919,30000,,27,27,102,MEDIT00007,Daegu-Suseong-gu,대구광역시,MEDIT00007,
광견병백신 접종비,대구광역시,중구,25000,30000,29818,35000,,27,27,103,MEDIT00007,Daegu-Jung-gu,대구광역시,MEDIT00007,
광견병백신 접종비,인천광역시,강화군,20000,20000,22000,30000,,28,28,162,MEDIT00007,Incheon-Ganghwa-gun,인천광역시,MEDIT00007,
광견병백신 접종비,인천광역시,계양구,25000,30000,28167,30000,,28,28,163,MEDIT00007,Incheon-Gyeyang-gu,인천광역시,MEDIT00007,
광견병백신 접종비,인천광역시,남동구,11000,30000,26278,30000,,28,28,164,MEDIT00007,Incheon-Namdong-gu,인천광역시,MEDIT00007,
광견병백신 접종비,인천광역시,동구,25000,25000,26667,30000,,28,28,165,MEDIT00007,Incheon-Dong-gu,인천광역시,MEDIT00007,
광견병백신 접종비,인천광역시,미추홀구,15000,30000,25913,30000,,28,28,166,MEDIT00007,Incheon-Michuhol-gu,인천광역시,MEDIT00007,
광견병백신 접종비,인천광역시,부평구,20000,30000,29485,35000,,28,28,167,MEDIT00007,Incheon-Bupyeong-gu,인천광역시,MEDIT00007,
광견병백신 접종비,인천광역시,서구,20000,25000,26889,35000,,28,28,168,MEDIT00007,Incheon-Seo-gu,인천광역시,MEDIT00007,
광견병백신 접종비,인천광역시,연수구,19800,30000,27620,30000,,28,28,169,MEDIT00007,Incheon-Yeonsu-gu,인천광역시,MEDIT00007,
광견병백신 접종비,인천광역시,중구,20000,30000,27778,30000,,28,28,170,MEDIT00007,Incheon-Jung-gu,인천광역시,MEDIT00007,
광견병백신 접종비,광주광역시,광산구,18000,25000,24367,33000,,29,29,89,MEDIT00007,Gwangju-Gwangsan-gu,광주광역시,MEDIT00007,
광견병백신 접종비,광주광역시,남구,20000,25000,26053,40000,,29,29,90,MEDIT00007,Gwangju-Nam-gu,광주광역시,MEDIT00007,
광견병백신 접종비,광주광역시,동구,20000,25000,25000,40000,,29,29,91,MEDIT00007,Gwangju-Dong-gu,광주광역시,MEDIT00007,
광견병백신 접종비,광주광역시,북구,15000,25000,25154,45000,,29,29,92,MEDIT00007,Gwangju-Buk-gu,광주광역시,MEDIT00007,
광견병백신 접종비,광주광역시,서구,20000,25000,24138,30000,,29,29,93,MEDIT00007,Gwangju-Seo-gu,광주광역시,MEDIT00007,
광견병백신 접종비,대전광역시,대덕구,20000,25000,23000,25000,,30,30,105,MEDIT00007,Daejeon-Daedeok-gu,대전광역시,MEDIT00007,
광견병백신 접종비,대전광역시,동구,20000,23500,22833,25000,,30,30,106,MEDIT00007,Daejeon-Dong-gu,대전광역시,MEDIT00007,
광견병백신 접종비,대전광역시,서구,15000,25000,24394,40000,,30,30,107,MEDIT00007,Daejeon-Seo-gu,대전광역시,MEDIT00007,
광견병백신 접종비,대전광역시,유성구,15000,25000,25000,35000,,30,30,108,MEDIT00007,Daejeon-Yuseong-gu,대전광역시,MEDIT00007,
광견병백신 접종비,대전광역시,중구,15000,20000,21375,25000,,30,30,109,MEDIT00007,Daejeon-Jung-gu,대전광역시,MEDIT00007,
광견병백신 접종비,울산광역시,남구,20000,25000,24600,25000,,31,31,156,MEDIT00007,Ulsan-Nam-gu,울산광역시,MEDIT00007,
광견병백신 접종비,울산광역시,동구,20000,24000,23000,25000,,31,31,157,MEDIT00007,Ulsan-Dong-gu,울산광역시,MEDIT00007,
광견병백신 접종비,울산광역시,북구,23000,25000,24667,25000,,31,31,158,MEDIT00007,Ulsan-Buk-gu,울산광역시,MEDIT00007,
광견병백신 접종비,울산광역시,울주군,24000,25000,25250,30000,,31,31,159,MEDIT00007,Ulsan-Ulju-gun,울산광역시,MEDIT00007,
광견병백신 접종비,울산광역시,중구,15000,25000,24417,29000,,31,31,160,MEDIT00007,Ulsan-Jung-gu,울산광역시,MEDIT00007,
광견병백신 접종비,세종특별자치시,세종특별자치시,10000,20000,19600,25000,,36,36,154,MEDIT00007,Sejong-Sejong-si,세종특별자치시,MEDIT00007,
광견병백신 접종비,경기도,가평군,15000,15000,16667,20000,,41,41,19,MEDIT00007,Gyeonggi-Gapyeong-gun,경기도,MEDIT00007,
광견병백신 접종비,경기도,고양시,15000,25000,23648,35000,,41,41,20,MEDIT00007,Gyeonggi-Goyang-si,경기도,MEDIT00007,
광견병백신 접종비,경기도,과천시,8000,25000,22875,30000,,41,41,21,MEDIT00007,Gyeonggi-Gwacheon,경기도,MEDIT00007,
광견병백신 접종비,경기도,광명시,20000,25000,24063,25000,,41,41,22,MEDIT00007,Gyeonggi-Gwangmyeong,경기도,MEDIT00007,
광견병백신 접종비,경기도,광주시,5000,27000,24808,30000,,41,41,23,MEDIT00007,Gyeonggi-Gwangju-si,경기도,MEDIT00007,
광견병백신 접종비,경기도,구리시,10000,25000,23611,30000,,41,41,24,MEDIT00007,Gyeonggi-Guri-si,경기도,MEDIT00007,
광견병백신 접종비,경기도,군포시,25000,25000,25769,30000,,41,41,25,MEDIT00007,Gyeonggi-Gunpo,경기도,MEDIT00007,
광견병백신 접종비,경기도,김포시,15000,30000,27575,30000,,41,41,26,MEDIT00007,Gyeonggi-Gimpo-si,경기도,MEDIT00007,
광견병백신 접종비,경기도,남양주시,10000,22000,22566,30000,,41,41,27,MEDIT00007,Gyeonggi-Namyangju-si,경기도,MEDIT00007,
광견병백신 접종비,경기도,동두천시,10000,20000,19286,25000,,41,41,28,MEDIT00007,Gyeonggi-Dongducheon-si,경기도,MEDIT00007,
광견병백신 접종비,경기도,부천시,25000,25000,26045,30000,,41,41,29,MEDIT00007,Gyeonggi-Bucheon,경기도,MEDIT00007,
광견병백신 접종비,경기도,성남시,10000,25000,22828,35000,,41,41,30,MEDIT00007,Gyeonggi-Seongnam,경기도,MEDIT00007,
광견병백신 접종비,경기도,수원시,12000,25000,24028,31500,,41,41,31,MEDIT00007,Gyeonggi-Suwon-si,경기도,MEDIT00007,
광견병백신 접종비,경기도,시흥시,25000,30000,29143,30000,,41,41,32,MEDIT00007,Gyeonggi-Siheung,경기도,MEDIT00007,
광견병백신 접종비,경기도,안산시,20000,30000,29409,35500,,41,41,33,MEDIT00007,Gyeonggi-Ansan,경기도,MEDIT00007,
광견병백신 접종비,경기도,안성시,20000,25000,23917,30000,,41,41,34,MEDIT00007,Gyeonggi-Anseong-si,경기도,MEDIT00007,
광견병백신 접종비,경기도,안양시,15000,25000,24878,35000,,41,41,35,MEDIT00007,Gyeonggi-Anyang,경기도,MEDIT00007,
광견병백신 접종비,경기도,양주시,20000,20000,21818,30000,,41,41,36,MEDIT00007,Gyeonggi-Yangju-si,경기도,MEDIT00007,
광견병백신 접종비,경기도,양평군,20000,25000,24000,25000,,41,41,37,MEDIT00007,Gyeonggi-Yangpyeong-gun,경기도,MEDIT00007,
광견병백신 접종비,경기도,여주시,5000,21000,18000,25000,,41,41,38,MEDIT00007,Gyeonggi-Yeoju-si,경기도,MEDIT00007,
광견병백신 접종비,경기도,오산시,15000,25000,23438,30000,,41,41,39,MEDIT00007,Gyeonggi-Osan-si,경기도,MEDIT00007,
광견병백신 접종비,경기도,용인시,15000,25000,23910,30000,,41,41,40,MEDIT00007,Gyeonggi-Yongin-si,경기도,MEDIT00007,
광견병백신 접종비,경기도,의왕시,5000,25000,21500,25000,,41,41,41,MEDIT00007,Gyeonggi-Uiwang,경기도,MEDIT00007,
광견병백신 접종비,경기도,의정부시,25000,30000,29355,30000,,41,41,42,MEDIT00007,Gyeonggi-Uijeongbu-si,경기도,MEDIT00007,
광견병백신 접종비,경기도,이천시,5000,15000,16600,25000,,41,41,43,MEDIT00007,Gyeonggi-Icheon-si,경기도,MEDIT00007,
광견병백신 접종비,경기도,파주시,10000,25000,22857,25000,,41,41,44,MEDIT00007,Gyeonggi-Paju-si,경기도,MEDIT00007,
광견병백신 접종비,경기도,평택시,15000,20000,21500,35000,,41,41,45,MEDIT00007,Gyeonggi-Pyeongtaek-si,경기도,MEDIT00007,
광견병백신 접종비,경기도,포천시,15000,15000,17000,20000,,41,41,46,MEDIT00007,Gyeonggi-Pocheon-si,경기도,MEDIT00007,
광견병백신 접종비,경기도,하남시,20000,20000,22333,30000,,41,41,47,MEDIT00007,Gyeonggi-Hanam-si,경기도,MEDIT00007,
광견병백신 접종비,경기도,화성시,10000,22000,22104,30000,,41,41,48,MEDIT00007,Gyeonggi-Hwaseong-si,경기도,MEDIT00007,
광견병백신 접종비,강원특별자치도,강릉시,15000,25000,24375,30000,,42,42,2,MEDIT00007,Gangwon-Gangneung-si,강원특별자치도,MEDIT00007,
광견병백신 접종비,강원특별자치도,고성군,15000,17500,17500,20000,,42,42,3,MEDIT00007,Gangwon-Gosung-gun,강원특별자치도,MEDIT00007,
광견병백신 접종비,강원특별자치도,동해시,20000,27500,26250,30000,,42,42,4,MEDIT00007,Gangwon-Donghae-si,강원특별자치도,MEDIT00007,
광견병백신 접종비,강원특별자치도,삼척시,10000,20000,18333,25000,,42,42,5,MEDIT00007,Gangwon-Samcheok-si,강원특별자치도,MEDIT00007,
광견병백신 접종비,강원특별자치도,속초시,10000,20000,18333,23000,,42,42,6,MEDIT00007,Gangwon-Sokcho-si,강원특별자치도,MEDIT00007,
광견병백신 접종비,강원특별자치도,양양군,22000,23500,23500,25000,,42,42,8,MEDIT00007,Gangwon-Yangyang-gun,강원특별자치도,MEDIT00007,
광견병백신 접종비,강원특별자치도,영월군,20000,20000,20000,20000,,42,42,9,MEDIT00007,Gangwon-Yeongwol-gun,강원특별자치도,MEDIT00007,
광견병백신 접종비,강원특별자치도,원주시,10000,20000,19792,25000,,42,42,10,MEDIT00007,Gangwon-Wonju-si,강원특별자치도,MEDIT00007,
광견병백신 접종비,강원특별자치도,인제군,20000,20000,26667,40000,,42,42,11,MEDIT00007,Gangwon-Inje-gun,강원특별자치도,MEDIT00007,
광견병백신 접종비,강원특별자치도,정선군,20000,20000,20000,20000,,42,42,12,MEDIT00007,Gangwon-Jeongseon-gun,강원특별자치도,MEDIT00007,
광견병백신 접종비,강원특별자치도,춘천시,15000,22000,22938,29000,,42,42,13,MEDIT00007,Gangwon-Chuncheon-si,강원특별자치도,MEDIT00007,
광견병백신 접종비,강원특별자치도,태백시,20000,22500,22500,25000,,42,42,14,MEDIT00007,Gangwon-Taebaek-si,강원특별자치도,MEDIT00007,
광견병백신 접종비,강원특별자치도,홍천군,22000,22000,22750,25000,,42,42,15,MEDIT00007,Gangwon-Hongcheon-gun,강원특별자치도,MEDIT00007,
광견병백신 접종비,강원특별자치도,화천군,20000,20000,20000,20000,,42,42,16,MEDIT00007,Gangwon-Hwacheon-gun,강원특별자치도,MEDIT00007,
광견병백신 접종비,강원특별자치도,횡성군,20000,20000,20000,20000,,42,42,17,MEDIT00007,Gangwon-Hoengseong-gun,강원특별자치도,MEDIT00007,
광견병백신 접종비,충청북도,괴산군,25000,25000,25000,25000,,43,43,223,MEDIT00007,Chungbuk-Goesan-gun,충청북도,MEDIT00007,
광견병백신 접종비,충청북도,영동군,20000,20000,23333,30000,,43,43,226,MEDIT00007,Chungbuk-Yeongdong-gun,충청북도,MEDIT00007,
광견병백신 접종비,충청북도,옥천군,20000,20000,21667,25000,,43,43,227,MEDIT00007,Chungbuk-Okcheon-gun,충청북도,MEDIT00007,
광견병백신 접종비,충청북도,음성군,15000,17500,17500,20000,,43,43,228,MEDIT00007,Chungbuk-Eumseong-gun,충청북도,MEDIT00007,
광견병백신 접종비,충청북도,제천시,15000,20000,20833,25000,,43,43,229,MEDIT00007,Chungbuk-Jecheon-si,충청북도,MEDIT00007,
광견병백신 접종비,충청북도,증평군,20000,22500,22500,25000,,43,43,230,MEDIT00007,Chungbuk-Jeungpyeong-gun,충청북도,MEDIT00007,
광견병백신 접종비,충청북도,진천군,15000,15000,16250,20000,,43,43,231,MEDIT00007,Chungbuk-Jincheon-gun,충청북도,MEDIT00007,
광견병백신 접종비,충청북도,청주시,14000,25000,22711,25000,,43,43,232,MEDIT00007,Chungbuk-Cheongju-si,충청북도,MEDIT00007,
광견병백신 접종비,충청북도,충주시,10000,20000,18571,20000,,43,43,233,MEDIT00007,Chungbuk-Chungju-si,충청북도,MEDIT00007,
광견병백신 접종비,충청남도,계룡시,15000,22000,19667,22000,,44,44,207,MEDIT00007,Chungnam-Gyeryong-si,충청남도,MEDIT00007,
광견병백신 접종비,충청남도,공주시,25000,25000,25000,25000,,44,44,208,MEDIT00007,Chungnam-Gongju-si,충청남도,MEDIT00007,
광견병백신 접종비,충청남도,금산군,15000,17500,18750,25000,,44,44,209,MEDIT00007,Chungnam-Geumsan-gun,충청남도,MEDIT00007,
광견병백신 접종비,충청남도,논산시,17000,21250,22375,30000,,44,44,210,MEDIT00007,Chungnam-Nonsan-si,충청남도,MEDIT00007,
광견병백신 접종비,충청남도,당진시,15000,20000,20556,30000,,44,44,211,MEDIT00007,Chungnam-Dangjin-si,충청남도,MEDIT00007,
광견병백신 접종비,충청남도,보령시,20000,20000,20000,20000,,44,44,212,MEDIT00007,Chungnam-Boryeong-si,충청남도,MEDIT00007,
광견병백신 접종비,충청남도,부여군,20000,20000,20000,20000,,44,44,213,MEDIT00007,Chungnam-Buyeo-gun,충청남도,MEDIT00007,
광견병백신 접종비,충청남도,서산시,25000,25000,25000,25000,,44,44,214,MEDIT00007,Chungnam-Seosan-si,충청남도,MEDIT00007,
광견병백신 접종비,충청남도,서천군,10000,10000,10000,10000,,44,44,215,MEDIT00007,Chungnam-Seocheon-gun,충청남도,MEDIT00007,
광견병백신 접종비,충청남도,아산시,20000,25000,24286,25000,,44,44,216,MEDIT00007,Chungnam-Asan-si,충청남도,MEDIT00007,
광견병백신 접종비,충청남도,예산군,20000,22500,22500,25000,,44,44,217,MEDIT00007,Chungnam-Yesan-gun,충청남도,MEDIT00007,
광견병백신 접종비,충청남도,천안시,20000,25000,24651,40000,,44,44,218,MEDIT00007,Chungnam-Cheonan-si,충청남도,MEDIT00007,
광견병백신 접종비,충청남도,태안군,10000,17500,17500,25000,,44,44,220,MEDIT00007,Chungnam-Taean-gu,충청남도,MEDIT00007,
광견병백신 접종비,충청남도,홍성군,15000,25000,23571,25000,,44,44,221,MEDIT00007,Chungnam-Hongseong-gun,충청남도,MEDIT00007,
광견병백신 접종비,전북특별자치도,고창군,10000,20000,18333,25000,,45,45,191,MEDIT00007,Jeonbuk-Gochang-gun,전북특별자치도,MEDIT00007,
광견병백신 접종비,전북특별자치도,군산시,10000,20000,21000,30000,,45,45,192,MEDIT00007,Jeonbuk-Gunsan-si,전북특별자치도,MEDIT00007,
광견병백신 접종비,전북특별자치도,김제시,10000,15000,13000,15000,,45,45,193,MEDIT00007,Jeonbuk-Gimje-si,전북특별자치도,MEDIT00007,
광견병백신 접종비,전북특별자치도,남원시,20000,30000,27000,30000,,45,45,194,MEDIT00007,Jeonbuk-Namwon-si,전북특별자치도,MEDIT00007,
광견병백신 접종비,전북특별자치도,부안군,10000,15000,15000,20000,,45,45,196,MEDIT00007,Jeonbuk-Buan-gun,전북특별자치도,MEDIT00007,
광견병백신 접종비,전북특별자치도,순창군,10000,20000,18333,25000,,45,45,197,MEDIT00007,Jeonbuk-Sunchang-gun,전북특별자치도,MEDIT00007,
광견병백신 접종비,전북특별자치도,완주군,15000,20000,20000,30000,,45,45,198,MEDIT00007,Jeonbuk-Wanju-gun,전북특별자치도,MEDIT00007,
광견병백신 접종비,전북특별자치도,익산시,12000,22500,23063,30000,,45,45,199,MEDIT00007,Jeonbuk-Iksan-si,전북특별자치도,MEDIT00007,
광견병백신 접종비,전북특별자치도,전주시,20000,30000,27159,30000,,45,45,201,MEDIT00007,Jeonbuk-Jeonju-si,전북특별자치도,MEDIT00007,
광견병백신 접종비,전북특별자치도,정읍시,15000,25000,23200,28000,,45,45,202,MEDIT00007,Jeonbuk-Jeongeup-si,전북특별자치도,MEDIT00007,
광견병백신 접종비,전라남도,고흥군,20000,21000,21000,22000,,46,46,172,MEDIT00007,Jeonnam-Goheung-gun,전라남도,MEDIT00007,
광견병백신 접종비,전라남도,곡성군,15000,15000,15000,15000,,46,46,173,MEDIT00007,Jeonnam-Gokseong-gun,전라남도,MEDIT00007,
광견병백신 접종비,전라남도,광양시,15000,25000,24400,30000,,46,46,174,MEDIT00007,Jeonnam-Gwangyang-si,전라남도,MEDIT00007,
광견병백신 접종비,전라남도,구례군,20000,20000,20000,20000,,46,46,175,MEDIT00007,Jeonnam-Gurye-gun,전라남도,MEDIT00007,
광견병백신 접종비,전라남도,나주시,20000,20000,24000,35000,,46,46,176,MEDIT00007,Jeonnam-Naju-si,전라남도,MEDIT00007,
광견병백신 접종비,전라남도,담양군,20000,20000,20000,20000,,46,46,177,MEDIT00007,Jeonnam-Damyang-gun,전라남도,MEDIT00007,
광견병백신 접종비,전라남도,목포시,20000,20000,20000,20000,,46,46,178,MEDIT00007,Jeonnam-Mokpo-si,전라남도,MEDIT00007,
광견병백신 접종비,전라남도,무안군,20000,20000,20000,20000,,46,46,179,MEDIT00007,Jeonnam-Muan-gun,전라남도,MEDIT00007,
광견병백신 접종비,전라남도,순천시,21500,27000,26300,30000,,46,46,180,MEDIT00007,Jeonnam-Suncheon-si,전라남도,MEDIT00007,
광견병백신 접종비,전라남도,여수시,15000,17500,17500,20000,,46,46,181,MEDIT00007,Jeonnam-Yeosu-si,전라남도,MEDIT00007,
광견병백신 접종비,전라남도,영광군,10000,15000,15000,20000,,46,46,182,MEDIT00007,Jeonnam-Yeonggwang-gun,전라남도,MEDIT00007,
광견병백신 접종비,전라남도,장성군,20000,20000,20000,20000,,46,46,185,MEDIT00007,Jeonnam-Jangseong-gun,전라남도,MEDIT00007,
광견병백신 접종비,전라남도,장흥군,16000,20500,20500,25000,,46,46,186,MEDIT00007,Jeonnam-Jangheung-gun,전라남도,MEDIT00007,
광견병백신 접종비,전라남도,해남군,15000,20000,18750,20000,,46,46,188,MEDIT00007,Jeonnam-Haenam-gun,전라남도,MEDIT00007,
광견병백신 접종비,전라남도,화순군,10000,15000,15000,20000,,46,46,189,MEDIT00007,Jeonnam-Hwasun-gun,전라남도,MEDIT00007,
광견병백신 접종비,경상북도,경산시,15000,20000,21875,25000,,47,47,69,MEDIT00007,Gyeongbuk-Gyeongsan-si,경상북도,MEDIT00007,
광견병백신 접종비,경상북도,경주시,15000,25000,23636,25000,,47,47,70,MEDIT00007,Gyeongbuk-Gyeongju-si,경상북도,MEDIT00007,
광견병백신 접종비,경상북도,구미시,20000,25000,24630,25000,,47,47,72,MEDIT00007,Gyeongbuk-Gumi-si,경상북도,MEDIT00007,
광견병백신 접종비,경상북도,김천시,15000,22500,21667,25000,,47,47,73,MEDIT00007,Gyeongbuk-Gimcheon-si,경상북도,MEDIT00007,
광견병백신 접종비,경상북도,문경시,15000,20000,20000,25000,,47,47,74,MEDIT00007,Gyeongbuk-Mungyeong-si,경상북도,MEDIT00007,
광견병백신 접종비,경상북도,상주시,15000,20000,18750,20000,,47,47,75,MEDIT00007,Gyeongbuk-Sangju-si,경상북도,MEDIT00007,
광견병백신 접종비,경상북도,성주군,20000,20000,20000,20000,,47,47,76,MEDIT00007,Gyeongbuk-Seongju-gun,경상북도,MEDIT00007,
광견병백신 접종비,경상북도,안동시,20000,25000,26000,30000,,47,47,77,MEDIT00007,Gyeongbuk-Andong-si,경상북도,MEDIT00007,
광견병백신 접종비,경상북도,영덕군,20000,22500,22500,25000,,47,47,78,MEDIT00007,Gyeongbuk-Yeongdeok-gun,경상북도,MEDIT00007,
광견병백신 접종비,경상북도,영주시,15000,15000,18000,25000,,47,47,79,MEDIT00007,Gyeongbuk-Yeongju-si,경상북도,MEDIT00007,
광견병백신 접종비,경상북도,영천시,20000,20000,20000,20000,,47,47,80,MEDIT00007,Gyeongbuk-Yeongcheon-si,경상북도,MEDIT00007,
광견병백신 접종비,경상북도,예천군,20000,22500,22500,25000,,47,47,81,MEDIT00007,Gyeongbuk-Yecheon-gun,경상북도,MEDIT00007,
광견병백신 접종비,경상북도,청도군,20000,25000,23333,25000,,47,47,84,MEDIT00007,Gyeongbuk-Cheongdo-gun,경상북도,MEDIT00007,
광견병백신 접종비,경상북도,칠곡군,25000,25000,25000,25000,,47,47,86,MEDIT00007,Gyeongbuk-Chilgok-gun,경상북도,MEDIT00007,
광견병백신 접종비,경상북도,포항시,15000,20000,20710,30000,,47,47,87,MEDIT00007,Gyeongbuk-Pohang-si,경상북도,MEDIT00007,
광견병백신 접종비,경상남도,거제시,25000,25000,25000,25000,,48,48,50,MEDIT00007,Gyeongnam-Geoje-si,경상남도,MEDIT00007,
광견병백신 접종비,경상남도,거창군,10000,20000,16667,20000,,48,48,51,MEDIT00007,Gyeongnam-Geochang-gun,경상남도,MEDIT00007,
광견병백신 접종비,경상남도,고성군,15000,20000,18333,20000,,48,48,52,MEDIT00007,Gyeongnam-Goseong-gun,경상남도,MEDIT00007,
광견병백신 접종비,경상남도,김해시,25000,30000,29868,35000,,48,48,53,MEDIT00007,Gyeongnam-Gimhae-si,경상남도,MEDIT00007,
광견병백신 접종비,경상남도,남해군,20000,20000,20000,20000,,48,48,54,MEDIT00007,Gyeongnam-Namhae-gun,경상남도,MEDIT00007,
광견병백신 접종비,경상남도,밀양시,15000,20000,20000,25000,,48,48,55,MEDIT00007,Gyeongnam-Miryang-si,경상남도,MEDIT00007,
광견병백신 접종비,경상남도,사천시,20000,20000,20625,25000,,48,48,56,MEDIT00007,Gyeongnam-Sacheon-si,경상남도,MEDIT00007,
광견병백신 접종비,경상남도,산청군,20000,20000,20000,20000,,48,48,57,MEDIT00007,Gyeongnam-Sancheong-gun,경상남도,MEDIT00007,
광견병백신 접종비,경상남도,양산시,25000,25000,25909,35000,,48,48,58,MEDIT00007,Gyeongnam-Yangsan-si,경상남도,MEDIT00007,
광견병백신 접종비,경상남도,진주시,20000,25000,23500,30000,,48,48,60,MEDIT00007,Gyeongnam-Jinju-si,경상남도,MEDIT00007,
광견병백신 접종비,경상남도,창녕군,20000,30000,26667,30000,,48,48,61,MEDIT00007,Gyeongnam-Changnyeong-gun,경상남도,MEDIT00007,
광견병백신 접종비,경상남도,창원시,30000,30000,30373,40000,,48,48,62,MEDIT00007,Gyeongnam-Changwon-si,경상남도,MEDIT00007,
광견병백신 접종비,경상남도,통영시,20000,25000,24500,25000,,48,48,63,MEDIT00007,Gyeongnam-Tongyeong-si,경상남도,MEDIT00007,
광견병백신 접종비,경상남도,하동군,17000,17000,17000,17000,,48,48,64,MEDIT00007,Gyeongnam-Hadong-gun,경상남도,MEDIT00007,
광견병백신 접종비,경상남도,함안군,20000,20000,20000,20000,,48,48,65,MEDIT00007,Gyeongnam-Haman-gun,경상남도,MEDIT00007,
광견병백신 접종비,경상남도,합천군,10000,15000,15000,20000,,48,48,67,MEDIT00007,Gyeongnam-Hapcheon-gu,경상남도,MEDIT00007,
광견병백신 접종비,제주특별자치도,서귀포시,20000,20000,23000,30000,,50,50,204,MEDIT00007,Jeju-Seogwipo,제주특별자치도,MEDIT00007,
광견병백신 접종비,제주특별자치도,제주시,15000,25000,23636,30000,,50,50,205,MEDIT00007,Jeju-Jeju-si,제주특별자치도,MEDIT00007,
켄넬코프백신 접종비,서울특별시,강남구,20000,20000,23317,40000,,11,11,128,MEDIT00008,seoul-Gangnam-gu,서울특별시,MEDIT00008,
켄넬코프백신 접종비,서울특별시,강동구,10000,20000,22116,30000,,11,11,129,MEDIT00008,seoul-Gangdong-gu,서울특별시,MEDIT00008,
켄넬코프백신 접종비,서울특별시,강북구,15000,25000,24134,30000,,11,11,130,MEDIT00008,seoul-Gangbuk-gu,서울특별시,MEDIT00008,
켄넬코프백신 접종비,서울특별시,강서구,15000,20000,21604,35000,,11,11,131,MEDIT00008,seoul-Gangseo-gu,서울특별시,MEDIT00008,
켄넬코프백신 접종비,서울특별시,관악구,15000,20000,20800,35000,,11,11,132,MEDIT00008,seoul-Gwanak-gu,서울특별시,MEDIT00008,
켄넬코프백신 접종비,서울특별시,광진구,15000,25000,24219,40000,,11,11,133,MEDIT00008,seoul-Gwangjin-gu,서울특별시,MEDIT00008,
켄넬코프백신 접종비,서울특별시,구로구,20000,25000,25000,30000,,11,11,134,MEDIT00008,seoul-Guro-gu,서울특별시,MEDIT00008,
켄넬코프백신 접종비,서울특별시,금천구,20000,25000,24375,25000,,11,11,135,MEDIT00008,seoul-Geumcheon-gu,서울특별시,MEDIT00008,
켄넬코프백신 접종비,서울특별시,노원구,20000,25000,25488,35000,,11,11,136,MEDIT00008,seoul-Nowon-gu,서울특별시,MEDIT00008,
켄넬코프백신 접종비,서울특별시,도봉구,10000,25000,22480,25000,,11,11,137,MEDIT00008,seoul-Dobong-gu,서울특별시,MEDIT00008,
켄넬코프백신 접종비,서울특별시,동대문구,10000,25000,24774,35000,,11,11,138,MEDIT00008,seoul-Dongdaemun-gu,서울특별시,MEDIT00008,
켄넬코프백신 접종비,서울특별시,동작구,18500,25000,23167,30000,,11,11,139,MEDIT00008,seoul-Dongjak-gu,서울특별시,MEDIT00008,
켄넬코프백신 접종비,서울특별시,마포구,15000,25000,24079,30000,,11,11,140,MEDIT00008,seoul-Mapo-gu,서울특별시,MEDIT00008,
켄넬코프백신 접종비,서울특별시,서대문구,20000,25000,23913,25000,,11,11,141,MEDIT00008,seoul-Seodaemun-gu,서울특별시,MEDIT00008,
켄넬코프백신 접종비,서울특별시,서초구,10000,25000,23980,35000,,11,11,142,MEDIT00008,seoul-Seocho-gu,서울특별시,MEDIT00008,
켄넬코프백신 접종비,서울특별시,성동구,20000,25000,24375,30000,,11,11,143,MEDIT00008,seoul-Seongdong-gu,서울특별시,MEDIT00008,
켄넬코프백신 접종비,서울특별시,성북구,20000,25000,25088,40000,,11,11,144,MEDIT00008,seoul-Seongbuk-gu,서울특별시,MEDIT00008,
켄넬코프백신 접종비,서울특별시,송파구,10000,20000,21529,30000,,11,11,145,MEDIT00008,seoul-Songpa-gu,서울특별시,MEDIT00008,
켄넬코프백신 접종비,서울특별시,양천구,15000,20000,20625,35000,,11,11,146,MEDIT00008,seoul-Yangcheon-gu,서울특별시,MEDIT00008,
켄넬코프백신 접종비,서울특별시,영등포구,15000,25000,23286,25000,,11,11,147,MEDIT00008,seoul-Yeongdeungpo-gu,서울특별시,MEDIT00008,
켄넬코프백신 접종비,서울특별시,용산구,20000,25000,25000,30000,,11,11,148,MEDIT00008,seoul-Yongsan-gu,서울특별시,MEDIT00008,
켄넬코프백신 접종비,서울특별시,은평구,15000,25000,24230,30000,,11,11,149,MEDIT00008,seoul-Eunpyeong-gu,서울특별시,MEDIT00008,
켄넬코프백신 접종비,서울특별시,종로구,20000,25000,23636,30000,,11,11,150,MEDIT00008,seoul-Jongno-gu,서울특별시,MEDIT00008,
켄넬코프백신 접종비,서울특별시,중구,15000,20000,20500,25000,,11,11,151,MEDIT00008,seoul-jung-gu,서울특별시,MEDIT00008,
켄넬코프백신 접종비,서울특별시,중랑구,20000,25000,24148,25000,,11,11,152,MEDIT00008,seoul-Jungnang-gu,서울특별시,MEDIT00008,
켄넬코프백신 접종비,부산광역시,강서구,25000,25000,25000,25000,,26,26,111,MEDIT00008,Busan-Gangseo-gu,부산광역시,MEDIT00008,
켄넬코프백신 접종비,부산광역시,금정구,20000,22000,22600,25000,,26,26,112,MEDIT00008,Busan-Geumjeong-gu,부산광역시,MEDIT00008,
켄넬코프백신 접종비,부산광역시,기장군,23000,25000,24833,25000,,26,26,113,MEDIT00008,Busan-Gijang-gun,부산광역시,MEDIT00008,
켄넬코프백신 접종비,부산광역시,남구,20000,22500,22500,25000,,26,26,114,MEDIT00008,Busan-Nam-gu,부산광역시,MEDIT00008,
켄넬코프백신 접종비,부산광역시,동구,25000,25000,25000,25000,,26,26,115,MEDIT00008,Busan-Dong-gu,부산광역시,MEDIT00008,
켄넬코프백신 접종비,부산광역시,동래구,15000,25000,23621,25000,,26,26,116,MEDIT00008,Busan-Dongrae-gu,부산광역시,MEDIT00008,
켄넬코프백신 접종비,부산광역시,부산진구,20000,25000,24133,30000,,26,26,117,MEDIT00008,Busan-Busanjin-gu,부산광역시,MEDIT00008,
켄넬코프백신 접종비,부산광역시,북구,15000,25000,24316,30000,,26,26,118,MEDIT00008,Busan-Buk-gu,부산광역시,MEDIT00008,
켄넬코프백신 접종비,부산광역시,사상구,25000,25000,25000,25000,,26,26,119,MEDIT00008,Busan-Sasang-gu,부산광역시,MEDIT00008,
켄넬코프백신 접종비,부산광역시,사하구,20000,25000,24722,30000,,26,26,120,MEDIT00008,Busan-Saha-gu,부산광역시,MEDIT00008,
켄넬코프백신 접종비,부산광역시,서구,20000,22000,22400,25000,,26,26,121,MEDIT00008,Busan-Seo-gu,부산광역시,MEDIT00008,
켄넬코프백신 접종비,부산광역시,수영구,20000,25000,23000,30000,,26,26,122,MEDIT00008,Busan-Suyeong-gu,부산광역시,MEDIT00008,
켄넬코프백신 접종비,부산광역시,연제구,20000,25000,24375,25000,,26,26,123,MEDIT00008,Busan-Yeonje-gu,부산광역시,MEDIT00008,
켄넬코프백신 접종비,부산광역시,영도구,20000,20000,21250,25000,,26,26,124,MEDIT00008,Busan-Yeongdo-gu,부산광역시,MEDIT00008,
켄넬코프백신 접종비,부산광역시,중구,20000,20000,21667,25000,,26,26,125,MEDIT00008,Busan-Jung-gu,부산광역시,MEDIT00008,
켄넬코프백신 접종비,부산광역시,해운대구,20000,25000,25244,40000,,26,26,126,MEDIT00008,Busan-Haeundae-gu,부산광역시,MEDIT00008,
켄넬코프백신 접종비,대구광역시,남구,20000,30000,30000,40000,,27,27,96,MEDIT00008,Daegu-Nam-gu,대구광역시,MEDIT00008,
켄넬코프백신 접종비,대구광역시,달서구,20000,30000,29878,35000,,27,27,97,MEDIT00008,Daegu-Dalseo-gu,대구광역시,MEDIT00008,
켄넬코프백신 접종비,대구광역시,달성군,25000,30000,29333,30000,,27,27,98,MEDIT00008,Daegu-Dal-Sung-gun,대구광역시,MEDIT00008,
켄넬코프백신 접종비,대구광역시,동구,25000,30000,30526,45000,,27,27,99,MEDIT00008,Daegu-Dong-gu,대구광역시,MEDIT00008,
켄넬코프백신 접종비,대구광역시,북구,20000,30000,27593,30000,,27,27,100,MEDIT00008,Daegu-Buk-gu,대구광역시,MEDIT00008,
켄넬코프백신 접종비,대구광역시,서구,30000,30000,30000,30000,,27,27,101,MEDIT00008,Daegu-Seo-gu,대구광역시,MEDIT00008,
켄넬코프백신 접종비,대구광역시,수성구,20000,30000,29342,30000,,27,27,102,MEDIT00008,Daegu-Suseong-gu,대구광역시,MEDIT00008,
켄넬코프백신 접종비,대구광역시,중구,25000,30000,29364,30000,,27,27,103,MEDIT00008,Daegu-Jung-gu,대구광역시,MEDIT00008,
켄넬코프백신 접종비,인천광역시,강화군,10000,15000,15833,25000,,28,28,162,MEDIT00008,Incheon-Ganghwa-gun,인천광역시,MEDIT00008,
켄넬코프백신 접종비,인천광역시,계양구,20000,25000,24167,27500,,28,28,163,MEDIT00008,Incheon-Gyeyang-gu,인천광역시,MEDIT00008,
켄넬코프백신 접종비,인천광역시,남동구,11000,25000,22778,35000,,28,28,164,MEDIT00008,Incheon-Namdong-gu,인천광역시,MEDIT00008,
켄넬코프백신 접종비,인천광역시,동구,20000,25000,23333,25000,,28,28,165,MEDIT00008,Incheon-Dong-gu,인천광역시,MEDIT00008,
켄넬코프백신 접종비,인천광역시,미추홀구,15000,25000,23304,30000,,28,28,166,MEDIT00008,Incheon-Michuhol-gu,인천광역시,MEDIT00008,
켄넬코프백신 접종비,인천광역시,부평구,20000,25000,24485,25000,,28,28,167,MEDIT00008,Incheon-Bupyeong-gu,인천광역시,MEDIT00008,
켄넬코프백신 접종비,인천광역시,서구,20000,25000,23409,35000,,28,28,168,MEDIT00008,Incheon-Seo-gu,인천광역시,MEDIT00008,
켄넬코프백신 접종비,인천광역시,연수구,15000,25000,23820,35000,,28,28,169,MEDIT00008,Incheon-Yeonsu-gu,인천광역시,MEDIT00008,
켄넬코프백신 접종비,인천광역시,중구,20000,25000,25000,30000,,28,28,170,MEDIT00008,Incheon-Jung-gu,인천광역시,MEDIT00008,
켄넬코프백신 접종비,광주광역시,광산구,10000,20000,19833,30000,,29,29,89,MEDIT00008,Gwangju-Gwangsan-gu,광주광역시,MEDIT00008,
켄넬코프백신 접종비,광주광역시,남구,20000,20000,21842,40000,,29,29,90,MEDIT00008,Gwangju-Nam-gu,광주광역시,MEDIT00008,
켄넬코프백신 접종비,광주광역시,동구,18000,20000,24750,55000,,29,29,91,MEDIT00008,Gwangju-Dong-gu,광주광역시,MEDIT00008,
켄넬코프백신 접종비,광주광역시,북구,15000,20000,20769,45000,,29,29,92,MEDIT00008,Gwangju-Buk-gu,광주광역시,MEDIT00008,
켄넬코프백신 접종비,광주광역시,서구,15000,20000,21429,30000,,29,29,93,MEDIT00008,Gwangju-Seo-gu,광주광역시,MEDIT00008,
켄넬코프백신 접종비,대전광역시,대덕구,15000,20000,20000,25000,,30,30,105,MEDIT00008,Daejeon-Daedeok-gu,대전광역시,MEDIT00008,
켄넬코프백신 접종비,대전광역시,동구,15000,20000,18269,25000,,30,30,106,MEDIT00008,Daejeon-Dong-gu,대전광역시,MEDIT00008,
켄넬코프백신 접종비,대전광역시,서구,10000,20000,21242,40000,,30,30,107,MEDIT00008,Daejeon-Seo-gu,대전광역시,MEDIT00008,
켄넬코프백신 접종비,대전광역시,유성구,15000,25000,23500,35000,,30,30,108,MEDIT00008,Daejeon-Yuseong-gu,대전광역시,MEDIT00008,
켄넬코프백신 접종비,대전광역시,중구,15000,20000,19688,30000,,30,30,109,MEDIT00008,Daejeon-Jung-gu,대전광역시,MEDIT00008,
켄넬코프백신 접종비,울산광역시,남구,19000,20000,19957,20000,,31,31,156,MEDIT00008,Ulsan-Nam-gu,울산광역시,MEDIT00008,
켄넬코프백신 접종비,울산광역시,동구,19000,20000,19667,20000,,31,31,157,MEDIT00008,Ulsan-Dong-gu,울산광역시,MEDIT00008,
켄넬코프백신 접종비,울산광역시,북구,19000,20000,21333,33000,,31,31,158,MEDIT00008,Ulsan-Buk-gu,울산광역시,MEDIT00008,
켄넬코프백신 접종비,울산광역시,울주군,20000,20000,20625,25000,,31,31,159,MEDIT00008,Ulsan-Ulju-gun,울산광역시,MEDIT00008,
켄넬코프백신 접종비,울산광역시,중구,15000,20000,20083,25000,,31,31,160,MEDIT00008,Ulsan-Jung-gu,울산광역시,MEDIT00008,
켄넬코프백신 접종비,세종특별자치시,세종특별자치시,15000,20000,19350,30000,,36,36,154,MEDIT00008,Sejong-Sejong-si,세종특별자치시,MEDIT00008,
켄넬코프백신 접종비,경기도,가평군,10000,15000,13750,15000,,41,41,19,MEDIT00008,Gyeonggi-Gapyeong-gun,경기도,MEDIT00008,
켄넬코프백신 접종비,경기도,고양시,12000,25000,22837,35000,,41,41,20,MEDIT00008,Gyeonggi-Goyang-si,경기도,MEDIT00008,
켄넬코프백신 접종비,경기도,과천시,8000,20000,21000,35000,,41,41,21,MEDIT00008,Gyeonggi-Gwacheon,경기도,MEDIT00008,
켄넬코프백신 접종비,경기도,광명시,20000,25000,24063,25000,,41,41,22,MEDIT00008,Gyeonggi-Gwangmyeong,경기도,MEDIT00008,
켄넬코프백신 접종비,경기도,광주시,5000,22000,21214,25000,,41,41,23,MEDIT00008,Gyeonggi-Gwangju-si,경기도,MEDIT00008,
켄넬코프백신 접종비,경기도,구리시,10000,20000,20944,30000,,41,41,24,MEDIT00008,Gyeonggi-Guri-si,경기도,MEDIT00008,
켄넬코프백신 접종비,경기도,군포시,25000,25000,25192,27500,,41,41,25,MEDIT00008,Gyeonggi-Gunpo,경기도,MEDIT00008,
켄넬코프백신 접종비,경기도,김포시,15000,25000,24513,35000,,41,41,26,MEDIT00008,Gyeonggi-Gimpo-si,경기도,MEDIT00008,
켄넬코프백신 접종비,경기도,남양주시,13000,20000,21315,30000,,41,41,27,MEDIT00008,Gyeonggi-Namyangju-si,경기도,MEDIT00008,
켄넬코프백신 접종비,경기도,동두천시,15000,15000,17143,20000,,41,41,28,MEDIT00008,Gyeonggi-Dongducheon-si,경기도,MEDIT00008,
켄넬코프백신 접종비,경기도,부천시,20000,25000,24552,25000,,41,41,29,MEDIT00008,Gyeonggi-Bucheon,경기도,MEDIT00008,
켄넬코프백신 접종비,경기도,성남시,10000,20000,19766,51000,,41,41,30,MEDIT00008,Gyeonggi-Seongnam,경기도,MEDIT00008,
켄넬코프백신 접종비,경기도,수원시,12000,20000,20174,35000,,41,41,31,MEDIT00008,Gyeonggi-Suwon-si,경기도,MEDIT00008,
켄넬코프백신 접종비,경기도,시흥시,20000,25000,24743,30000,,41,41,32,MEDIT00008,Gyeonggi-Siheung,경기도,MEDIT00008,
켄넬코프백신 접종비,경기도,안산시,20000,25000,24864,30500,,41,41,33,MEDIT00008,Gyeonggi-Ansan,경기도,MEDIT00008,
켄넬코프백신 접종비,경기도,안성시,15000,20000,18846,25000,,41,41,34,MEDIT00008,Gyeonggi-Anseong-si,경기도,MEDIT00008,
켄넬코프백신 접종비,경기도,안양시,15000,20000,22214,35000,,41,41,35,MEDIT00008,Gyeonggi-Anyang,경기도,MEDIT00008,
켄넬코프백신 접종비,경기도,양주시,20000,20000,20417,25000,,41,41,36,MEDIT00008,Gyeonggi-Yangju-si,경기도,MEDIT00008,
켄넬코프백신 접종비,경기도,양평군,15000,20000,19000,20000,,41,41,37,MEDIT00008,Gyeonggi-Yangpyeong-gun,경기도,MEDIT00008,
켄넬코프백신 접종비,경기도,여주시,15000,18500,18000,20000,,41,41,38,MEDIT00008,Gyeonggi-Yeoju-si,경기도,MEDIT00008,
켄넬코프백신 접종비,경기도,오산시,20000,20000,20294,25000,,41,41,39,MEDIT00008,Gyeonggi-Osan-si,경기도,MEDIT00008,
켄넬코프백신 접종비,경기도,용인시,15000,22000,22250,35000,,41,41,40,MEDIT00008,Gyeonggi-Yongin-si,경기도,MEDIT00008,
켄넬코프백신 접종비,경기도,의왕시,15000,20000,19000,20000,,41,41,41,MEDIT00008,Gyeonggi-Uiwang,경기도,MEDIT00008,
켄넬코프백신 접종비,경기도,의정부시,20000,25000,24355,25000,,41,41,42,MEDIT00008,Gyeonggi-Uijeongbu-si,경기도,MEDIT00008,
켄넬코프백신 접종비,경기도,이천시,5000,17000,16733,30000,,41,41,43,MEDIT00008,Gyeonggi-Icheon-si,경기도,MEDIT00008,
켄넬코프백신 접종비,경기도,파주시,10000,25000,23824,30000,,41,41,44,MEDIT00008,Gyeonggi-Paju-si,경기도,MEDIT00008,
켄넬코프백신 접종비,경기도,평택시,15000,20000,19875,35000,,41,41,45,MEDIT00008,Gyeonggi-Pyeongtaek-si,경기도,MEDIT00008,
켄넬코프백신 접종비,경기도,포천시,15000,15000,16000,20000,,41,41,46,MEDIT00008,Gyeonggi-Pocheon-si,경기도,MEDIT00008,
켄넬코프백신 접종비,경기도,하남시,10000,20000,21094,40000,,41,41,47,MEDIT00008,Gyeonggi-Hanam-si,경기도,MEDIT00008,
켄넬코프백신 접종비,경기도,화성시,10000,20000,20209,30000,,41,41,48,MEDIT00008,Gyeonggi-Hwaseong-si,경기도,MEDIT00008,
켄넬코프백신 접종비,강원특별자치도,강릉시,15000,20000,20000,25000,,42,42,2,MEDIT00008,Gangwon-Gangneung-si,강원특별자치도,MEDIT00008,
켄넬코프백신 접종비,강원특별자치도,고성군,15000,15000,15000,15000,,42,42,3,MEDIT00008,Gangwon-Gosung-gun,강원특별자치도,MEDIT00008,
켄넬코프백신 접종비,강원특별자치도,동해시,20000,20000,20000,20000,,42,42,4,MEDIT00008,Gangwon-Donghae-si,강원특별자치도,MEDIT00008,
켄넬코프백신 접종비,강원특별자치도,삼척시,20000,20000,23333,30000,,42,42,5,MEDIT00008,Gangwon-Samcheok-si,강원특별자치도,MEDIT00008,
켄넬코프백신 접종비,강원특별자치도,속초시,10000,15000,14500,20000,,42,42,6,MEDIT00008,Gangwon-Sokcho-si,강원특별자치도,MEDIT00008,
켄넬코프백신 접종비,강원특별자치도,양양군,15000,20000,19000,22000,,42,42,8,MEDIT00008,Gangwon-Yangyang-gun,강원특별자치도,MEDIT00008,
켄넬코프백신 접종비,강원특별자치도,영월군,18000,19000,19000,20000,,42,42,9,MEDIT00008,Gangwon-Yeongwol-gun,강원특별자치도,MEDIT00008,
켄넬코프백신 접종비,강원특별자치도,원주시,20000,20000,20417,30000,,42,42,10,MEDIT00008,Gangwon-Wonju-si,강원특별자치도,MEDIT00008,
켄넬코프백신 접종비,강원특별자치도,인제군,20000,20000,21667,25000,,42,42,11,MEDIT00008,Gangwon-Inje-gun,강원특별자치도,MEDIT00008,
켄넬코프백신 접종비,강원특별자치도,정선군,10000,15000,15000,20000,,42,42,12,MEDIT00008,Gangwon-Jeongseon-gun,강원특별자치도,MEDIT00008,
켄넬코프백신 접종비,강원특별자치도,춘천시,15000,21000,22389,30000,,42,42,13,MEDIT00008,Gangwon-Chuncheon-si,강원특별자치도,MEDIT00008,
켄넬코프백신 접종비,강원특별자치도,태백시,20000,20000,20000,20000,,42,42,14,MEDIT00008,Gangwon-Taebaek-si,강원특별자치도,MEDIT00008,
켄넬코프백신 접종비,강원특별자치도,홍천군,15000,20000,19000,20000,,42,42,15,MEDIT00008,Gangwon-Hongcheon-gun,강원특별자치도,MEDIT00008,
켄넬코프백신 접종비,강원특별자치도,화천군,15000,15000,15000,15000,,42,42,16,MEDIT00008,Gangwon-Hwacheon-gun,강원특별자치도,MEDIT00008,
켄넬코프백신 접종비,강원특별자치도,횡성군,20000,20000,20000,20000,,42,42,17,MEDIT00008,Gangwon-Hoengseong-gun,강원특별자치도,MEDIT00008,
켄넬코프백신 접종비,충청북도,괴산군,20000,20000,20000,20000,,43,43,223,MEDIT00008,Chungbuk-Goesan-gun,충청북도,MEDIT00008,
켄넬코프백신 접종비,충청북도,영동군,15000,20000,18333,20000,,43,43,226,MEDIT00008,Chungbuk-Yeongdong-gun,충청북도,MEDIT00008,
켄넬코프백신 접종비,충청북도,옥천군,20000,25000,25000,30000,,43,43,227,MEDIT00008,Chungbuk-Okcheon-gun,충청북도,MEDIT00008,
켄넬코프백신 접종비,충청북도,음성군,10000,15000,18000,30000,,43,43,228,MEDIT00008,Chungbuk-Eumseong-gun,충청북도,MEDIT00008,
켄넬코프백신 접종비,충청북도,제천시,15000,20000,20833,25000,,43,43,229,MEDIT00008,Chungbuk-Jecheon-si,충청북도,MEDIT00008,
켄넬코프백신 접종비,충청북도,증평군,18000,19000,19000,20000,,43,43,230,MEDIT00008,Chungbuk-Jeungpyeong-gun,충청북도,MEDIT00008,
켄넬코프백신 접종비,충청북도,진천군,15000,15000,19000,30000,,43,43,231,MEDIT00008,Chungbuk-Jincheon-gun,충청북도,MEDIT00008,
켄넬코프백신 접종비,충청북도,청주시,14000,20000,20500,30000,,43,43,232,MEDIT00008,Chungbuk-Cheongju-si,충청북도,MEDIT00008,
켄넬코프백신 접종비,충청북도,충주시,20000,20000,20000,20000,,43,43,233,MEDIT00008,Chungbuk-Chungju-si,충청북도,MEDIT00008,
켄넬코프백신 접종비,충청북도,보은군,20000,20000,20000,20000,,43,43,226,MEDIT00008,Chungbuk-Boeun-gun,충청북도,MEDIT00008,
켄넬코프백신 접종비,충청남도,계룡시,12000,12000,13000,15000,,44,44,207,MEDIT00008,Chungnam-Gyeryong-si,충청남도,MEDIT00008,
켄넬코프백신 접종비,충청남도,공주시,20000,25000,23750,25000,,44,44,208,MEDIT00008,Chungnam-Gongju-si,충청남도,MEDIT00008,
켄넬코프백신 접종비,충청남도,금산군,15000,17500,18750,25000,,44,44,209,MEDIT00008,Chungnam-Geumsan-gun,충청남도,MEDIT00008,
켄넬코프백신 접종비,충청남도,논산시,19900,28750,29350,40000,,44,44,210,MEDIT00008,Chungnam-Nonsan-si,충청남도,MEDIT00008,
켄넬코프백신 접종비,충청남도,당진시,15000,20000,21111,30000,,44,44,211,MEDIT00008,Chungnam-Dangjin-si,충청남도,MEDIT00008,
켄넬코프백신 접종비,충청남도,보령시,20000,20000,20000,20000,,44,44,212,MEDIT00008,Chungnam-Boryeong-si,충청남도,MEDIT00008,
켄넬코프백신 접종비,충청남도,부여군,15000,20000,21250,30000,,44,44,213,MEDIT00008,Chungnam-Buyeo-gun,충청남도,MEDIT00008,
켄넬코프백신 접종비,충청남도,서산시,20000,20000,20000,20000,,44,44,214,MEDIT00008,Chungnam-Seosan-si,충청남도,MEDIT00008,
켄넬코프백신 접종비,충청남도,서천군,10000,12500,12500,15000,,44,44,215,MEDIT00008,Chungnam-Seocheon-gun,충청남도,MEDIT00008,
켄넬코프백신 접종비,충청남도,아산시,15000,22500,22143,25000,,44,44,216,MEDIT00008,Chungnam-Asan-si,충청남도,MEDIT00008,
켄넬코프백신 접종비,충청남도,예산군,20000,20000,20000,20000,,44,44,217,MEDIT00008,Chungnam-Yesan-gun,충청남도,MEDIT00008,
켄넬코프백신 접종비,충청남도,천안시,15000,25000,24651,40000,,44,44,218,MEDIT00008,Chungnam-Cheonan-si,충청남도,MEDIT00008,
켄넬코프백신 접종비,충청남도,태안군,10000,15000,15000,20000,,44,44,220,MEDIT00008,Chungnam-Taean-gu,충청남도,MEDIT00008,
켄넬코프백신 접종비,충청남도,홍성군,15000,20000,21000,30000,,44,44,221,MEDIT00008,Chungnam-Hongseong-gun,충청남도,MEDIT00008,
켄넬코프백신 접종비,전북특별자치도,고창군,20000,20000,21667,25000,,45,45,191,MEDIT00008,Jeonbuk-Gochang-gun,전북특별자치도,MEDIT00008,
켄넬코프백신 접종비,전북특별자치도,군산시,10000,20000,18333,25000,,45,45,192,MEDIT00008,Jeonbuk-Gunsan-si,전북특별자치도,MEDIT00008,
켄넬코프백신 접종비,전북특별자치도,김제시,15000,15000,18000,25000,,45,45,193,MEDIT00008,Jeonbuk-Gimje-si,전북특별자치도,MEDIT00008,
켄넬코프백신 접종비,전북특별자치도,남원시,20000,25000,25000,30000,,45,45,194,MEDIT00008,Jeonbuk-Namwon-si,전북특별자치도,MEDIT00008,
켄넬코프백신 접종비,전북특별자치도,부안군,20000,20000,25000,35000,,45,45,196,MEDIT00008,Jeonbuk-Buan-gun,전북특별자치도,MEDIT00008,
켄넬코프백신 접종비,전북특별자치도,순창군,20000,20000,20000,20000,,45,45,197,MEDIT00008,Jeonbuk-Sunchang-gun,전북특별자치도,MEDIT00008,
켄넬코프백신 접종비,전북특별자치도,완주군,15000,20000,19000,25000,,45,45,198,MEDIT00008,Jeonbuk-Wanju-gun,전북특별자치도,MEDIT00008,
켄넬코프백신 접종비,전북특별자치도,익산시,12000,20000,20000,25000,,45,45,199,MEDIT00008,Jeonbuk-Iksan-si,전북특별자치도,MEDIT00008,
켄넬코프백신 접종비,전북특별자치도,전주시,15000,25000,22955,25000,,45,45,201,MEDIT00008,Jeonbuk-Jeonju-si,전북특별자치도,MEDIT00008,
켄넬코프백신 접종비,전북특별자치도,정읍시,15000,20000,19800,22000,,45,45,202,MEDIT00008,Jeonbuk-Jeongeup-si,전북특별자치도,MEDIT00008,
켄넬코프백신 접종비,전라남도,고흥군,20000,21000,21000,22000,,46,46,172,MEDIT00008,Jeonnam-Goheung-gun,전라남도,MEDIT00008,
켄넬코프백신 접종비,전라남도,곡성군,10000,10000,10000,10000,,46,46,173,MEDIT00008,Jeonnam-Gokseong-gun,전라남도,MEDIT00008,
켄넬코프백신 접종비,전라남도,광양시,15000,20000,20500,25000,,46,46,174,MEDIT00008,Jeonnam-Gwangyang-si,전라남도,MEDIT00008,
켄넬코프백신 접종비,전라남도,구례군,10000,20000,16667,20000,,46,46,175,MEDIT00008,Jeonnam-Gurye-gun,전라남도,MEDIT00008,
켄넬코프백신 접종비,전라남도,나주시,14000,17500,21500,35000,,46,46,176,MEDIT00008,Jeonnam-Naju-si,전라남도,MEDIT00008,
켄넬코프백신 접종비,전라남도,담양군,15000,22500,22500,30000,,46,46,177,MEDIT00008,Jeonnam-Damyang-gun,전라남도,MEDIT00008,
켄넬코프백신 접종비,전라남도,목포시,15000,15000,16875,30000,,46,46,178,MEDIT00008,Jeonnam-Mokpo-si,전라남도,MEDIT00008,
켄넬코프백신 접종비,전라남도,무안군,15000,15000,15000,15000,,46,46,179,MEDIT00008,Jeonnam-Muan-gun,전라남도,MEDIT00008,
켄넬코프백신 접종비,전라남도,순천시,19500,23000,23033,30000,,46,46,180,MEDIT00008,Jeonnam-Suncheon-si,전라남도,MEDIT00008,
켄넬코프백신 접종비,전라남도,여수시,15000,15000,16250,20000,,46,46,181,MEDIT00008,Jeonnam-Yeosu-si,전라남도,MEDIT00008,
켄넬코프백신 접종비,전라남도,영광군,15000,17500,17500,20000,,46,46,182,MEDIT00008,Jeonnam-Yeonggwang-gun,전라남도,MEDIT00008,
켄넬코프백신 접종비,전라남도,장성군,15000,17500,17500,20000,,46,46,185,MEDIT00008,Jeonnam-Jangseong-gun,전라남도,MEDIT00008,
켄넬코프백신 접종비,전라남도,장흥군,16000,16000,16000,16000,,46,46,186,MEDIT00008,Jeonnam-Jangheung-gun,전라남도,MEDIT00008,
켄넬코프백신 접종비,전라남도,해남군,10000,17500,16250,20000,,46,46,188,MEDIT00008,Jeonnam-Haenam-gun,전라남도,MEDIT00008,
켄넬코프백신 접종비,전라남도,화순군,10000,15000,17500,30000,,46,46,189,MEDIT00008,Jeonnam-Hwasun-gun,전라남도,MEDIT00008,
켄넬코프백신 접종비,경상북도,경산시,10000,20000,20313,25000,,47,47,69,MEDIT00008,Gyeongbuk-Gyeongsan-si,경상북도,MEDIT00008,
켄넬코프백신 접종비,경상북도,경주시,15000,20000,20909,30000,,47,47,70,MEDIT00008,Gyeongbuk-Gyeongju-si,경상북도,MEDIT00008,
켄넬코프백신 접종비,경상북도,구미시,20000,25000,25185,35000,,47,47,72,MEDIT00008,Gyeongbuk-Gumi-si,경상북도,MEDIT00008,
켄넬코프백신 접종비,경상북도,김천시,15000,15000,15833,20000,,47,47,73,MEDIT00008,Gyeongbuk-Gimcheon-si,경상북도,MEDIT00008,
켄넬코프백신 접종비,경상북도,문경시,25000,25000,25000,25000,,47,47,74,MEDIT00008,Gyeongbuk-Mungyeong-si,경상북도,MEDIT00008,
켄넬코프백신 접종비,경상북도,상주시,15000,15000,16250,20000,,47,47,75,MEDIT00008,Gyeongbuk-Sangju-si,경상북도,MEDIT00008,
켄넬코프백신 접종비,경상북도,성주군,20000,20000,23333,30000,,47,47,76,MEDIT00008,Gyeongbuk-Seongju-gun,경상북도,MEDIT00008,
켄넬코프백신 접종비,경상북도,안동시,20000,20000,20833,25000,,47,47,77,MEDIT00008,Gyeongbuk-Andong-si,경상북도,MEDIT00008,
켄넬코프백신 접종비,경상북도,영덕군,20000,22500,22500,25000,,47,47,78,MEDIT00008,Gyeongbuk-Yeongdeok-gun,경상북도,MEDIT00008,
켄넬코프백신 접종비,경상북도,영주시,15000,17000,18400,25000,,47,47,79,MEDIT00008,Gyeongbuk-Yeongju-si,경상북도,MEDIT00008,
켄넬코프백신 접종비,경상북도,영천시,15000,17500,17500,20000,,47,47,80,MEDIT00008,Gyeongbuk-Yeongcheon-si,경상북도,MEDIT00008,
켄넬코프백신 접종비,경상북도,예천군,15000,17500,17500,20000,,47,47,81,MEDIT00008,Gyeongbuk-Yecheon-gun,경상북도,MEDIT00008,
켄넬코프백신 접종비,경상북도,청도군,25000,25000,25000,25000,,47,47,84,MEDIT00008,Gyeongbuk-Cheongdo-gun,경상북도,MEDIT00008,
켄넬코프백신 접종비,경상북도,칠곡군,25000,25000,25000,25000,,47,47,86,MEDIT00008,Gyeongbuk-Chilgok-gun,경상북도,MEDIT00008,
켄넬코프백신 접종비,경상북도,포항시,12000,15000,18274,30000,,47,47,87,MEDIT00008,Gyeongbuk-Pohang-si,경상북도,MEDIT00008,
켄넬코프백신 접종비,경상남도,거제시,20000,20000,20455,25000,,48,48,50,MEDIT00008,Gyeongnam-Geoje-si,경상남도,MEDIT00008,
켄넬코프백신 접종비,경상남도,거창군,10000,15000,14000,17000,,48,48,51,MEDIT00008,Gyeongnam-Geochang-gun,경상남도,MEDIT00008,
켄넬코프백신 접종비,경상남도,고성군,15000,17500,17500,20000,,48,48,52,MEDIT00008,Gyeongnam-Goseong-gun,경상남도,MEDIT00008,
켄넬코프백신 접종비,경상남도,김해시,20000,30000,29054,30000,,48,48,53,MEDIT00008,Gyeongnam-Gimhae-si,경상남도,MEDIT00008,
켄넬코프백신 접종비,경상남도,남해군,20000,20000,20000,20000,,48,48,54,MEDIT00008,Gyeongnam-Namhae-gun,경상남도,MEDIT00008,
켄넬코프백신 접종비,경상남도,밀양시,15000,20000,19167,20000,,48,48,55,MEDIT00008,Gyeongnam-Miryang-si,경상남도,MEDIT00008,
켄넬코프백신 접종비,경상남도,사천시,20000,20000,20625,25000,,48,48,56,MEDIT00008,Gyeongnam-Sacheon-si,경상남도,MEDIT00008,
켄넬코프백신 접종비,경상남도,산청군,10000,15000,15000,20000,,48,48,57,MEDIT00008,Gyeongnam-Sancheong-gun,경상남도,MEDIT00008,
켄넬코프백신 접종비,경상남도,양산시,20000,25000,25136,30000,,48,48,58,MEDIT00008,Gyeongnam-Yangsan-si,경상남도,MEDIT00008,
켄넬코프백신 접종비,경상남도,진주시,15000,20000,20000,40000,,48,48,60,MEDIT00008,Gyeongnam-Jinju-si,경상남도,MEDIT00008,
켄넬코프백신 접종비,경상남도,창녕군,30000,30000,30000,30000,,48,48,61,MEDIT00008,Gyeongnam-Changnyeong-gun,경상남도,MEDIT00008,
켄넬코프백신 접종비,경상남도,창원시,25000,30000,30000,35000,,48,48,62,MEDIT00008,Gyeongnam-Changwon-si,경상남도,MEDIT00008,
켄넬코프백신 접종비,경상남도,통영시,20000,20000,20500,25000,,48,48,63,MEDIT00008,Gyeongnam-Tongyeong-si,경상남도,MEDIT00008,
켄넬코프백신 접종비,경상남도,하동군,17000,18500,18500,20000,,48,48,64,MEDIT00008,Gyeongnam-Hadong-gun,경상남도,MEDIT00008,
켄넬코프백신 접종비,경상남도,함안군,15000,15000,16667,20000,,48,48,65,MEDIT00008,Gyeongnam-Haman-gun,경상남도,MEDIT00008,
켄넬코프백신 접종비,경상남도,합천군,20000,20000,20000,20000,,48,48,67,MEDIT00008,Gyeongnam-Hapcheon-gu,경상남도,MEDIT00008,
켄넬코프백신 접종비,제주특별자치도,서귀포시,15000,20000,21385,33000,,50,50,204,MEDIT00008,Jeju-Seogwipo,제주특별자치도,MEDIT00008,
켄넬코프백신 접종비,제주특별자치도,제주시,10000,20000,20217,30000,,50,50,205,MEDIT00008,Jeju-Jeju-si,제주특별자치도,MEDIT00008,
코로나바이러스백신 접종비,서울특별시,강남구,20000,20000,22167,40000,,11,11,128,MEDIT00012,seoul-Gangnam-gu,서울특별시,MEDIT00012,
코로나바이러스백신 접종비,서울특별시,강동구,10000,20000,22063,30000,,11,11,129,MEDIT00012,seoul-Gangdong-gu,서울특별시,MEDIT00012,
코로나바이러스백신 접종비,서울특별시,강북구,15000,25000,24134,30000,,11,11,130,MEDIT00012,seoul-Gangbuk-gu,서울특별시,MEDIT00012,
코로나바이러스백신 접종비,서울특별시,강서구,15000,20000,21604,35000,,11,11,131,MEDIT00012,seoul-Gangseo-gu,서울특별시,MEDIT00012,
코로나바이러스백신 접종비,서울특별시,관악구,15000,20000,20400,25000,,11,11,132,MEDIT00012,seoul-Gwanak-gu,서울특별시,MEDIT00012,
코로나바이러스백신 접종비,서울특별시,광진구,15000,25000,23667,30000,,11,11,133,MEDIT00012,seoul-Gwangjin-gu,서울특별시,MEDIT00012,
코로나바이러스백신 접종비,서울특별시,구로구,20000,25000,24815,30000,,11,11,134,MEDIT00012,seoul-Guro-gu,서울특별시,MEDIT00012,
코로나바이러스백신 접종비,서울특별시,금천구,20000,25000,24375,25000,,11,11,135,MEDIT00012,seoul-Geumcheon-gu,서울특별시,MEDIT00012,
코로나바이러스백신 접종비,서울특별시,노원구,20000,25000,25366,35000,,11,11,136,MEDIT00012,seoul-Nowon-gu,서울특별시,MEDIT00012,
코로나바이러스백신 접종비,서울특별시,도봉구,10000,25000,22480,25000,,11,11,137,MEDIT00012,seoul-Dobong-gu,서울특별시,MEDIT00012,
코로나바이러스백신 접종비,서울특별시,동대문구,10000,25000,24032,25000,,11,11,138,MEDIT00012,seoul-Dongdaemun-gu,서울특별시,MEDIT00012,
코로나바이러스백신 접종비,서울특별시,동작구,18500,25000,23167,30000,,11,11,139,MEDIT00012,seoul-Dongjak-gu,서울특별시,MEDIT00012,
코로나바이러스백신 접종비,서울특별시,마포구,15000,25000,23684,25000,,11,11,140,MEDIT00012,seoul-Mapo-gu,서울특별시,MEDIT00012,
코로나바이러스백신 접종비,서울특별시,서대문구,20000,25000,23864,25000,,11,11,141,MEDIT00012,seoul-Seodaemun-gu,서울특별시,MEDIT00012,
코로나바이러스백신 접종비,서울특별시,서초구,10000,25000,23469,30000,,11,11,142,MEDIT00012,seoul-Seocho-gu,서울특별시,MEDIT00012,
코로나바이러스백신 접종비,서울특별시,성동구,20000,25000,24348,30000,,11,11,143,MEDIT00012,seoul-Seongdong-gu,서울특별시,MEDIT00012,
코로나바이러스백신 접종비,서울특별시,성북구,16500,25000,23485,30000,,11,11,144,MEDIT00012,seoul-Seongbuk-gu,서울특별시,MEDIT00012,
코로나바이러스백신 접종비,서울특별시,송파구,10000,20000,20643,30000,,11,11,145,MEDIT00012,seoul-Songpa-gu,서울특별시,MEDIT00012,
코로나바이러스백신 접종비,서울특별시,양천구,15000,20000,20193,30000,,11,11,146,MEDIT00012,seoul-Yangcheon-gu,서울특별시,MEDIT00012,
코로나바이러스백신 접종비,서울특별시,영등포구,15000,25000,23371,25000,,11,11,147,MEDIT00012,seoul-Yeongdeungpo-gu,서울특별시,MEDIT00012,
코로나바이러스백신 접종비,서울특별시,용산구,20000,25000,25000,30000,,11,11,148,MEDIT00012,seoul-Yongsan-gu,서울특별시,MEDIT00012,
코로나바이러스백신 접종비,서울특별시,은평구,15000,25000,24095,25000,,11,11,149,MEDIT00012,seoul-Eunpyeong-gu,서울특별시,MEDIT00012,
코로나바이러스백신 접종비,서울특별시,종로구,20000,25000,23000,25000,,11,11,150,MEDIT00012,seoul-Jongno-gu,서울특별시,MEDIT00012,
코로나바이러스백신 접종비,서울특별시,중구,15000,20000,20500,25000,,11,11,151,MEDIT00012,seoul-jung-gu,서울특별시,MEDIT00012,
코로나바이러스백신 접종비,서울특별시,중랑구,15000,25000,23680,25000,,11,11,152,MEDIT00012,seoul-Jungnang-gu,서울특별시,MEDIT00012,
코로나바이러스백신 접종비,부산광역시,강서구,25000,25000,25000,25000,,26,26,111,MEDIT00012,Busan-Gangseo-gu,부산광역시,MEDIT00012,
코로나바이러스백신 접종비,부산광역시,금정구,20000,22000,22600,25000,,26,26,112,MEDIT00012,Busan-Geumjeong-gu,부산광역시,MEDIT00012,
코로나바이러스백신 접종비,부산광역시,기장군,20000,25000,24417,25000,,26,26,113,MEDIT00012,Busan-Gijang-gun,부산광역시,MEDIT00012,
코로나바이러스백신 접종비,부산광역시,남구,18000,22500,22357,25000,,26,26,114,MEDIT00012,Busan-Nam-gu,부산광역시,MEDIT00012,
코로나바이러스백신 접종비,부산광역시,동구,25000,25000,25000,25000,,26,26,115,MEDIT00012,Busan-Dong-gu,부산광역시,MEDIT00012,
코로나바이러스백신 접종비,부산광역시,동래구,15000,25000,23621,25000,,26,26,116,MEDIT00012,Busan-Dongrae-gu,부산광역시,MEDIT00012,
코로나바이러스백신 접종비,부산광역시,부산진구,20000,25000,23800,25000,,26,26,117,MEDIT00012,Busan-Busanjin-gu,부산광역시,MEDIT00012,
코로나바이러스백신 접종비,부산광역시,북구,15000,25000,24053,25000,,26,26,118,MEDIT00012,Busan-Buk-gu,부산광역시,MEDIT00012,
코로나바이러스백신 접종비,부산광역시,사상구,25000,25000,25000,25000,,26,26,119,MEDIT00012,Busan-Sasang-gu,부산광역시,MEDIT00012,
코로나바이러스백신 접종비,부산광역시,사하구,20000,25000,24722,30000,,26,26,120,MEDIT00012,Busan-Saha-gu,부산광역시,MEDIT00012,
코로나바이러스백신 접종비,부산광역시,서구,20000,22000,22400,25000,,26,26,121,MEDIT00012,Busan-Seo-gu,부산광역시,MEDIT00012,
코로나바이러스백신 접종비,부산광역시,수영구,20000,22500,22500,25000,,26,26,122,MEDIT00012,Busan-Suyeong-gu,부산광역시,MEDIT00012,
코로나바이러스백신 접종비,부산광역시,연제구,20000,25000,24375,25000,,26,26,123,MEDIT00012,Busan-Yeonje-gu,부산광역시,MEDIT00012,
코로나바이러스백신 접종비,부산광역시,영도구,20000,20000,21250,25000,,26,26,124,MEDIT00012,Busan-Yeongdo-gu,부산광역시,MEDIT00012,
코로나바이러스백신 접종비,부산광역시,중구,20000,20000,20000,20000,,26,26,125,MEDIT00012,Busan-Jung-gu,부산광역시,MEDIT00012,
코로나바이러스백신 접종비,부산광역시,해운대구,20000,25000,24878,30000,,26,26,126,MEDIT00012,Busan-Haeundae-gu,부산광역시,MEDIT00012,
코로나바이러스백신 접종비,대구광역시,남구,20000,30000,28889,30000,,27,27,96,MEDIT00012,Daegu-Nam-gu,대구광역시,MEDIT00012,
코로나바이러스백신 접종비,대구광역시,달서구,20000,30000,29878,35000,,27,27,97,MEDIT00012,Daegu-Dalseo-gu,대구광역시,MEDIT00012,
코로나바이러스백신 접종비,대구광역시,달성군,25000,30000,29333,30000,,27,27,98,MEDIT00012,Daegu-Dal-Sung-gun,대구광역시,MEDIT00012,
코로나바이러스백신 접종비,대구광역시,동구,25000,30000,29474,30000,,27,27,99,MEDIT00012,Daegu-Dong-gu,대구광역시,MEDIT00012,
코로나바이러스백신 접종비,대구광역시,북구,20000,30000,27500,30000,,27,27,100,MEDIT00012,Daegu-Buk-gu,대구광역시,MEDIT00012,
코로나바이러스백신 접종비,대구광역시,서구,30000,30000,30000,30000,,27,27,101,MEDIT00012,Daegu-Seo-gu,대구광역시,MEDIT00012,
코로나바이러스백신 접종비,대구광역시,수성구,20000,30000,29342,30000,,27,27,102,MEDIT00012,Daegu-Suseong-gu,대구광역시,MEDIT00012,
코로나바이러스백신 접종비,대구광역시,중구,25000,30000,29364,30000,,27,27,103,MEDIT00012,Daegu-Jung-gu,대구광역시,MEDIT00012,
코로나바이러스백신 접종비,인천광역시,강화군,10000,15000,15833,25000,,28,28,162,MEDIT00012,Incheon-Ganghwa-gun,인천광역시,MEDIT00012,
코로나바이러스백신 접종비,인천광역시,계양구,20000,25000,24167,27500,,28,28,163,MEDIT00012,Incheon-Gyeyang-gu,인천광역시,MEDIT00012,
코로나바이러스백신 접종비,인천광역시,남동구,11000,25000,22361,30000,,28,28,164,MEDIT00012,Incheon-Namdong-gu,인천광역시,MEDIT00012,
코로나바이러스백신 접종비,인천광역시,동구,20000,25000,23333,25000,,28,28,165,MEDIT00012,Incheon-Dong-gu,인천광역시,MEDIT00012,
코로나바이러스백신 접종비,인천광역시,미추홀구,15000,25000,22652,30000,,28,28,166,MEDIT00012,Incheon-Michuhol-gu,인천광역시,MEDIT00012,
코로나바이러스백신 접종비,인천광역시,부평구,20000,25000,24485,25000,,28,28,167,MEDIT00012,Incheon-Bupyeong-gu,인천광역시,MEDIT00012,
코로나바이러스백신 접종비,인천광역시,서구,20000,25000,23256,30000,,28,28,168,MEDIT00012,Incheon-Seo-gu,인천광역시,MEDIT00012,
코로나바이러스백신 접종비,인천광역시,연수구,15000,25000,23445,30000,,28,28,169,MEDIT00012,Incheon-Yeonsu-gu,인천광역시,MEDIT00012,
코로나바이러스백신 접종비,인천광역시,중구,20000,25000,24500,25000,,28,28,170,MEDIT00012,Incheon-Jung-gu,인천광역시,MEDIT00012,
코로나바이러스백신 접종비,광주광역시,광산구,10000,20000,19667,30000,,29,29,89,MEDIT00012,Gwangju-Gwangsan-gu,광주광역시,MEDIT00012,
코로나바이러스백신 접종비,광주광역시,남구,20000,20000,21842,40000,,29,29,90,MEDIT00012,Gwangju-Nam-gu,광주광역시,MEDIT00012,
코로나바이러스백신 접종비,광주광역시,동구,18000,20000,22250,35000,,29,29,91,MEDIT00012,Gwangju-Dong-gu,광주광역시,MEDIT00012,
코로나바이러스백신 접종비,광주광역시,북구,15000,20000,20800,45000,,29,29,92,MEDIT00012,Gwangju-Buk-gu,광주광역시,MEDIT00012,
코로나바이러스백신 접종비,광주광역시,서구,15000,20000,21071,30000,,29,29,93,MEDIT00012,Gwangju-Seo-gu,광주광역시,MEDIT00012,
코로나바이러스백신 접종비,대전광역시,대덕구,15000,20000,20850,35000,,30,30,105,MEDIT00012,Daejeon-Daedeok-gu,대전광역시,MEDIT00012,
코로나바이러스백신 접종비,대전광역시,동구,15000,20000,18269,25000,,30,30,106,MEDIT00012,Daejeon-Dong-gu,대전광역시,MEDIT00012,
코로나바이러스백신 접종비,대전광역시,서구,10000,20000,20182,30000,,30,30,107,MEDIT00012,Daejeon-Seo-gu,대전광역시,MEDIT00012,
코로나바이러스백신 접종비,대전광역시,유성구,15000,25000,22538,35000,,30,30,108,MEDIT00012,Daejeon-Yuseong-gu,대전광역시,MEDIT00012,
코로나바이러스백신 접종비,대전광역시,중구,15000,20000,18813,25000,,30,30,109,MEDIT00012,Daejeon-Jung-gu,대전광역시,MEDIT00012,
코로나바이러스백신 접종비,울산광역시,남구,19000,20000,19913,20000,,31,31,156,MEDIT00012,Ulsan-Nam-gu,울산광역시,MEDIT00012,
코로나바이러스백신 접종비,울산광역시,동구,19000,20000,19667,20000,,31,31,157,MEDIT00012,Ulsan-Dong-gu,울산광역시,MEDIT00012,
코로나바이러스백신 접종비,울산광역시,북구,19000,20000,20222,23000,,31,31,158,MEDIT00012,Ulsan-Buk-gu,울산광역시,MEDIT00012,
코로나바이러스백신 접종비,울산광역시,울주군,20000,20000,20625,25000,,31,31,159,MEDIT00012,Ulsan-Ulju-gun,울산광역시,MEDIT00012,
코로나바이러스백신 접종비,울산광역시,중구,15000,20000,19250,22000,,31,31,160,MEDIT00012,Ulsan-Jung-gu,울산광역시,MEDIT00012,
코로나바이러스백신 접종비,세종특별자치시,세종특별자치시,15000,20000,18850,22000,,36,36,154,MEDIT00012,Sejong-Sejong-si,세종특별자치시,MEDIT00012,
코로나바이러스백신 접종비,경기도,가평군,10000,15000,13750,15000,,41,41,19,MEDIT00012,Gyeonggi-Gapyeong-gun,경기도,MEDIT00012,
코로나바이러스백신 접종비,경기도,고양시,15000,25000,22656,35000,,41,41,20,MEDIT00012,Gyeonggi-Goyang-si,경기도,MEDIT00012,
코로나바이러스백신 접종비,경기도,과천시,8000,20000,19750,30000,,41,41,21,MEDIT00012,Gyeonggi-Gwacheon,경기도,MEDIT00012,
코로나바이러스백신 접종비,경기도,광명시,20000,25000,23438,25000,,41,41,22,MEDIT00012,Gyeonggi-Gwangmyeong,경기도,MEDIT00012,
코로나바이러스백신 접종비,경기도,광주시,5000,22000,21393,27000,,41,41,23,MEDIT00012,Gyeonggi-Gwangju-si,경기도,MEDIT00012,
코로나바이러스백신 접종비,경기도,구리시,10000,20000,19167,25000,,41,41,24,MEDIT00012,Gyeonggi-Guri-si,경기도,MEDIT00012,
코로나바이러스백신 접종비,경기도,군포시,25000,25000,25000,25000,,41,41,25,MEDIT00012,Gyeonggi-Gunpo,경기도,MEDIT00012,
코로나바이러스백신 접종비,경기도,김포시,15000,25000,24171,35000,,41,41,26,MEDIT00012,Gyeonggi-Gimpo-si,경기도,MEDIT00012,
코로나바이러스백신 접종비,경기도,남양주시,13000,20000,20519,30000,,41,41,27,MEDIT00012,Gyeonggi-Namyangju-si,경기도,MEDIT00012,
코로나바이러스백신 접종비,경기도,동두천시,15000,15000,17143,20000,,41,41,28,MEDIT00012,Gyeonggi-Dongducheon-si,경기도,MEDIT00012,
코로나바이러스백신 접종비,경기도,부천시,20000,25000,24552,25000,,41,41,29,MEDIT00012,Gyeonggi-Bucheon,경기도,MEDIT00012,
코로나바이러스백신 접종비,경기도,성남시,10000,20000,19089,35000,,41,41,30,MEDIT00012,Gyeonggi-Seongnam,경기도,MEDIT00012,
코로나바이러스백신 접종비,경기도,수원시,12000,20000,19963,26300,,41,41,31,MEDIT00012,Gyeonggi-Suwon-si,경기도,MEDIT00012,
코로나바이러스백신 접종비,경기도,시흥시,20000,25000,24743,30000,,41,41,32,MEDIT00012,Gyeonggi-Siheung,경기도,MEDIT00012,
코로나바이러스백신 접종비,경기도,안산시,20000,25000,24712,30500,,41,41,33,MEDIT00012,Gyeonggi-Ansan,경기도,MEDIT00012,
코로나바이러스백신 접종비,경기도,안성시,15000,20000,19231,25000,,41,41,34,MEDIT00012,Gyeonggi-Anseong-si,경기도,MEDIT00012,
코로나바이러스백신 접종비,경기도,안양시,15000,20000,21571,30000,,41,41,35,MEDIT00012,Gyeonggi-Anyang,경기도,MEDIT00012,
코로나바이러스백신 접종비,경기도,양주시,20000,20000,20455,25000,,41,41,36,MEDIT00012,Gyeonggi-Yangju-si,경기도,MEDIT00012,
코로나바이러스백신 접종비,경기도,양평군,15000,20000,19000,20000,,41,41,37,MEDIT00012,Gyeonggi-Yangpyeong-gun,경기도,MEDIT00012,
코로나바이러스백신 접종비,경기도,여주시,15000,18000,17750,20000,,41,41,38,MEDIT00012,Gyeonggi-Yeoju-si,경기도,MEDIT00012,
코로나바이러스백신 접종비,경기도,오산시,20000,20000,20000,20000,,41,41,39,MEDIT00012,Gyeonggi-Osan-si,경기도,MEDIT00012,
코로나바이러스백신 접종비,경기도,용인시,15000,22000,21928,30000,,41,41,40,MEDIT00012,Gyeonggi-Yongin-si,경기도,MEDIT00012,
코로나바이러스백신 접종비,경기도,의왕시,10000,20000,18000,20000,,41,41,41,MEDIT00012,Gyeonggi-Uiwang,경기도,MEDIT00012,
코로나바이러스백신 접종비,경기도,의정부시,20000,25000,24355,25000,,41,41,42,MEDIT00012,Gyeonggi-Uijeongbu-si,경기도,MEDIT00012,
코로나바이러스백신 접종비,경기도,이천시,10000,12000,14000,20000,,41,41,43,MEDIT00012,Gyeonggi-Icheon-si,경기도,MEDIT00012,
코로나바이러스백신 접종비,경기도,파주시,10000,25000,23676,30000,,41,41,44,MEDIT00012,Gyeonggi-Paju-si,경기도,MEDIT00012,
코로나바이러스백신 접종비,경기도,평택시,15000,20000,19000,35000,,41,41,45,MEDIT00012,Gyeonggi-Pyeongtaek-si,경기도,MEDIT00012,
코로나바이러스백신 접종비,경기도,포천시,15000,15000,16000,20000,,41,41,46,MEDIT00012,Gyeonggi-Pocheon-si,경기도,MEDIT00012,
코로나바이러스백신 접종비,경기도,하남시,10000,20000,20781,40000,,41,41,47,MEDIT00012,Gyeonggi-Hanam-si,경기도,MEDIT00012,
코로나바이러스백신 접종비,경기도,화성시,10000,20000,19806,35000,,41,41,48,MEDIT00012,Gyeonggi-Hwaseong-si,경기도,MEDIT00012,
코로나바이러스백신 접종비,강원특별자치도,강릉시,15000,20000,20625,25000,,42,42,2,MEDIT00012,Gangwon-Gangneung-si,강원특별자치도,MEDIT00012,
코로나바이러스백신 접종비,강원특별자치도,고성군,15000,15000,15000,15000,,42,42,3,MEDIT00012,Gangwon-Gosung-gun,강원특별자치도,MEDIT00012,
코로나바이러스백신 접종비,강원특별자치도,동해시,15000,20000,18750,20000,,42,42,4,MEDIT00012,Gangwon-Donghae-si,강원특별자치도,MEDIT00012,
코로나바이러스백신 접종비,강원특별자치도,삼척시,15000,20000,18333,20000,,42,42,5,MEDIT00012,Gangwon-Samcheok-si,강원특별자치도,MEDIT00012,
코로나바이러스백신 접종비,강원특별자치도,속초시,10000,15000,14500,20000,,42,42,6,MEDIT00012,Gangwon-Sokcho-si,강원특별자치도,MEDIT00012,
코로나바이러스백신 접종비,강원특별자치도,양양군,15000,20000,19000,22000,,42,42,8,MEDIT00012,Gangwon-Yangyang-gun,강원특별자치도,MEDIT00012,
코로나바이러스백신 접종비,강원특별자치도,영월군,18000,19000,19000,20000,,42,42,9,MEDIT00012,Gangwon-Yeongwol-gun,강원특별자치도,MEDIT00012,
코로나바이러스백신 접종비,강원특별자치도,원주시,20000,20000,20000,20000,,42,42,10,MEDIT00012,Gangwon-Wonju-si,강원특별자치도,MEDIT00012,
코로나바이러스백신 접종비,강원특별자치도,인제군,20000,20000,20667,22000,,42,42,11,MEDIT00012,Gangwon-Inje-gun,강원특별자치도,MEDIT00012,
코로나바이러스백신 접종비,강원특별자치도,정선군,10000,15000,15000,20000,,42,42,12,MEDIT00012,Gangwon-Jeongseon-gun,강원특별자치도,MEDIT00012,
코로나바이러스백신 접종비,강원특별자치도,춘천시,15000,20000,21222,29000,,42,42,13,MEDIT00012,Gangwon-Chuncheon-si,강원특별자치도,MEDIT00012,
코로나바이러스백신 접종비,강원특별자치도,태백시,20000,20000,20000,20000,,42,42,14,MEDIT00012,Gangwon-Taebaek-si,강원특별자치도,MEDIT00012,
코로나바이러스백신 접종비,강원특별자치도,홍천군,15000,20000,19000,20000,,42,42,15,MEDIT00012,Gangwon-Hongcheon-gun,강원특별자치도,MEDIT00012,
코로나바이러스백신 접종비,강원특별자치도,화천군,15000,15000,15000,15000,,42,42,16,MEDIT00012,Gangwon-Hwacheon-gun,강원특별자치도,MEDIT00012,
코로나바이러스백신 접종비,강원특별자치도,횡성군,20000,20000,20000,20000,,42,42,17,MEDIT00012,Gangwon-Hoengseong-gun,강원특별자치도,MEDIT00012,
코로나바이러스백신 접종비,충청북도,괴산군,20000,20000,20000,20000,,43,43,223,MEDIT00012,Chungbuk-Goesan-gun,충청북도,MEDIT00012,
코로나바이러스백신 접종비,충청북도,영동군,15000,20000,18333,20000,,43,43,226,MEDIT00012,Chungbuk-Yeongdong-gun,충청북도,MEDIT00012,
코로나바이러스백신 접종비,충청북도,옥천군,20000,20000,20000,20000,,43,43,227,MEDIT00012,Chungbuk-Okcheon-gun,충청북도,MEDIT00012,
코로나바이러스백신 접종비,충청북도,음성군,10000,15000,15000,20000,,43,43,228,MEDIT00012,Chungbuk-Eumseong-gun,충청북도,MEDIT00012,
코로나바이러스백신 접종비,충청북도,제천시,15000,20000,20833,25000,,43,43,229,MEDIT00012,Chungbuk-Jecheon-si,충청북도,MEDIT00012,
코로나바이러스백신 접종비,충청북도,증평군,18000,18000,18667,20000,,43,43,230,MEDIT00012,Chungbuk-Jeungpyeong-gun,충청북도,MEDIT00012,
코로나바이러스백신 접종비,충청북도,진천군,15000,15000,16000,20000,,43,43,231,MEDIT00012,Chungbuk-Jincheon-gun,충청북도,MEDIT00012,
코로나바이러스백신 접종비,충청북도,청주시,14000,20000,19239,25000,,43,43,232,MEDIT00012,Chungbuk-Cheongju-si,충청북도,MEDIT00012,
코로나바이러스백신 접종비,충청북도,충주시,20000,20000,20556,25000,,43,43,233,MEDIT00012,Chungbuk-Chungju-si,충청북도,MEDIT00012,
코로나바이러스백신 접종비,충청북도,보은군,20000,20000,20000,20000,,43,43,225,MEDIT00012,Chungbuk-Boeun-gun,충청북도,MEDIT00012,
코로나바이러스백신 접종비,충청남도,계룡시,12000,12000,13000,15000,,44,44,207,MEDIT00012,Chungnam-Gyeryong-si,충청남도,MEDIT00012,
코로나바이러스백신 접종비,충청남도,공주시,20000,25000,23750,25000,,44,44,208,MEDIT00012,Chungnam-Gongju-si,충청남도,MEDIT00012,
코로나바이러스백신 접종비,충청남도,금산군,15000,15000,18333,25000,,44,44,209,MEDIT00012,Chungnam-Geumsan-gun,충청남도,MEDIT00012,
코로나바이러스백신 접종비,충청남도,논산시,19900,21250,21850,25000,,44,44,210,MEDIT00012,Chungnam-Nonsan-si,충청남도,MEDIT00012,
코로나바이러스백신 접종비,충청남도,당진시,15000,20000,20000,25000,,44,44,211,MEDIT00012,Chungnam-Dangjin-si,충청남도,MEDIT00012,
코로나바이러스백신 접종비,충청남도,보령시,20000,20000,20000,20000,,44,44,212,MEDIT00012,Chungnam-Boryeong-si,충청남도,MEDIT00012,
코로나바이러스백신 접종비,충청남도,부여군,15000,17500,17500,20000,,44,44,213,MEDIT00012,Chungnam-Buyeo-gun,충청남도,MEDIT00012,
코로나바이러스백신 접종비,충청남도,서산시,20000,20000,20000,20000,,44,44,214,MEDIT00012,Chungnam-Seosan-si,충청남도,MEDIT00012,
코로나바이러스백신 접종비,충청남도,서천군,10000,12500,12500,15000,,44,44,215,MEDIT00012,Chungnam-Seocheon-gun,충청남도,MEDIT00012,
코로나바이러스백신 접종비,충청남도,아산시,20000,22500,22500,25000,,44,44,216,MEDIT00012,Chungnam-Asan-si,충청남도,MEDIT00012,
코로나바이러스백신 접종비,충청남도,예산군,20000,20000,20000,20000,,44,44,217,MEDIT00012,Chungnam-Yesan-gun,충청남도,MEDIT00012,
코로나바이러스백신 접종비,충청남도,천안시,15000,25000,24140,40000,,44,44,218,MEDIT00012,Chungnam-Cheonan-si,충청남도,MEDIT00012,
코로나바이러스백신 접종비,충청남도,태안군,10000,15000,15000,20000,,44,44,220,MEDIT00012,Chungnam-Taean-gu,충청남도,MEDIT00012,
코로나바이러스백신 접종비,충청남도,홍성군,15000,20000,19571,22000,,44,44,221,MEDIT00012,Chungnam-Hongseong-gun,충청남도,MEDIT00012,
코로나바이러스백신 접종비,전북특별자치도,고창군,20000,20000,21667,25000,,45,45,191,MEDIT00012,Jeonbuk-Gochang-gun,전북특별자치도,MEDIT00012,
코로나바이러스백신 접종비,전북특별자치도,군산시,10000,20000,18214,25000,,45,45,192,MEDIT00012,Jeonbuk-Gunsan-si,전북특별자치도,MEDIT00012,
코로나바이러스백신 접종비,전북특별자치도,김제시,15000,15000,17000,20000,,45,45,193,MEDIT00012,Jeonbuk-Gimje-si,전북특별자치도,MEDIT00012,
코로나바이러스백신 접종비,전북특별자치도,남원시,20000,25000,24000,25000,,45,45,194,MEDIT00012,Jeonbuk-Namwon-si,전북특별자치도,MEDIT00012,
코로나바이러스백신 접종비,전북특별자치도,부안군,18000,20000,19333,20000,,45,45,196,MEDIT00012,Jeonbuk-Buan-gun,전북특별자치도,MEDIT00012,
코로나바이러스백신 접종비,전북특별자치도,순창군,10000,20000,16667,20000,,45,45,197,MEDIT00012,Jeonbuk-Sunchang-gun,전북특별자치도,MEDIT00012,
코로나바이러스백신 접종비,전북특별자치도,완주군,15000,15000,18000,25000,,45,45,198,MEDIT00012,Jeonbuk-Wanju-gun,전북특별자치도,MEDIT00012,
코로나바이러스백신 접종비,전북특별자치도,익산시,12000,20000,20000,25000,,45,45,199,MEDIT00012,Jeonbuk-Iksan-si,전북특별자치도,MEDIT00012,
코로나바이러스백신 접종비,전북특별자치도,전주시,15000,25000,23409,30000,,45,45,201,MEDIT00012,Jeonbuk-Jeonju-si,전북특별자치도,MEDIT00012,
코로나바이러스백신 접종비,전북특별자치도,정읍시,15000,20000,19800,22000,,45,45,202,MEDIT00012,Jeonbuk-Jeongeup-si,전북특별자치도,MEDIT00012,
코로나바이러스백신 접종비,전라남도,고흥군,20000,21000,21000,22000,,46,46,172,MEDIT00012,Jeonnam-Goheung-gun,전라남도,MEDIT00012,
코로나바이러스백신 접종비,전라남도,곡성군,10000,10000,10000,10000,,46,46,173,MEDIT00012,Jeonnam-Gokseong-gun,전라남도,MEDIT00012,
코로나바이러스백신 접종비,전라남도,광양시,15000,20000,20500,25000,,46,46,174,MEDIT00012,Jeonnam-Gwangyang-si,전라남도,MEDIT00012,
코로나바이러스백신 접종비,전라남도,구례군,10000,10000,13333,20000,,46,46,175,MEDIT00012,Jeonnam-Gurye-gun,전라남도,MEDIT00012,
코로나바이러스백신 접종비,전라남도,나주시,14000,17500,21500,35000,,46,46,176,MEDIT00012,Jeonnam-Naju-si,전라남도,MEDIT00012,
코로나바이러스백신 접종비,전라남도,담양군,15000,15000,15000,15000,,46,46,177,MEDIT00012,Jeonnam-Damyang-gun,전라남도,MEDIT00012,
코로나바이러스백신 접종비,전라남도,목포시,15000,15000,15000,15000,,46,46,178,MEDIT00012,Jeonnam-Mokpo-si,전라남도,MEDIT00012,
코로나바이러스백신 접종비,전라남도,무안군,15000,15000,15000,15000,,46,46,179,MEDIT00012,Jeonnam-Muan-gun,전라남도,MEDIT00012,
코로나바이러스백신 접종비,전라남도,순천시,19500,23000,22967,30000,,46,46,180,MEDIT00012,Jeonnam-Suncheon-si,전라남도,MEDIT00012,
코로나바이러스백신 접종비,전라남도,여수시,15000,15000,16875,25000,,46,46,181,MEDIT00012,Jeonnam-Yeosu-si,전라남도,MEDIT00012,
코로나바이러스백신 접종비,전라남도,영광군,15000,15000,15000,15000,,46,46,182,MEDIT00012,Jeonnam-Yeonggwang-gun,전라남도,MEDIT00012,
코로나바이러스백신 접종비,전라남도,장흥군,16000,16000,16000,16000,,46,46,186,MEDIT00012,Jeonnam-Jangheung-gun,전라남도,MEDIT00012,
코로나바이러스백신 접종비,전라남도,해남군,10000,17500,16250,20000,,46,46,188,MEDIT00012,Jeonnam-Haenam-gun,전라남도,MEDIT00012,
코로나바이러스백신 접종비,전라남도,화순군,10000,12500,13750,20000,,46,46,189,MEDIT00012,Jeonnam-Hwasun-gun,전라남도,MEDIT00012,
코로나바이러스백신 접종비,경상북도,경산시,10000,20000,20313,25000,,47,47,69,MEDIT00012,Gyeongbuk-Gyeongsan-si,경상북도,MEDIT00012,
코로나바이러스백신 접종비,경상북도,경주시,15000,20000,19091,20000,,47,47,70,MEDIT00012,Gyeongbuk-Gyeongju-si,경상북도,MEDIT00012,
코로나바이러스백신 접종비,경상북도,구미시,20000,25000,24808,25000,,47,47,72,MEDIT00012,Gyeongbuk-Gumi-si,경상북도,MEDIT00012,
코로나바이러스백신 접종비,경상북도,김천시,15000,15000,15833,20000,,47,47,73,MEDIT00012,Gyeongbuk-Gimcheon-si,경상북도,MEDIT00012,
코로나바이러스백신 접종비,경상북도,문경시,25000,25000,25000,25000,,47,47,74,MEDIT00012,Gyeongbuk-Mungyeong-si,경상북도,MEDIT00012,
코로나바이러스백신 접종비,경상북도,상주시,15000,15000,16250,20000,,47,47,75,MEDIT00012,Gyeongbuk-Sangju-si,경상북도,MEDIT00012,
코로나바이러스백신 접종비,경상북도,성주군,20000,20000,23333,30000,,47,47,76,MEDIT00012,Gyeongbuk-Seongju-gun,경상북도,MEDIT00012,
코로나바이러스백신 접종비,경상북도,안동시,20000,20000,20833,25000,,47,47,77,MEDIT00012,Gyeongbuk-Andong-si,경상북도,MEDIT00012,
코로나바이러스백신 접종비,경상북도,영덕군,20000,22500,22500,25000,,47,47,78,MEDIT00012,Gyeongbuk-Yeongdeok-gun,경상북도,MEDIT00012,
코로나바이러스백신 접종비,경상북도,영주시,15000,15000,17400,25000,,47,47,79,MEDIT00012,Gyeongbuk-Yeongju-si,경상북도,MEDIT00012,
코로나바이러스백신 접종비,경상북도,영천시,15000,17500,17500,20000,,47,47,80,MEDIT00012,Gyeongbuk-Yeongcheon-si,경상북도,MEDIT00012,
코로나바이러스백신 접종비,경상북도,예천군,15000,17500,17500,20000,,47,47,81,MEDIT00012,Gyeongbuk-Yecheon-gun,경상북도,MEDIT00012,
코로나바이러스백신 접종비,경상북도,청도군,25000,25000,25000,25000,,47,47,84,MEDIT00012,Gyeongbuk-Cheongdo-gun,경상북도,MEDIT00012,
코로나바이러스백신 접종비,경상북도,칠곡군,25000,25000,25000,25000,,47,47,86,MEDIT00012,Gyeongbuk-Chilgok-gun,경상북도,MEDIT00012,
코로나바이러스백신 접종비,경상북도,포항시,12000,15000,17783,30000,,47,47,87,MEDIT00012,Gyeongbuk-Pohang-si,경상북도,MEDIT00012,
코로나바이러스백신 접종비,경상남도,거제시,20000,20000,20000,20000,,48,48,50,MEDIT00012,Gyeongnam-Geoje-si,경상남도,MEDIT00012,
코로나바이러스백신 접종비,경상남도,거창군,10000,15000,14000,17000,,48,48,51,MEDIT00012,Gyeongnam-Geochang-gun,경상남도,MEDIT00012,
코로나바이러스백신 접종비,경상남도,고성군,15000,17500,17500,20000,,48,48,52,MEDIT00012,Gyeongnam-Goseong-gun,경상남도,MEDIT00012,
코로나바이러스백신 접종비,경상남도,김해시,20000,30000,29189,30000,,48,48,53,MEDIT00012,Gyeongnam-Gimhae-si,경상남도,MEDIT00012,
코로나바이러스백신 접종비,경상남도,남해군,15000,17500,17500,20000,,48,48,54,MEDIT00012,Gyeongnam-Namhae-gun,경상남도,MEDIT00012,
코로나바이러스백신 접종비,경상남도,밀양시,15000,20000,19167,20000,,48,48,55,MEDIT00012,Gyeongnam-Miryang-si,경상남도,MEDIT00012,
코로나바이러스백신 접종비,경상남도,사천시,20000,20000,20625,25000,,48,48,56,MEDIT00012,Gyeongnam-Sacheon-si,경상남도,MEDIT00012,
코로나바이러스백신 접종비,경상남도,산청군,10000,15000,15000,20000,,48,48,57,MEDIT00012,Gyeongnam-Sancheong-gun,경상남도,MEDIT00012,
코로나바이러스백신 접종비,경상남도,양산시,20000,25000,25136,30000,,48,48,58,MEDIT00012,Gyeongnam-Yangsan-si,경상남도,MEDIT00012,
코로나바이러스백신 접종비,경상남도,진주시,15000,20000,18958,20000,,48,48,60,MEDIT00012,Gyeongnam-Jinju-si,경상남도,MEDIT00012,
코로나바이러스백신 접종비,경상남도,창녕군,30000,30000,30000,30000,,48,48,61,MEDIT00012,Gyeongnam-Changnyeong-gun,경상남도,MEDIT00012,
코로나바이러스백신 접종비,경상남도,창원시,25000,30000,30121,38000,,48,48,62,MEDIT00012,Gyeongnam-Changwon-si,경상남도,MEDIT00012,
코로나바이러스백신 접종비,경상남도,통영시,15000,20000,20000,25000,,48,48,63,MEDIT00012,Gyeongnam-Tongyeong-si,경상남도,MEDIT00012,
코로나바이러스백신 접종비,경상남도,하동군,17000,18500,18500,20000,,48,48,64,MEDIT00012,Gyeongnam-Hadong-gun,경상남도,MEDIT00012,
코로나바이러스백신 접종비,경상남도,함안군,15000,15000,15000,15000,,48,48,65,MEDIT00012,Gyeongnam-Haman-gun,경상남도,MEDIT00012,
코로나바이러스백신 접종비,경상남도,합천군,20000,20000,20000,20000,,48,48,67,MEDIT00012,Gyeongnam-Hapcheon-gu,경상남도,MEDIT00012,
코로나바이러스백신 접종비,제주특별자치도,서귀포시,15000,20000,18333,20000,,50,50,204,MEDIT00012,Jeju-Seogwipo,제주특별자치도,MEDIT00012,
코로나바이러스백신 접종비,제주특별자치도,제주시,10000,20000,19674,30000,,50,50,205,MEDIT00012,Jeju-Jeju-si,제주특별자치도,MEDIT00012,
인플루엔자백신 접종비,서울특별시,강남구,25000,35000,35433,45000,,11,11,128,MEDIT00009,seoul-Gangnam-gu,서울특별시,MEDIT00009,
인플루엔자백신 접종비,서울특별시,강동구,23000,35000,34018,40000,,11,11,129,MEDIT00009,seoul-Gangdong-gu,서울특별시,MEDIT00009,
인플루엔자백신 접종비,서울특별시,강북구,30000,40000,37588,45000,,11,11,130,MEDIT00009,seoul-Gangbuk-gu,서울특별시,MEDIT00009,
인플루엔자백신 접종비,서울특별시,강서구,20000,35000,33646,45000,,11,11,131,MEDIT00009,seoul-Gangseo-gu,서울특별시,MEDIT00009,
인플루엔자백신 접종비,서울특별시,관악구,25000,35000,33125,40000,,11,11,132,MEDIT00009,seoul-Gwanak-gu,서울특별시,MEDIT00009,
인플루엔자백신 접종비,서울특별시,광진구,20000,40000,36774,50000,,11,11,133,MEDIT00009,seoul-Gwangjin-gu,서울특별시,MEDIT00009,
인플루엔자백신 접종비,서울특별시,구로구,30000,35000,34815,45000,,11,11,134,MEDIT00009,seoul-Guro-gu,서울특별시,MEDIT00009,
인플루엔자백신 접종비,서울특별시,금천구,35000,40000,39375,40000,,11,11,135,MEDIT00009,seoul-Geumcheon-gu,서울특별시,MEDIT00009,
인플루엔자백신 접종비,서울특별시,노원구,30000,40000,38659,45000,,11,11,136,MEDIT00009,seoul-Nowon-gu,서울특별시,MEDIT00009,
인플루엔자백신 접종비,서울특별시,도봉구,28000,40000,36440,40000,,11,11,137,MEDIT00009,seoul-Dobong-gu,서울특별시,MEDIT00009,
인플루엔자백신 접종비,서울특별시,동대문구,30000,40000,38548,45000,,11,11,138,MEDIT00009,seoul-Dongdaemun-gu,서울특별시,MEDIT00009,
인플루엔자백신 접종비,서울특별시,동작구,30000,40000,37500,40000,,11,11,139,MEDIT00009,seoul-Dongjak-gu,서울특별시,MEDIT00009,
인플루엔자백신 접종비,서울특별시,마포구,30000,37500,37237,45000,,11,11,140,MEDIT00009,seoul-Mapo-gu,서울특별시,MEDIT00009,
인플루엔자백신 접종비,서울특별시,서대문구,30000,40000,38696,50000,,11,11,141,MEDIT00009,seoul-Seodaemun-gu,서울특별시,MEDIT00009,
인플루엔자백신 접종비,서울특별시,서초구,21000,38000,36735,45000,,11,11,142,MEDIT00009,seoul-Seocho-gu,서울특별시,MEDIT00009,
인플루엔자백신 접종비,서울특별시,성동구,30000,35000,35870,40000,,11,11,143,MEDIT00009,seoul-Seongdong-gu,서울특별시,MEDIT00009,
인플루엔자백신 접종비,서울특별시,성북구,25000,35000,35939,40000,,11,11,144,MEDIT00009,seoul-Seongbuk-gu,서울특별시,MEDIT00009,
인플루엔자백신 접종비,서울특별시,송파구,20000,35000,35000,45000,,11,11,145,MEDIT00009,seoul-Songpa-gu,서울특별시,MEDIT00009,
인플루엔자백신 접종비,서울특별시,양천구,20000,34000,34136,50000,,11,11,146,MEDIT00009,seoul-Yangcheon-gu,서울특별시,MEDIT00009,
인플루엔자백신 접종비,서울특별시,영등포구,30000,40000,37765,45000,,11,11,147,MEDIT00009,seoul-Yeongdeungpo-gu,서울특별시,MEDIT00009,
인플루엔자백신 접종비,서울특별시,용산구,25000,40000,38478,45000,,11,11,148,MEDIT00009,seoul-Yongsan-gu,서울특별시,MEDIT00009,
인플루엔자백신 접종비,서울특별시,은평구,25000,40000,37569,40000,,11,11,149,MEDIT00009,seoul-Eunpyeong-gu,서울특별시,MEDIT00009,
인플루엔자백신 접종비,서울특별시,종로구,35000,40000,38636,45000,,11,11,150,MEDIT00009,seoul-Jongno-gu,서울특별시,MEDIT00009,
인플루엔자백신 접종비,서울특별시,중구,15000,35000,31923,40000,,11,11,151,MEDIT00009,seoul-jung-gu,서울특별시,MEDIT00009,
인플루엔자백신 접종비,서울특별시,중랑구,30000,40000,37769,40000,,11,11,152,MEDIT00009,seoul-Jungnang-gu,서울특별시,MEDIT00009,
인플루엔자백신 접종비,부산광역시,강서구,35000,40000,39091,40000,,26,26,111,MEDIT00009,Busan-Gangseo-gu,부산광역시,MEDIT00009,
인플루엔자백신 접종비,부산광역시,금정구,30000,30000,32533,40000,,26,26,112,MEDIT00009,Busan-Geumjeong-gu,부산광역시,MEDIT00009,
인플루엔자백신 접종비,부산광역시,기장군,35000,35000,35500,40000,,26,26,113,MEDIT00009,Busan-Gijang-gun,부산광역시,MEDIT00009,
인플루엔자백신 접종비,부산광역시,남구,20000,30000,32000,40000,,26,26,114,MEDIT00009,Busan-Nam-gu,부산광역시,MEDIT00009,
인플루엔자백신 접종비,부산광역시,동구,30000,30000,32000,35000,,26,26,115,MEDIT00009,Busan-Dong-gu,부산광역시,MEDIT00009,
인플루엔자백신 접종비,부산광역시,동래구,30000,32500,33036,40000,,26,26,116,MEDIT00009,Busan-Dongrae-gu,부산광역시,MEDIT00009,
인플루엔자백신 접종비,부산광역시,부산진구,25000,35000,33893,45000,,26,26,117,MEDIT00009,Busan-Busanjin-gu,부산광역시,MEDIT00009,
인플루엔자백신 접종비,부산광역시,북구,25000,35000,32316,40000,,26,26,118,MEDIT00009,Busan-Buk-gu,부산광역시,MEDIT00009,
인플루엔자백신 접종비,부산광역시,사상구,30000,35000,33636,35000,,26,26,119,MEDIT00009,Busan-Sasang-gu,부산광역시,MEDIT00009,
인플루엔자백신 접종비,부산광역시,사하구,30000,40000,37778,40000,,26,26,120,MEDIT00009,Busan-Saha-gu,부산광역시,MEDIT00009,
인플루엔자백신 접종비,부산광역시,서구,30000,30000,31000,35000,,26,26,121,MEDIT00009,Busan-Seo-gu,부산광역시,MEDIT00009,
인플루엔자백신 접종비,부산광역시,수영구,25000,30000,31000,35000,,26,26,122,MEDIT00009,Busan-Suyeong-gu,부산광역시,MEDIT00009,
인플루엔자백신 접종비,부산광역시,연제구,30000,30000,32667,40000,,26,26,123,MEDIT00009,Busan-Yeonje-gu,부산광역시,MEDIT00009,
인플루엔자백신 접종비,부산광역시,영도구,30000,32500,33750,40000,,26,26,124,MEDIT00009,Busan-Yeongdo-gu,부산광역시,MEDIT00009,
인플루엔자백신 접종비,부산광역시,중구,20000,30000,26667,30000,,26,26,125,MEDIT00009,Busan-Jung-gu,부산광역시,MEDIT00009,
인플루엔자백신 접종비,부산광역시,해운대구,25000,35000,35000,45000,,26,26,126,MEDIT00009,Busan-Haeundae-gu,부산광역시,MEDIT00009,
인플루엔자백신 접종비,대구광역시,남구,30000,40000,38125,40000,,27,27,96,MEDIT00009,Daegu-Nam-gu,대구광역시,MEDIT00009,
인플루엔자백신 접종비,대구광역시,달서구,30000,40000,38750,40000,,27,27,97,MEDIT00009,Daegu-Dalseo-gu,대구광역시,MEDIT00009,
인플루엔자백신 접종비,대구광역시,달성군,30000,40000,39333,40000,,27,27,98,MEDIT00009,Daegu-Dal-Sung-gun,대구광역시,MEDIT00009,
인플루엔자백신 접종비,대구광역시,동구,25000,40000,37632,45000,,27,27,99,MEDIT00009,Daegu-Dong-gu,대구광역시,MEDIT00009,
인플루엔자백신 접종비,대구광역시,북구,25000,40000,38148,45000,,27,27,100,MEDIT00009,Daegu-Buk-gu,대구광역시,MEDIT00009,
인플루엔자백신 접종비,대구광역시,서구,40000,40000,40000,40000,,27,27,101,MEDIT00009,Daegu-Seo-gu,대구광역시,MEDIT00009,
인플루엔자백신 접종비,대구광역시,수성구,30000,40000,38514,40000,,27,27,102,MEDIT00009,Daegu-Suseong-gu,대구광역시,MEDIT00009,
인플루엔자백신 접종비,대구광역시,중구,28000,40000,37091,45000,,27,27,103,MEDIT00009,Daegu-Jung-gu,대구광역시,MEDIT00009,
인플루엔자백신 접종비,인천광역시,강화군,25000,30000,29167,35000,,28,28,162,MEDIT00009,Incheon-Ganghwa-gun,인천광역시,MEDIT00009,
인플루엔자백신 접종비,인천광역시,계양구,25000,40000,38600,45000,,28,28,163,MEDIT00009,Incheon-Gyeyang-gu,인천광역시,MEDIT00009,
인플루엔자백신 접종비,인천광역시,남동구,22000,40000,36686,45000,,28,28,164,MEDIT00009,Incheon-Namdong-gu,인천광역시,MEDIT00009,
인플루엔자백신 접종비,인천광역시,동구,35000,35000,36667,40000,,28,28,165,MEDIT00009,Incheon-Dong-gu,인천광역시,MEDIT00009,
인플루엔자백신 접종비,인천광역시,미추홀구,25000,40000,37087,45000,,28,28,166,MEDIT00009,Incheon-Michuhol-gu,인천광역시,MEDIT00009,
인플루엔자백신 접종비,인천광역시,부평구,20000,40000,38061,45000,,28,28,167,MEDIT00009,Incheon-Bupyeong-gu,인천광역시,MEDIT00009,
인플루엔자백신 접종비,인천광역시,서구,25000,40000,37341,45000,,28,28,168,MEDIT00009,Incheon-Seo-gu,인천광역시,MEDIT00009,
인플루엔자백신 접종비,인천광역시,연수구,19800,40000,36820,40000,,28,28,169,MEDIT00009,Incheon-Yeonsu-gu,인천광역시,MEDIT00009,
인플루엔자백신 접종비,인천광역시,중구,40000,40000,40000,40000,,28,28,170,MEDIT00009,Incheon-Jung-gu,인천광역시,MEDIT00009,
인플루엔자백신 접종비,광주광역시,광산구,30000,35000,34107,35000,,29,29,89,MEDIT00009,Gwangju-Gwangsan-gu,광주광역시,MEDIT00009,
인플루엔자백신 접종비,광주광역시,남구,25000,35000,35000,45000,,29,29,90,MEDIT00009,Gwangju-Nam-gu,광주광역시,MEDIT00009,
인플루엔자백신 접종비,광주광역시,동구,30000,35000,37857,55000,,29,29,91,MEDIT00009,Gwangju-Dong-gu,광주광역시,MEDIT00009,
인플루엔자백신 접종비,광주광역시,북구,30000,35000,35120,50000,,29,29,92,MEDIT00009,Gwangju-Buk-gu,광주광역시,MEDIT00009,
인플루엔자백신 접종비,광주광역시,서구,30000,35000,36207,60000,,29,29,93,MEDIT00009,Gwangju-Seo-gu,광주광역시,MEDIT00009,
인플루엔자백신 접종비,대전광역시,대덕구,25000,30000,31500,35000,,30,30,105,MEDIT00009,Daejeon-Daedeok-gu,대전광역시,MEDIT00009,
인플루엔자백신 접종비,대전광역시,동구,15000,35000,33077,45000,,30,30,106,MEDIT00009,Daejeon-Dong-gu,대전광역시,MEDIT00009,
인플루엔자백신 접종비,대전광역시,서구,20000,35000,34939,45000,,30,30,107,MEDIT00009,Daejeon-Seo-gu,대전광역시,MEDIT00009,
인플루엔자백신 접종비,대전광역시,유성구,20000,38000,36120,45000,,30,30,108,MEDIT00009,Daejeon-Yuseong-gu,대전광역시,MEDIT00009,
인플루엔자백신 접종비,대전광역시,중구,30000,35000,33313,40000,,30,30,109,MEDIT00009,Daejeon-Jung-gu,대전광역시,MEDIT00009,
인플루엔자백신 접종비,울산광역시,남구,30000,35000,34435,38000,,31,31,156,MEDIT00009,Ulsan-Nam-gu,울산광역시,MEDIT00009,
인플루엔자백신 접종비,울산광역시,동구,30000,33000,32333,35000,,31,31,157,MEDIT00009,Ulsan-Dong-gu,울산광역시,MEDIT00009,
인플루엔자백신 접종비,울산광역시,북구,30000,35000,33875,35000,,31,31,158,MEDIT00009,Ulsan-Buk-gu,울산광역시,MEDIT00009,
인플루엔자백신 접종비,울산광역시,울주군,33000,35000,35000,38000,,31,31,159,MEDIT00009,Ulsan-Ulju-gun,울산광역시,MEDIT00009,
인플루엔자백신 접종비,울산광역시,중구,30000,35000,34667,38000,,31,31,160,MEDIT00009,Ulsan-Jung-gu,울산광역시,MEDIT00009,
인플루엔자백신 접종비,세종특별자치시,세종특별자치시,20000,35000,32474,37000,,36,36,154,MEDIT00009,Sejong-Sejong-si,세종특별자치시,MEDIT00009,
인플루엔자백신 접종비,경기도,가평군,25000,30000,31250,40000,,41,41,19,MEDIT00009,Gyeonggi-Gapyeong-gun,경기도,MEDIT00009,
인플루엔자백신 접종비,경기도,고양시,20000,35000,33733,45000,,41,41,20,MEDIT00009,Gyeonggi-Goyang-si,경기도,MEDIT00009,
인플루엔자백신 접종비,경기도,과천시,8000,35000,32571,45000,,41,41,21,MEDIT00009,Gyeonggi-Gwacheon,경기도,MEDIT00009,
인플루엔자백신 접종비,경기도,광명시,30000,40000,37188,45000,,41,41,22,MEDIT00009,Gyeonggi-Gwangmyeong,경기도,MEDIT00009,
인플루엔자백신 접종비,경기도,광주시,10000,40000,37519,45000,,41,41,23,MEDIT00009,Gyeonggi-Gwangju-si,경기도,MEDIT00009,
인플루엔자백신 접종비,경기도,구리시,20000,35000,33235,40000,,41,41,24,MEDIT00009,Gyeonggi-Guri-si,경기도,MEDIT00009,
인플루엔자백신 접종비,경기도,군포시,35000,40000,39583,40000,,41,41,25,MEDIT00009,Gyeonggi-Gunpo,경기도,MEDIT00009,
인플루엔자백신 접종비,경기도,김포시,25000,35000,34925,40000,,41,41,26,MEDIT00009,Gyeonggi-Gimpo-si,경기도,MEDIT00009,
인플루엔자백신 접종비,경기도,남양주시,15000,30750,32269,45000,,41,41,27,MEDIT00009,Gyeonggi-Namyangju-si,경기도,MEDIT00009,
인플루엔자백신 접종비,경기도,동두천시,15000,30000,30714,40000,,41,41,28,MEDIT00009,Gyeonggi-Dongducheon-si,경기도,MEDIT00009,
인플루엔자백신 접종비,경기도,부천시,25000,40000,39061,45000,,41,41,29,MEDIT00009,Gyeonggi-Bucheon,경기도,MEDIT00009,
인플루엔자백신 접종비,경기도,성남시,10000,35000,33332,45000,,41,41,30,MEDIT00009,Gyeonggi-Seongnam,경기도,MEDIT00009,
인플루엔자백신 접종비,경기도,수원시,22000,35000,33960,45000,,41,41,31,MEDIT00009,Gyeonggi-Suwon-si,경기도,MEDIT00009,
인플루엔자백신 접종비,경기도,시흥시,25000,40000,38676,40000,,41,41,32,MEDIT00009,Gyeonggi-Siheung,경기도,MEDIT00009,
인플루엔자백신 접종비,경기도,안산시,20000,40000,39258,45500,,41,41,33,MEDIT00009,Gyeonggi-Ansan,경기도,MEDIT00009,
인플루엔자백신 접종비,경기도,안성시,30000,35000,32692,35000,,41,41,34,MEDIT00009,Gyeonggi-Anseong-si,경기도,MEDIT00009,
인플루엔자백신 접종비,경기도,안양시,30000,34000,33915,45000,,41,41,35,MEDIT00009,Gyeonggi-Anyang,경기도,MEDIT00009,
인플루엔자백신 접종비,경기도,양주시,30000,35000,34500,40000,,41,41,36,MEDIT00009,Gyeonggi-Yangju-si,경기도,MEDIT00009,
인플루엔자백신 접종비,경기도,양평군,28000,30000,30375,35000,,41,41,37,MEDIT00009,Gyeonggi-Yangpyeong-gun,경기도,MEDIT00009,
인플루엔자백신 접종비,경기도,여주시,25000,29900,29967,35000,,41,41,38,MEDIT00009,Gyeonggi-Yeoju-si,경기도,MEDIT00009,
인플루엔자백신 접종비,경기도,오산시,20000,30000,31765,35000,,41,41,39,MEDIT00009,Gyeonggi-Osan-si,경기도,MEDIT00009,
인플루엔자백신 접종비,경기도,용인시,15000,35000,33388,40000,,41,41,40,MEDIT00009,Gyeonggi-Yongin-si,경기도,MEDIT00009,
인플루엔자백신 접종비,경기도,의왕시,15000,35000,32300,35000,,41,41,41,MEDIT00009,Gyeonggi-Uiwang,경기도,MEDIT00009,
인플루엔자백신 접종비,경기도,의정부시,35000,40000,38667,40000,,41,41,42,MEDIT00009,Gyeonggi-Uijeongbu-si,경기도,MEDIT00009,
인플루엔자백신 접종비,경기도,이천시,20000,30000,29357,35000,,41,41,43,MEDIT00009,Gyeonggi-Icheon-si,경기도,MEDIT00009,
인플루엔자백신 접종비,경기도,파주시,10000,40000,37273,45000,,41,41,44,MEDIT00009,Gyeonggi-Paju-si,경기도,MEDIT00009,
인플루엔자백신 접종비,경기도,평택시,20000,30000,32027,45000,,41,41,45,MEDIT00009,Gyeonggi-Pyeongtaek-si,경기도,MEDIT00009,
인플루엔자백신 접종비,경기도,포천시,30000,30000,31250,35000,,41,41,46,MEDIT00009,Gyeonggi-Pocheon-si,경기도,MEDIT00009,
인플루엔자백신 접종비,경기도,하남시,30000,35000,35167,50000,,41,41,47,MEDIT00009,Gyeonggi-Hanam-si,경기도,MEDIT00009,
인플루엔자백신 접종비,경기도,화성시,20000,34500,32188,40000,,41,41,48,MEDIT00009,Gyeonggi-Hwaseong-si,경기도,MEDIT00009,
인플루엔자백신 접종비,강원특별자치도,강릉시,30000,35000,33438,35000,,42,42,2,MEDIT00009,Gangwon-Gangneung-si,강원특별자치도,MEDIT00009,
인플루엔자백신 접종비,강원특별자치도,고성군,30000,30000,30000,30000,,42,42,3,MEDIT00009,Gangwon-Gosung-gun,강원특별자치도,MEDIT00009,
인플루엔자백신 접종비,강원특별자치도,동해시,30000,30000,31667,35000,,42,42,4,MEDIT00009,Gangwon-Donghae-si,강원특별자치도,MEDIT00009,
인플루엔자백신 접종비,강원특별자치도,삼척시,30000,30000,31667,35000,,42,42,5,MEDIT00009,Gangwon-Samcheok-si,강원특별자치도,MEDIT00009,
인플루엔자백신 접종비,강원특별자치도,속초시,25000,35000,32000,35000,,42,42,6,MEDIT00009,Gangwon-Sokcho-si,강원특별자치도,MEDIT00009,
인플루엔자백신 접종비,강원특별자치도,양양군,30000,30000,31000,33000,,42,42,8,MEDIT00009,Gangwon-Yangyang-gun,강원특별자치도,MEDIT00009,
인플루엔자백신 접종비,강원특별자치도,영월군,30000,30000,30000,30000,,42,42,9,MEDIT00009,Gangwon-Yeongwol-gun,강원특별자치도,MEDIT00009,
인플루엔자백신 접종비,강원특별자치도,원주시,20000,35000,32708,35000,,42,42,10,MEDIT00009,Gangwon-Wonju-si,강원특별자치도,MEDIT00009,
인플루엔자백신 접종비,강원특별자치도,인제군,35000,35000,35000,35000,,42,42,11,MEDIT00009,Gangwon-Inje-gun,강원특별자치도,MEDIT00009,
인플루엔자백신 접종비,강원특별자치도,정선군,10000,15000,15000,20000,,42,42,12,MEDIT00009,Gangwon-Jeongseon-gun,강원특별자치도,MEDIT00009,
인플루엔자백신 접종비,강원특별자치도,춘천시,15000,35000,32938,39000,,42,42,13,MEDIT00009,Gangwon-Chuncheon-si,강원특별자치도,MEDIT00009,
인플루엔자백신 접종비,강원특별자치도,태백시,30000,30000,30000,30000,,42,42,14,MEDIT00009,Gangwon-Taebaek-si,강원특별자치도,MEDIT00009,
인플루엔자백신 접종비,강원특별자치도,홍천군,30000,32500,32500,35000,,42,42,15,MEDIT00009,Gangwon-Hongcheon-gun,강원특별자치도,MEDIT00009,
인플루엔자백신 접종비,강원특별자치도,횡성군,30000,30000,30000,30000,,42,42,17,MEDIT00009,Gangwon-Hoengseong-gun,강원특별자치도,MEDIT00009,
인플루엔자백신 접종비,충청북도,괴산군,35000,35000,35000,35000,,43,43,223,MEDIT00009,Chungbuk-Goesan-gun,충청북도,MEDIT00009,
인플루엔자백신 접종비,충청북도,보은군,30000,30000,30000,30000,,43,43,225,MEDIT00009,Chungbuk-Boeun-gun,충청북도,MEDIT00009,
인플루엔자백신 접종비,충청북도,영동군,20000,30000,30000,40000,,43,43,226,MEDIT00009,Chungbuk-Yeongdong-gun,충청북도,MEDIT00009,
인플루엔자백신 접종비,충청북도,옥천군,20000,30000,28333,35000,,43,43,227,MEDIT00009,Chungbuk-Okcheon-gun,충청북도,MEDIT00009,
인플루엔자백신 접종비,충청북도,음성군,30000,30000,31667,35000,,43,43,228,MEDIT00009,Chungbuk-Eumseong-gun,충청북도,MEDIT00009,
인플루엔자백신 접종비,충청북도,제천시,30000,35000,34167,40000,,43,43,229,MEDIT00009,Chungbuk-Jecheon-si,충청북도,MEDIT00009,
인플루엔자백신 접종비,충청북도,증평군,35000,35000,35000,35000,,43,43,230,MEDIT00009,Chungbuk-Jeungpyeong-gun,충청북도,MEDIT00009,
인플루엔자백신 접종비,충청북도,진천군,25000,30000,30000,35000,,43,43,231,MEDIT00009,Chungbuk-Jincheon-gun,충청북도,MEDIT00009,
인플루엔자백신 접종비,충청북도,청주시,25000,35000,33864,40000,,43,43,232,MEDIT00009,Chungbuk-Cheongju-si,충청북도,MEDIT00009,
인플루엔자백신 접종비,충청북도,충주시,35000,35000,35000,35000,,43,43,233,MEDIT00009,Chungbuk-Chungju-si,충청북도,MEDIT00009,
인플루엔자백신 접종비,충청남도,계룡시,30000,30000,31667,35000,,44,44,207,MEDIT00009,Chungnam-Gyeryong-si,충청남도,MEDIT00009,
인플루엔자백신 접종비,충청남도,공주시,30000,35000,33750,35000,,44,44,208,MEDIT00009,Chungnam-Gongju-si,충청남도,MEDIT00009,
인플루엔자백신 접종비,충청남도,금산군,30000,30000,30000,30000,,44,44,209,MEDIT00009,Chungnam-Geumsan-gun,충청남도,MEDIT00009,
인플루엔자백신 접종비,충청남도,논산시,29000,35000,33000,35000,,44,44,210,MEDIT00009,Chungnam-Nonsan-si,충청남도,MEDIT00009,
인플루엔자백신 접종비,충청남도,당진시,25000,35000,33333,35000,,44,44,211,MEDIT00009,Chungnam-Dangjin-si,충청남도,MEDIT00009,
인플루엔자백신 접종비,충청남도,보령시,30000,30000,31667,35000,,44,44,212,MEDIT00009,Chungnam-Boryeong-si,충청남도,MEDIT00009,
인플루엔자백신 접종비,충청남도,부여군,15000,25000,25000,35000,,44,44,213,MEDIT00009,Chungnam-Buyeo-gun,충청남도,MEDIT00009,
인플루엔자백신 접종비,충청남도,서산시,35000,35000,35000,35000,,44,44,214,MEDIT00009,Chungnam-Seosan-si,충청남도,MEDIT00009,
인플루엔자백신 접종비,충청남도,서천군,10000,17500,17500,25000,,44,44,215,MEDIT00009,Chungnam-Seocheon-gun,충청남도,MEDIT00009,
인플루엔자백신 접종비,충청남도,아산시,30000,35000,34286,35000,,44,44,216,MEDIT00009,Chungnam-Asan-si,충청남도,MEDIT00009,
인플루엔자백신 접종비,충청남도,예산군,20000,25000,25000,30000,,44,44,217,MEDIT00009,Chungnam-Yesan-gun,충청남도,MEDIT00009,
인플루엔자백신 접종비,충청남도,천안시,25000,35000,33721,50000,,44,44,218,MEDIT00009,Chungnam-Cheonan-si,충청남도,MEDIT00009,
인플루엔자백신 접종비,충청남도,태안군,20000,25000,25000,30000,,44,44,220,MEDIT00009,Chungnam-Taean-gu,충청남도,MEDIT00009,
인플루엔자백신 접종비,충청남도,홍성군,30000,35000,34167,35000,,44,44,221,MEDIT00009,Chungnam-Hongseong-gun,충청남도,MEDIT00009,
인플루엔자백신 접종비,전북특별자치도,고창군,20000,22500,22500,25000,,45,45,191,MEDIT00009,Jeonbuk-Gochang-gun,전북특별자치도,MEDIT00009,
인플루엔자백신 접종비,전북특별자치도,군산시,18000,35000,32769,45000,,45,45,192,MEDIT00009,Jeonbuk-Gunsan-si,전북특별자치도,MEDIT00009,
인플루엔자백신 접종비,전북특별자치도,김제시,20000,27500,26250,30000,,45,45,193,MEDIT00009,Jeonbuk-Gimje-si,전북특별자치도,MEDIT00009,
인플루엔자백신 접종비,전북특별자치도,남원시,30000,37500,37500,45000,,45,45,194,MEDIT00009,Jeonbuk-Namwon-si,전북특별자치도,MEDIT00009,
인플루엔자백신 접종비,전북특별자치도,부안군,35000,35000,35000,35000,,45,45,196,MEDIT00009,Jeonbuk-Buan-gun,전북특별자치도,MEDIT00009,
인플루엔자백신 접종비,전북특별자치도,순창군,40000,40000,40000,40000,,45,45,197,MEDIT00009,Jeonbuk-Sunchang-gun,전북특별자치도,MEDIT00009,
인플루엔자백신 접종비,전북특별자치도,완주군,25000,30000,32500,45000,,45,45,198,MEDIT00009,Jeonbuk-Wanju-gun,전북특별자치도,MEDIT00009,
인플루엔자백신 접종비,전북특별자치도,익산시,15000,30000,32857,45000,,45,45,199,MEDIT00009,Jeonbuk-Iksan-si,전북특별자치도,MEDIT00009,
인플루엔자백신 접종비,전북특별자치도,전주시,25000,40000,41512,45000,,45,45,201,MEDIT00009,Jeonbuk-Jeonju-si,전북특별자치도,MEDIT00009,
인플루엔자백신 접종비,전북특별자치도,정읍시,20000,40000,35000,40000,,45,45,202,MEDIT00009,Jeonbuk-Jeongeup-si,전북특별자치도,MEDIT00009,
인플루엔자백신 접종비,전라남도,고흥군,30000,32500,32500,35000,,46,46,172,MEDIT00009,Jeonnam-Goheung-gun,전라남도,MEDIT00009,
인플루엔자백신 접종비,전라남도,광양시,20000,35000,31000,40000,,46,46,174,MEDIT00009,Jeonnam-Gwangyang-si,전라남도,MEDIT00009,
인플루엔자백신 접종비,전라남도,구례군,30000,30000,30000,30000,,46,46,175,MEDIT00009,Jeonnam-Gurye-gun,전라남도,MEDIT00009,
인플루엔자백신 접종비,전라남도,나주시,30000,35000,37000,45000,,46,46,176,MEDIT00009,Jeonnam-Naju-si,전라남도,MEDIT00009,
인플루엔자백신 접종비,전라남도,목포시,30000,35000,33750,35000,,46,46,178,MEDIT00009,Jeonnam-Mokpo-si,전라남도,MEDIT00009,
인플루엔자백신 접종비,전라남도,무안군,30000,30000,32000,35000,,46,46,179,MEDIT00009,Jeonnam-Muan-gun,전라남도,MEDIT00009,
인플루엔자백신 접종비,전라남도,순천시,34000,40000,38933,45000,,46,46,180,MEDIT00009,Jeonnam-Suncheon-si,전라남도,MEDIT00009,
인플루엔자백신 접종비,전라남도,여수시,20000,30000,28571,35000,,46,46,181,MEDIT00009,Jeonnam-Yeosu-si,전라남도,MEDIT00009,
인플루엔자백신 접종비,전라남도,영광군,30000,35000,35000,40000,,46,46,182,MEDIT00009,Jeonnam-Yeonggwang-gun,전라남도,MEDIT00009,
인플루엔자백신 접종비,전라남도,장성군,15000,22500,22500,30000,,46,46,185,MEDIT00009,Jeonnam-Jangseong-gun,전라남도,MEDIT00009,
인플루엔자백신 접종비,전라남도,해남군,10000,30000,26250,35000,,46,46,188,MEDIT00009,Jeonnam-Haenam-gun,전라남도,MEDIT00009,
인플루엔자백신 접종비,전라남도,화순군,10000,15000,17500,30000,,46,46,189,MEDIT00009,Jeonnam-Hwasun-gun,전라남도,MEDIT00009,
인플루엔자백신 접종비,경상북도,경산시,20000,30000,31000,40000,,47,47,69,MEDIT00009,Gyeongbuk-Gyeongsan-si,경상북도,MEDIT00009,
인플루엔자백신 접종비,경상북도,경주시,35000,35000,35500,40000,,47,47,70,MEDIT00009,Gyeongbuk-Gyeongju-si,경상북도,MEDIT00009,
인플루엔자백신 접종비,경상북도,구미시,25000,35000,33704,35000,,47,47,72,MEDIT00009,Gyeongbuk-Gumi-si,경상북도,MEDIT00009,
인플루엔자백신 접종비,경상북도,김천시,20000,35000,32500,35000,,47,47,73,MEDIT00009,Gyeongbuk-Gimcheon-si,경상북도,MEDIT00009,
인플루엔자백신 접종비,경상북도,문경시,30000,32500,32500,35000,,47,47,74,MEDIT00009,Gyeongbuk-Mungyeong-si,경상북도,MEDIT00009,
인플루엔자백신 접종비,경상북도,상주시,25000,30000,31250,40000,,47,47,75,MEDIT00009,Gyeongbuk-Sangju-si,경상북도,MEDIT00009,
인플루엔자백신 접종비,경상북도,성주군,30000,30000,30000,30000,,47,47,76,MEDIT00009,Gyeongbuk-Seongju-gun,경상북도,MEDIT00009,
인플루엔자백신 접종비,경상북도,안동시,30000,35000,33750,35000,,47,47,77,MEDIT00009,Gyeongbuk-Andong-si,경상북도,MEDIT00009,
인플루엔자백신 접종비,경상북도,영덕군,30000,35000,35000,40000,,47,47,78,MEDIT00009,Gyeongbuk-Yeongdeok-gun,경상북도,MEDIT00009,
인플루엔자백신 접종비,경상북도,영주시,15000,33000,29600,35000,,47,47,79,MEDIT00009,Gyeongbuk-Yeongju-si,경상북도,MEDIT00009,
인플루엔자백신 접종비,경상북도,영천시,30000,30000,30000,30000,,47,47,80,MEDIT00009,Gyeongbuk-Yeongcheon-si,경상북도,MEDIT00009,
인플루엔자백신 접종비,경상북도,예천군,30000,32500,32500,35000,,47,47,81,MEDIT00009,Gyeongbuk-Yecheon-gun,경상북도,MEDIT00009,
인플루엔자백신 접종비,경상북도,청도군,30000,35000,33333,35000,,47,47,84,MEDIT00009,Gyeongbuk-Cheongdo-gun,경상북도,MEDIT00009,
인플루엔자백신 접종비,경상북도,칠곡군,30000,35000,34000,35000,,47,47,86,MEDIT00009,Gyeongbuk-Chilgok-gun,경상북도,MEDIT00009,
인플루엔자백신 접종비,경상북도,포항시,15000,30000,30448,50000,,47,47,87,MEDIT00009,Gyeongbuk-Pohang-si,경상북도,MEDIT00009,
인플루엔자백신 접종비,경상남도,거제시,35000,35000,35000,35000,,48,48,50,MEDIT00009,Gyeongnam-Geoje-si,경상남도,MEDIT00009,
인플루엔자백신 접종비,경상남도,거창군,20000,30000,30000,40000,,48,48,51,MEDIT00009,Gyeongnam-Geochang-gun,경상남도,MEDIT00009,
인플루엔자백신 접종비,경상남도,고성군,20000,30000,27500,30000,,48,48,52,MEDIT00009,Gyeongnam-Goseong-gun,경상남도,MEDIT00009,
인플루엔자백신 접종비,경상남도,김해시,30000,30000,31946,40000,,48,48,53,MEDIT00009,Gyeongnam-Gimhae-si,경상남도,MEDIT00009,
인플루엔자백신 접종비,경상남도,남해군,35000,35000,35000,35000,,48,48,54,MEDIT00009,Gyeongnam-Namhae-gun,경상남도,MEDIT00009,
인플루엔자백신 접종비,경상남도,밀양시,25000,32500,37500,60000,,48,48,55,MEDIT00009,Gyeongnam-Miryang-si,경상남도,MEDIT00009,
인플루엔자백신 접종비,경상남도,사천시,35000,40000,39375,40000,,48,48,56,MEDIT00009,Gyeongnam-Sacheon-si,경상남도,MEDIT00009,
인플루엔자백신 접종비,경상남도,산청군,30000,30000,30000,30000,,48,48,57,MEDIT00009,Gyeongnam-Sancheong-gun,경상남도,MEDIT00009,
인플루엔자백신 접종비,경상남도,양산시,30000,35000,35227,40000,,48,48,58,MEDIT00009,Gyeongnam-Yangsan-si,경상남도,MEDIT00009,
인플루엔자백신 접종비,경상남도,진주시,15000,30000,29091,35000,,48,48,60,MEDIT00009,Gyeongnam-Jinju-si,경상남도,MEDIT00009,
인플루엔자백신 접종비,경상남도,창녕군,30000,40000,36667,40000,,48,48,61,MEDIT00009,Gyeongnam-Changnyeong-gun,경상남도,MEDIT00009,
인플루엔자백신 접종비,경상남도,창원시,30000,35000,34154,40000,,48,48,62,MEDIT00009,Gyeongnam-Changwon-si,경상남도,MEDIT00009,
인플루엔자백신 접종비,경상남도,통영시,30000,35000,33889,35000,,48,48,63,MEDIT00009,Gyeongnam-Tongyeong-si,경상남도,MEDIT00009,
인플루엔자백신 접종비,경상남도,하동군,30000,30000,30000,30000,,48,48,64,MEDIT00009,Gyeongnam-Hadong-gun,경상남도,MEDIT00009,
인플루엔자백신 접종비,경상남도,함안군,30000,30000,30000,30000,,48,48,65,MEDIT00009,Gyeongnam-Haman-gun,경상남도,MEDIT00009,
인플루엔자백신 접종비,경상남도,합천군,20000,25000,25000,30000,,48,48,67,MEDIT00009,Gyeongnam-Hapcheon-gu,경상남도,MEDIT00009,
인플루엔자백신 접종비,제주특별자치도,서귀포시,30000,35000,35385,40000,,50,50,204,MEDIT00009,Jeju-Seogwipo,제주특별자치도,MEDIT00009,
인플루엔자백신 접종비,제주특별자치도,제주시,20000,35000,33605,45000,,50,50,205,MEDIT00009,Jeju-Jeju-si,제주특별자치도,MEDIT00009,
전혈구 검사비와 판독료,서울특별시,강남구,25000,38750,40984,88000,,11,11,128,MEDIT00010,seoul-Gangnam-gu,서울특별시,MEDIT00010,
전혈구 검사비와 판독료,서울특별시,강동구,22000,33000,35217,80000,,11,11,129,MEDIT00010,seoul-Gangdong-gu,서울특별시,MEDIT00010,
전혈구 검사비와 판독료,서울특별시,강북구,22000,30000,33560,53000,,11,11,130,MEDIT00010,seoul-Gangbuk-gu,서울특별시,MEDIT00010,
전혈구 검사비와 판독료,서울특별시,강서구,25000,35000,36483,80000,,11,11,131,MEDIT00010,seoul-Gangseo-gu,서울특별시,MEDIT00010,
전혈구 검사비와 판독료,서울특별시,관악구,20000,35000,37187,60300,,11,11,132,MEDIT00010,seoul-Gwanak-gu,서울특별시,MEDIT00010,
전혈구 검사비와 판독료,서울특별시,광진구,20000,34000,35948,70000,,11,11,133,MEDIT00010,seoul-Gwangjin-gu,서울특별시,MEDIT00010,
전혈구 검사비와 판독료,서울특별시,구로구,25000,33000,35424,55000,,11,11,134,MEDIT00010,seoul-Guro-gu,서울특별시,MEDIT00010,
전혈구 검사비와 판독료,서울특별시,금천구,15000,40000,39321,60000,,11,11,135,MEDIT00010,seoul-Geumcheon-gu,서울특별시,MEDIT00010,
전혈구 검사비와 판독료,서울특별시,노원구,25000,35000,37541,55000,,11,11,136,MEDIT00010,seoul-Nowon-gu,서울특별시,MEDIT00010,
전혈구 검사비와 판독료,서울특별시,도봉구,20000,33000,37962,100000,,11,11,137,MEDIT00010,seoul-Dobong-gu,서울특별시,MEDIT00010,
전혈구 검사비와 판독료,서울특별시,동대문구,20000,35000,35053,53100,,11,11,138,MEDIT00010,seoul-Dongdaemun-gu,서울특별시,MEDIT00010,
전혈구 검사비와 판독료,서울특별시,동작구,20000,33000,32526,40000,,11,11,139,MEDIT00010,seoul-Dongjak-gu,서울특별시,MEDIT00010,
전혈구 검사비와 판독료,서울특별시,마포구,25000,35000,38837,90000,,11,11,140,MEDIT00010,seoul-Mapo-gu,서울특별시,MEDIT00010,
전혈구 검사비와 판독료,서울특별시,서대문구,30000,40000,42333,95000,,11,11,141,MEDIT00010,seoul-Seodaemun-gu,서울특별시,MEDIT00010,
전혈구 검사비와 판독료,서울특별시,서초구,20000,35000,37973,65000,,11,11,142,MEDIT00010,seoul-Seocho-gu,서울특별시,MEDIT00010,
전혈구 검사비와 판독료,서울특별시,성동구,25000,35000,39417,77000,,11,11,143,MEDIT00010,seoul-Seongdong-gu,서울특별시,MEDIT00010,
전혈구 검사비와 판독료,서울특별시,성북구,20000,33000,33606,56500,,11,11,144,MEDIT00010,seoul-Seongbuk-gu,서울특별시,MEDIT00010,
전혈구 검사비와 판독료,서울특별시,송파구,10000,35000,36014,60000,,11,11,145,MEDIT00010,seoul-Songpa-gu,서울특별시,MEDIT00010,
전혈구 검사비와 판독료,서울특별시,양천구,20000,33000,35186,63000,,11,11,146,MEDIT00010,seoul-Yangcheon-gu,서울특별시,MEDIT00010,
전혈구 검사비와 판독료,서울특별시,영등포구,20000,35000,35258,56000,,11,11,147,MEDIT00010,seoul-Yeongdeungpo-gu,서울특별시,MEDIT00010,
전혈구 검사비와 판독료,서울특별시,용산구,26400,35000,34590,45000,,11,11,148,MEDIT00010,seoul-Yongsan-gu,서울특별시,MEDIT00010,
전혈구 검사비와 판독료,서울특별시,은평구,25000,35000,38779,95000,,11,11,149,MEDIT00010,seoul-Eunpyeong-gu,서울특별시,MEDIT00010,
전혈구 검사비와 판독료,서울특별시,종로구,30000,35000,37818,50000,,11,11,150,MEDIT00010,seoul-Jongno-gu,서울특별시,MEDIT00010,
전혈구 검사비와 판독료,서울특별시,중구,20000,35000,39588,60000,,11,11,151,MEDIT00010,seoul-jung-gu,서울특별시,MEDIT00010,
전혈구 검사비와 판독료,서울특별시,중랑구,22000,40000,38207,60000,,11,11,152,MEDIT00010,seoul-Jungnang-gu,서울특별시,MEDIT00010,
전혈구 검사비와 판독료,부산광역시,강서구,25000,35000,38727,60000,,26,26,111,MEDIT00010,Busan-Gangseo-gu,부산광역시,MEDIT00010,
전혈구 검사비와 판독료,부산광역시,금정구,20000,33000,35711,60000,,26,26,112,MEDIT00010,Busan-Geumjeong-gu,부산광역시,MEDIT00010,
전혈구 검사비와 판독료,부산광역시,기장군,20000,31000,32583,44000,,26,26,113,MEDIT00010,Busan-Gijang-gun,부산광역시,MEDIT00010,
전혈구 검사비와 판독료,부산광역시,남구,10000,30000,30080,48000,,26,26,114,MEDIT00010,Busan-Nam-gu,부산광역시,MEDIT00010,
전혈구 검사비와 판독료,부산광역시,동구,20000,30000,27667,33000,,26,26,115,MEDIT00010,Busan-Dong-gu,부산광역시,MEDIT00010,
전혈구 검사비와 판독료,부산광역시,동래구,25000,31000,34443,70000,,26,26,116,MEDIT00010,Busan-Dongrae-gu,부산광역시,MEDIT00010,
전혈구 검사비와 판독료,부산광역시,부산진구,25000,30000,32339,50000,,26,26,117,MEDIT00010,Busan-Busanjin-gu,부산광역시,MEDIT00010,
전혈구 검사비와 판독료,부산광역시,북구,25000,32000,33059,50000,,26,26,118,MEDIT00010,Busan-Buk-gu,부산광역시,MEDIT00010,
전혈구 검사비와 판독료,부산광역시,사상구,30000,31500,35300,50000,,26,26,119,MEDIT00010,Busan-Sasang-gu,부산광역시,MEDIT00010,
전혈구 검사비와 판독료,부산광역시,사하구,22000,30000,32824,66000,,26,26,120,MEDIT00010,Busan-Saha-gu,부산광역시,MEDIT00010,
전혈구 검사비와 판독료,부산광역시,서구,20000,25000,26800,35000,,26,26,121,MEDIT00010,Busan-Seo-gu,부산광역시,MEDIT00010,
전혈구 검사비와 판독료,부산광역시,수영구,20000,30000,32405,40000,,26,26,122,MEDIT00010,Busan-Suyeong-gu,부산광역시,MEDIT00010,
전혈구 검사비와 판독료,부산광역시,연제구,25000,30000,35971,80000,,26,26,123,MEDIT00010,Busan-Yeonje-gu,부산광역시,MEDIT00010,
전혈구 검사비와 판독료,부산광역시,영도구,30000,35000,35000,40000,,26,26,124,MEDIT00010,Busan-Yeongdo-gu,부산광역시,MEDIT00010,
전혈구 검사비와 판독료,부산광역시,중구,20000,30000,26667,30000,,26,26,125,MEDIT00010,Busan-Jung-gu,부산광역시,MEDIT00010,
전혈구 검사비와 판독료,부산광역시,해운대구,20000,30000,33526,80000,,26,26,126,MEDIT00010,Busan-Haeundae-gu,부산광역시,MEDIT00010,
전혈구 검사비와 판독료,대구광역시,남구,30000,32500,37625,66000,,27,27,96,MEDIT00010,Daegu-Nam-gu,대구광역시,MEDIT00010,
전혈구 검사비와 판독료,대구광역시,달서구,20000,35000,35878,66000,,27,27,97,MEDIT00010,Daegu-Dalseo-gu,대구광역시,MEDIT00010,
전혈구 검사비와 판독료,대구광역시,달성군,20000,32500,34143,50000,,27,27,98,MEDIT00010,Daegu-Dal-Sung-gun,대구광역시,MEDIT00010,
전혈구 검사비와 판독료,대구광역시,동구,24000,34000,35188,50000,,27,27,99,MEDIT00010,Daegu-Dong-gu,대구광역시,MEDIT00010,
전혈구 검사비와 판독료,대구광역시,북구,25000,35000,34769,50000,,27,27,100,MEDIT00010,Daegu-Buk-gu,대구광역시,MEDIT00010,
전혈구 검사비와 판독료,대구광역시,서구,20000,35000,35500,50000,,27,27,101,MEDIT00010,Daegu-Seo-gu,대구광역시,MEDIT00010,
전혈구 검사비와 판독료,대구광역시,수성구,27900,35000,38140,60000,,27,27,102,MEDIT00010,Daegu-Suseong-gu,대구광역시,MEDIT00010,
전혈구 검사비와 판독료,대구광역시,중구,20000,34000,34250,50000,,27,27,103,MEDIT00010,Daegu-Jung-gu,대구광역시,MEDIT00010,
전혈구 검사비와 판독료,인천광역시,강화군,30000,30000,45000,75000,,28,28,162,MEDIT00010,Incheon-Ganghwa-gun,인천광역시,MEDIT00010,
전혈구 검사비와 판독료,인천광역시,계양구,20000,35000,35879,55000,,28,28,163,MEDIT00010,Incheon-Gyeyang-gu,인천광역시,MEDIT00010,
전혈구 검사비와 판독료,인천광역시,남동구,20000,35000,35971,70000,,28,28,164,MEDIT00010,Incheon-Namdong-gu,인천광역시,MEDIT00010,
전혈구 검사비와 판독료,인천광역시,동구,33000,39000,39000,45000,,28,28,165,MEDIT00010,Incheon-Dong-gu,인천광역시,MEDIT00010,
전혈구 검사비와 판독료,인천광역시,미추홀구,30000,33000,36667,50000,,28,28,166,MEDIT00010,Incheon-Michuhol-gu,인천광역시,MEDIT00010,
전혈구 검사비와 판독료,인천광역시,부평구,27500,35000,38150,77000,,28,28,167,MEDIT00010,Incheon-Bupyeong-gu,인천광역시,MEDIT00010,
전혈구 검사비와 판독료,인천광역시,서구,20000,34000,35027,60000,,28,28,168,MEDIT00010,Incheon-Seo-gu,인천광역시,MEDIT00010,
전혈구 검사비와 판독료,인천광역시,연수구,20000,35000,34321,60000,,28,28,169,MEDIT00010,Incheon-Yeonsu-gu,인천광역시,MEDIT00010,
전혈구 검사비와 판독료,인천광역시,중구,20000,32500,30625,40000,,28,28,170,MEDIT00010,Incheon-Jung-gu,인천광역시,MEDIT00010,
전혈구 검사비와 판독료,광주광역시,광산구,25000,35000,36357,60000,,29,29,89,MEDIT00010,Gwangju-Gwangsan-gu,광주광역시,MEDIT00010,
전혈구 검사비와 판독료,광주광역시,남구,25000,35000,38778,80000,,29,29,90,MEDIT00010,Gwangju-Nam-gu,광주광역시,MEDIT00010,
전혈구 검사비와 판독료,광주광역시,동구,33000,40000,41643,57500,,29,29,91,MEDIT00010,Gwangju-Dong-gu,광주광역시,MEDIT00010,
전혈구 검사비와 판독료,광주광역시,북구,25000,35000,36413,70000,,29,29,92,MEDIT00010,Gwangju-Buk-gu,광주광역시,MEDIT00010,
전혈구 검사비와 판독료,광주광역시,서구,20000,33000,34241,55000,,29,29,93,MEDIT00010,Gwangju-Seo-gu,광주광역시,MEDIT00010,
전혈구 검사비와 판독료,대전광역시,대덕구,25000,30000,45000,150000,,30,30,105,MEDIT00010,Daejeon-Daedeok-gu,대전광역시,MEDIT00010,
전혈구 검사비와 판독료,대전광역시,동구,25000,35000,35917,66000,,30,30,106,MEDIT00010,Daejeon-Dong-gu,대전광역시,MEDIT00010,
전혈구 검사비와 판독료,대전광역시,서구,30000,42000,45143,90000,,30,30,107,MEDIT00010,Daejeon-Seo-gu,대전광역시,MEDIT00010,
전혈구 검사비와 판독료,대전광역시,유성구,20000,35000,37979,70000,,30,30,108,MEDIT00010,Daejeon-Yuseong-gu,대전광역시,MEDIT00010,
전혈구 검사비와 판독료,대전광역시,중구,30000,31500,34143,45000,,30,30,109,MEDIT00010,Daejeon-Jung-gu,대전광역시,MEDIT00010,
전혈구 검사비와 판독료,울산광역시,남구,23000,33000,33670,48400,,31,31,156,MEDIT00010,Ulsan-Nam-gu,울산광역시,MEDIT00010,
전혈구 검사비와 판독료,울산광역시,동구,20000,29500,29000,40000,,31,31,157,MEDIT00010,Ulsan-Dong-gu,울산광역시,MEDIT00010,
전혈구 검사비와 판독료,울산광역시,북구,25000,31500,34667,50000,,31,31,158,MEDIT00010,Ulsan-Buk-gu,울산광역시,MEDIT00010,
전혈구 검사비와 판독료,울산광역시,울주군,25000,31500,32750,45000,,31,31,159,MEDIT00010,Ulsan-Ulju-gun,울산광역시,MEDIT00010,
전혈구 검사비와 판독료,울산광역시,중구,30000,31500,32667,45000,,31,31,160,MEDIT00010,Ulsan-Jung-gu,울산광역시,MEDIT00010,
전혈구 검사비와 판독료,세종특별자치시,세종특별자치시,20000,32250,33575,66000,,36,36,154,MEDIT00010,Sejong-Sejong-si,세종특별자치시,MEDIT00010,
전혈구 검사비와 판독료,경기도,가평군,30000,30000,33333,40000,,41,41,19,MEDIT00010,Gyeonggi-Gapyeong-gun,경기도,MEDIT00010,
전혈구 검사비와 판독료,경기도,고양시,19800,35000,35189,55000,,41,41,20,MEDIT00010,Gyeonggi-Goyang-si,경기도,MEDIT00010,
전혈구 검사비와 판독료,경기도,과천시,28000,40000,38571,50000,,41,41,21,MEDIT00010,Gyeonggi-Gwacheon,경기도,MEDIT00010,
전혈구 검사비와 판독료,경기도,광명시,27000,33000,33500,47000,,41,41,22,MEDIT00010,Gyeonggi-Gwangmyeong,경기도,MEDIT00010,
전혈구 검사비와 판독료,경기도,광주시,22000,30000,32920,50000,,41,41,23,MEDIT00010,Gyeonggi-Gwangju-si,경기도,MEDIT00010,
전혈구 검사비와 판독료,경기도,구리시,20000,33000,40625,150000,,41,41,24,MEDIT00010,Gyeonggi-Guri-si,경기도,MEDIT00010,
전혈구 검사비와 판독료,경기도,군포시,30000,40000,40270,55505,,41,41,25,MEDIT00010,Gyeonggi-Gunpo,경기도,MEDIT00010,
전혈구 검사비와 판독료,경기도,김포시,20000,35000,37051,65000,,41,41,26,MEDIT00010,Gyeonggi-Gimpo-si,경기도,MEDIT00010,
전혈구 검사비와 판독료,경기도,남양주시,24000,33000,35533,110000,,41,41,27,MEDIT00010,Gyeonggi-Namyangju-si,경기도,MEDIT00010,
전혈구 검사비와 판독료,경기도,동두천시,20000,40000,36000,50000,,41,41,28,MEDIT00010,Gyeonggi-Dongducheon-si,경기도,MEDIT00010,
전혈구 검사비와 판독료,경기도,부천시,20000,35000,36290,56000,,41,41,29,MEDIT00010,Gyeonggi-Bucheon,경기도,MEDIT00010,
전혈구 검사비와 판독료,경기도,성남시,20000,35000,37598,80000,,41,41,30,MEDIT00010,Gyeonggi-Seongnam,경기도,MEDIT00010,
전혈구 검사비와 판독료,경기도,수원시,20000,35000,35882,80000,,41,41,31,MEDIT00010,Gyeonggi-Suwon-si,경기도,MEDIT00010,
전혈구 검사비와 판독료,경기도,시흥시,20000,33000,35172,80000,,41,41,32,MEDIT00010,Gyeonggi-Siheung,경기도,MEDIT00010,
전혈구 검사비와 판독료,경기도,안산시,20000,35000,35080,44000,,41,41,33,MEDIT00010,Gyeonggi-Ansan,경기도,MEDIT00010,
전혈구 검사비와 판독료,경기도,안성시,30000,39000,37083,50000,,41,41,34,MEDIT00010,Gyeonggi-Anseong-si,경기도,MEDIT00010,
전혈구 검사비와 판독료,경기도,안양시,15000,36500,38279,59000,,41,41,35,MEDIT00010,Gyeonggi-Anyang,경기도,MEDIT00010,
전혈구 검사비와 판독료,경기도,양주시,25000,33000,35350,52500,,41,41,36,MEDIT00010,Gyeonggi-Yangju-si,경기도,MEDIT00010,
전혈구 검사비와 판독료,경기도,양평군,22000,31500,33750,50000,,41,41,37,MEDIT00010,Gyeonggi-Yangpyeong-gun,경기도,MEDIT00010,
전혈구 검사비와 판독료,경기도,여주시,30000,45000,55000,100000,,41,41,38,MEDIT00010,Gyeonggi-Yeoju-si,경기도,MEDIT00010,
전혈구 검사비와 판독료,경기도,오산시,22000,34000,35563,50000,,41,41,39,MEDIT00010,Gyeonggi-Osan-si,경기도,MEDIT00010,
전혈구 검사비와 판독료,경기도,용인시,20000,33000,34828,60000,,41,41,40,MEDIT00010,Gyeonggi-Yongin-si,경기도,MEDIT00010,
전혈구 검사비와 판독료,경기도,의왕시,25000,31000,37667,70000,,41,41,41,MEDIT00010,Gyeonggi-Uiwang,경기도,MEDIT00010,
전혈구 검사비와 판독료,경기도,의정부시,20000,30000,33538,52500,,41,41,42,MEDIT00010,Gyeonggi-Uijeongbu-si,경기도,MEDIT00010,
전혈구 검사비와 판독료,경기도,이천시,20000,30500,28667,35000,,41,41,43,MEDIT00010,Gyeonggi-Icheon-si,경기도,MEDIT00010,
전혈구 검사비와 판독료,경기도,파주시,20000,35000,35414,55000,,41,41,44,MEDIT00010,Gyeonggi-Paju-si,경기도,MEDIT00010,
전혈구 검사비와 판독료,경기도,평택시,20000,35000,36171,52800,,41,41,45,MEDIT00010,Gyeonggi-Pyeongtaek-si,경기도,MEDIT00010,
전혈구 검사비와 판독료,경기도,포천시,25000,32500,33750,45000,,41,41,46,MEDIT00010,Gyeonggi-Pocheon-si,경기도,MEDIT00010,
전혈구 검사비와 판독료,경기도,하남시,20000,31500,35100,74000,,41,41,47,MEDIT00010,Gyeonggi-Hanam-si,경기도,MEDIT00010,
전혈구 검사비와 판독료,경기도,화성시,20000,33000,36164,70000,,41,41,48,MEDIT00010,Gyeonggi-Hwaseong-si,경기도,MEDIT00010,
전혈구 검사비와 판독료,강원특별자치도,강릉시,25000,35000,35733,50000,,42,42,2,MEDIT00010,Gangwon-Gangneung-si,강원특별자치도,MEDIT00010,
전혈구 검사비와 판독료,강원특별자치도,동해시,30000,30000,35000,45000,,42,42,4,MEDIT00010,Gangwon-Donghae-si,강원특별자치도,MEDIT00010,
전혈구 검사비와 판독료,강원특별자치도,삼척시,30000,31500,31500,33000,,42,42,5,MEDIT00010,Gangwon-Samcheok-si,강원특별자치도,MEDIT00010,
전혈구 검사비와 판독료,강원특별자치도,속초시,30000,31500,40500,70000,,42,42,6,MEDIT00010,Gangwon-Sokcho-si,강원특별자치도,MEDIT00010,
전혈구 검사비와 판독료,강원특별자치도,양양군,20000,40000,33333,40000,,42,42,8,MEDIT00010,Gangwon-Yangyang-gun,강원특별자치도,MEDIT00010,
전혈구 검사비와 판독료,강원특별자치도,영월군,35000,35000,35000,35000,,42,42,9,MEDIT00010,Gangwon-Yeongwol-gun,강원특별자치도,MEDIT00010,
전혈구 검사비와 판독료,강원특별자치도,원주시,30000,33000,35000,50000,,42,42,10,MEDIT00010,Gangwon-Wonju-si,강원특별자치도,MEDIT00010,
전혈구 검사비와 판독료,강원특별자치도,인제군,30000,35000,45000,70000,,42,42,11,MEDIT00010,Gangwon-Inje-gun,강원특별자치도,MEDIT00010,
전혈구 검사비와 판독료,강원특별자치도,춘천시,20000,35000,35733,58000,,42,42,13,MEDIT00010,Gangwon-Chuncheon-si,강원특별자치도,MEDIT00010,
전혈구 검사비와 판독료,강원특별자치도,태백시,30000,32500,32500,35000,,42,42,14,MEDIT00010,Gangwon-Taebaek-si,강원특별자치도,MEDIT00010,
전혈구 검사비와 판독료,강원특별자치도,홍천군,30000,30000,30000,30000,,42,42,15,MEDIT00010,Gangwon-Hongcheon-gun,강원특별자치도,MEDIT00010,
전혈구 검사비와 판독료,강원특별자치도,횡성군,35000,35000,35000,35000,,42,42,17,MEDIT00010,Gangwon-Hoengseong-gun,강원특별자치도,MEDIT00010,
전혈구 검사비와 판독료,충청북도,괴산군,30000,30000,30000,30000,,43,43,223,MEDIT00010,Chungbuk-Goesan-gun,충청북도,MEDIT00010,
전혈구 검사비와 판독료,충청북도,보은군,33000,33000,33000,33000,,43,43,225,MEDIT00010,Chungbuk-Boeun-gun,충청북도,MEDIT00010,
전혈구 검사비와 판독료,충청북도,영동군,30000,40000,40000,50000,,43,43,226,MEDIT00010,Chungbuk-Yeongdong-gun,충청북도,MEDIT00010,
전혈구 검사비와 판독료,충청북도,옥천군,33000,40000,41000,50000,,43,43,227,MEDIT00010,Chungbuk-Okcheon-gun,충청북도,MEDIT00010,
전혈구 검사비와 판독료,충청북도,음성군,38000,38000,38000,38000,,43,43,228,MEDIT00010,Chungbuk-Eumseong-gun,충청북도,MEDIT00010,
전혈구 검사비와 판독료,충청북도,제천시,44000,59750,64750,100000,,43,43,229,MEDIT00010,Chungbuk-Jecheon-si,충청북도,MEDIT00010,
전혈구 검사비와 판독료,충청북도,증평군,30000,30000,30000,30000,,43,43,230,MEDIT00010,Chungbuk-Jeungpyeong-gun,충청북도,MEDIT00010,
전혈구 검사비와 판독료,충청북도,진천군,20000,30000,28250,33000,,43,43,231,MEDIT00010,Chungbuk-Jincheon-gun,충청북도,MEDIT00010,
전혈구 검사비와 판독료,충청북도,청주시,15000,30000,31807,61500,,43,43,232,MEDIT00010,Chungbuk-Cheongju-si,충청북도,MEDIT00010,
전혈구 검사비와 판독료,충청북도,충주시,22000,25000,28667,40000,,43,43,233,MEDIT00010,Chungbuk-Chungju-si,충청북도,MEDIT00010,
전혈구 검사비와 판독료,충청남도,계룡시,35000,35000,35333,36000,,44,44,207,MEDIT00010,Chungnam-Gyeryong-si,충청남도,MEDIT00010,
전혈구 검사비와 판독료,충청남도,공주시,30000,30000,33750,45000,,44,44,208,MEDIT00010,Chungnam-Gongju-si,충청남도,MEDIT00010,
전혈구 검사비와 판독료,충청남도,금산군,40000,40000,40000,40000,,44,44,209,MEDIT00010,Chungnam-Geumsan-gun,충청남도,MEDIT00010,
전혈구 검사비와 판독료,충청남도,논산시,30000,33500,35250,44000,,44,44,210,MEDIT00010,Chungnam-Nonsan-si,충청남도,MEDIT00010,
전혈구 검사비와 판독료,충청남도,당진시,20000,33000,36143,55000,,44,44,211,MEDIT00010,Chungnam-Dangjin-si,충청남도,MEDIT00010,
전혈구 검사비와 판독료,충청남도,보령시,35000,42500,42500,50000,,44,44,212,MEDIT00010,Chungnam-Boryeong-si,충청남도,MEDIT00010,
전혈구 검사비와 판독료,충청남도,부여군,35000,40000,45000,60000,,44,44,213,MEDIT00010,Chungnam-Buyeo-gun,충청남도,MEDIT00010,
전혈구 검사비와 판독료,충청남도,서산시,30000,30000,36667,50000,,44,44,214,MEDIT00010,Chungnam-Seosan-si,충청남도,MEDIT00010,
전혈구 검사비와 판독료,충청남도,아산시,30000,30000,31857,40000,,44,44,216,MEDIT00010,Chungnam-Asan-si,충청남도,MEDIT00010,
전혈구 검사비와 판독료,충청남도,예산군,30000,35000,35000,40000,,44,44,217,MEDIT00010,Chungnam-Yesan-gun,충청남도,MEDIT00010,
전혈구 검사비와 판독료,충청남도,천안시,25000,33000,35424,55000,,44,44,218,MEDIT00010,Chungnam-Cheonan-si,충청남도,MEDIT00010,
전혈구 검사비와 판독료,충청남도,태안군,30000,30000,30000,30000,,44,44,220,MEDIT00010,Chungnam-Taean-gu,충청남도,MEDIT00010,
전혈구 검사비와 판독료,충청남도,홍성군,33000,40000,40400,50000,,44,44,221,MEDIT00010,Chungnam-Hongseong-gun,충청남도,MEDIT00010,
전혈구 검사비와 판독료,전북특별자치도,고창군,35000,35000,35000,35000,,45,45,191,MEDIT00010,Jeonbuk-Gochang-gun,전북특별자치도,MEDIT00010,
전혈구 검사비와 판독료,전북특별자치도,군산시,25000,33000,32818,45000,,45,45,192,MEDIT00010,Jeonbuk-Gunsan-si,전북특별자치도,MEDIT00010,
전혈구 검사비와 판독료,전북특별자치도,김제시,30000,30000,30000,30000,,45,45,193,MEDIT00010,Jeonbuk-Gimje-si,전북특별자치도,MEDIT00010,
전혈구 검사비와 판독료,전북특별자치도,남원시,40000,40000,40000,40000,,45,45,194,MEDIT00010,Jeonbuk-Namwon-si,전북특별자치도,MEDIT00010,
전혈구 검사비와 판독료,전북특별자치도,부안군,35000,35000,35000,35000,,45,45,196,MEDIT00010,Jeonbuk-Buan-gun,전북특별자치도,MEDIT00010,
전혈구 검사비와 판독료,전북특별자치도,순창군,30000,30000,30000,30000,,45,45,197,MEDIT00010,Jeonbuk-Sunchang-gun,전북특별자치도,MEDIT00010,
전혈구 검사비와 판독료,전북특별자치도,완주군,20000,35000,35000,50000,,45,45,198,MEDIT00010,Jeonbuk-Wanju-gun,전북특별자치도,MEDIT00010,
전혈구 검사비와 판독료,전북특별자치도,익산시,28000,42500,56860,121000,,45,45,199,MEDIT00010,Jeonbuk-Iksan-si,전북특별자치도,MEDIT00010,
전혈구 검사비와 판독료,전북특별자치도,전주시,20000,31500,33605,55000,,45,45,201,MEDIT00010,Jeonbuk-Jeonju-si,전북특별자치도,MEDIT00010,
전혈구 검사비와 판독료,전북특별자치도,정읍시,22000,28500,28500,35000,,45,45,202,MEDIT00010,Jeonbuk-Jeongeup-si,전북특별자치도,MEDIT00010,
전혈구 검사비와 판독료,전라남도,고흥군,33000,33000,33000,33000,,46,46,172,MEDIT00010,Jeonnam-Goheung-gun,전라남도,MEDIT00010,
전혈구 검사비와 판독료,전라남도,광양시,30000,35000,35000,40000,,46,46,174,MEDIT00010,Jeonnam-Gwangyang-si,전라남도,MEDIT00010,
전혈구 검사비와 판독료,전라남도,나주시,30000,34000,39667,60000,,46,46,176,MEDIT00010,Jeonnam-Naju-si,전라남도,MEDIT00010,
전혈구 검사비와 판독료,전라남도,목포시,30000,31500,32000,35000,,46,46,178,MEDIT00010,Jeonnam-Mokpo-si,전라남도,MEDIT00010,
전혈구 검사비와 판독료,전라남도,무안군,30000,34000,33250,35000,,46,46,179,MEDIT00010,Jeonnam-Muan-gun,전라남도,MEDIT00010,
전혈구 검사비와 판독료,전라남도,순천시,35000,40000,40143,45000,,46,46,180,MEDIT00010,Jeonnam-Suncheon-si,전라남도,MEDIT00010,
전혈구 검사비와 판독료,전라남도,여수시,20000,30000,30000,40000,,46,46,181,MEDIT00010,Jeonnam-Yeosu-si,전라남도,MEDIT00010,
전혈구 검사비와 판독료,전라남도,영광군,30000,30000,30000,30000,,46,46,182,MEDIT00010,Jeonnam-Yeonggwang-gun,전라남도,MEDIT00010,
전혈구 검사비와 판독료,전라남도,장흥군,20000,20000,20000,20000,,46,46,186,MEDIT00010,Jeonnam-Jangheung-gun,전라남도,MEDIT00010,
전혈구 검사비와 판독료,전라남도,해남군,30000,30000,30000,30000,,46,46,188,MEDIT00010,Jeonnam-Haenam-gun,전라남도,MEDIT00010,
전혈구 검사비와 판독료,전라남도,화순군,30000,40000,40000,50000,,46,46,189,MEDIT00010,Jeonnam-Hwasun-gun,전라남도,MEDIT00010,
전혈구 검사비와 판독료,경상북도,경산시,25000,30000,34200,60000,,47,47,69,MEDIT00010,Gyeongbuk-Gyeongsan-si,경상북도,MEDIT00010,
전혈구 검사비와 판독료,경상북도,경주시,30000,50000,47333,70000,,47,47,70,MEDIT00010,Gyeongbuk-Gyeongju-si,경상북도,MEDIT00010,
전혈구 검사비와 판독료,경상북도,구미시,20000,31500,33917,50000,,47,47,72,MEDIT00010,Gyeongbuk-Gumi-si,경상북도,MEDIT00010,
전혈구 검사비와 판독료,경상북도,김천시,27500,31500,34250,50000,,47,47,73,MEDIT00010,Gyeongbuk-Gimcheon-si,경상북도,MEDIT00010,
전혈구 검사비와 판독료,경상북도,문경시,50000,50000,50000,50000,,47,47,74,MEDIT00010,Gyeongbuk-Mungyeong-si,경상북도,MEDIT00010,
전혈구 검사비와 판독료,경상북도,상주시,20000,25000,30000,50000,,47,47,75,MEDIT00010,Gyeongbuk-Sangju-si,경상북도,MEDIT00010,
전혈구 검사비와 판독료,경상북도,성주군,35000,37500,37500,40000,,47,47,76,MEDIT00010,Gyeongbuk-Seongju-gun,경상북도,MEDIT00010,
전혈구 검사비와 판독료,경상북도,안동시,20000,30000,28600,33000,,47,47,77,MEDIT00010,Gyeongbuk-Andong-si,경상북도,MEDIT00010,
전혈구 검사비와 판독료,경상북도,영덕군,50000,50000,50000,50000,,47,47,78,MEDIT00010,Gyeongbuk-Yeongdeok-gun,경상북도,MEDIT00010,
전혈구 검사비와 판독료,경상북도,영주시,30000,35000,56000,150000,,47,47,79,MEDIT00010,Gyeongbuk-Yeongju-si,경상북도,MEDIT00010,
전혈구 검사비와 판독료,경상북도,영천시,38000,39000,39000,40000,,47,47,80,MEDIT00010,Gyeongbuk-Yeongcheon-si,경상북도,MEDIT00010,
전혈구 검사비와 판독료,경상북도,예천군,25000,27500,27500,30000,,47,47,81,MEDIT00010,Gyeongbuk-Yecheon-gun,경상북도,MEDIT00010,
전혈구 검사비와 판독료,경상북도,청도군,20000,25000,25000,30000,,47,47,84,MEDIT00010,Gyeongbuk-Cheongdo-gun,경상북도,MEDIT00010,
전혈구 검사비와 판독료,경상북도,칠곡군,30000,31500,35750,50000,,47,47,86,MEDIT00010,Gyeongbuk-Chilgok-gun,경상북도,MEDIT00010,
전혈구 검사비와 판독료,경상북도,포항시,20000,33000,38534,100000,,47,47,87,MEDIT00010,Gyeongbuk-Pohang-si,경상북도,MEDIT00010,
전혈구 검사비와 판독료,경상남도,거제시,33000,34000,35111,40000,,48,48,50,MEDIT00010,Gyeongnam-Geoje-si,경상남도,MEDIT00010,
전혈구 검사비와 판독료,경상남도,거창군,33000,33000,33000,33000,,48,48,51,MEDIT00010,Gyeongnam-Geochang-gun,경상남도,MEDIT00010,
전혈구 검사비와 판독료,경상남도,고성군,30000,30000,30000,30000,,48,48,52,MEDIT00010,Gyeongnam-Goseong-gun,경상남도,MEDIT00010,
전혈구 검사비와 판독료,경상남도,김해시,22000,30000,31966,40000,,48,48,53,MEDIT00010,Gyeongnam-Gimhae-si,경상남도,MEDIT00010,
전혈구 검사비와 판독료,경상남도,밀양시,20000,30000,33333,50000,,48,48,55,MEDIT00010,Gyeongnam-Miryang-si,경상남도,MEDIT00010,
전혈구 검사비와 판독료,경상남도,사천시,20000,25000,27000,35000,,48,48,56,MEDIT00010,Gyeongnam-Sacheon-si,경상남도,MEDIT00010,
전혈구 검사비와 판독료,경상남도,산청군,30000,30000,30000,30000,,48,48,57,MEDIT00010,Gyeongnam-Sancheong-gun,경상남도,MEDIT00010,
전혈구 검사비와 판독료,경상남도,양산시,20000,30000,32152,55000,,48,48,58,MEDIT00010,Gyeongnam-Yangsan-si,경상남도,MEDIT00010,
전혈구 검사비와 판독료,경상남도,진주시,20000,30000,30278,40000,,48,48,60,MEDIT00010,Gyeongnam-Jinju-si,경상남도,MEDIT00010,
전혈구 검사비와 판독료,경상남도,창녕군,30000,32500,32500,35000,,48,48,61,MEDIT00010,Gyeongnam-Changnyeong-gun,경상남도,MEDIT00010,
전혈구 검사비와 판독료,경상남도,창원시,10000,35000,34148,45000,,48,48,62,MEDIT00010,Gyeongnam-Changwon-si,경상남도,MEDIT00010,
전혈구 검사비와 판독료,경상남도,통영시,25000,30000,33111,50000,,48,48,63,MEDIT00010,Gyeongnam-Tongyeong-si,경상남도,MEDIT00010,
전혈구 검사비와 판독료,경상남도,하동군,30000,30000,30000,30000,,48,48,64,MEDIT00010,Gyeongnam-Hadong-gun,경상남도,MEDIT00010,
전혈구 검사비와 판독료,경상남도,함안군,30000,30000,30000,30000,,48,48,65,MEDIT00010,Gyeongnam-Haman-gun,경상남도,MEDIT00010,
전혈구 검사비와 판독료,경상남도,합천군,33000,33000,33000,33000,,48,48,67,MEDIT00010,Gyeongnam-Hapcheon-gu,경상남도,MEDIT00010,
전혈구 검사비와 판독료,제주특별자치도,서귀포시,30000,44000,41977,55000,,50,50,204,MEDIT00010,Jeju-Seogwipo,제주특별자치도,MEDIT00010,
전혈구 검사비와 판독료,제주특별자치도,제주시,30000,34000,37318,60000,,50,50,205,MEDIT00010,Jeju-Jeju-si,제주특별자치도,MEDIT00010,
혈액화학 검사비와 판독료,서울특별시,강남구,45000,98000,96390,195000,,11,11,128,MEDIT00013,seoul-Gangnam-gu,서울특별시,MEDIT00013,
혈액화학 검사비와 판독료,서울특별시,강동구,50000,90000,90941,166000,,11,11,129,MEDIT00013,seoul-Gangdong-gu,서울특별시,MEDIT00013,
혈액화학 검사비와 판독료,서울특별시,강북구,30000,86500,85692,150000,,11,11,130,MEDIT00013,seoul-Gangbuk-gu,서울특별시,MEDIT00013,
혈액화학 검사비와 판독료,서울특별시,강서구,40000,90000,93156,210000,,11,11,131,MEDIT00013,seoul-Gangseo-gu,서울특별시,MEDIT00013,
혈액화학 검사비와 판독료,서울특별시,관악구,51730,80000,86947,170000,,11,11,132,MEDIT00013,seoul-Gwanak-gu,서울특별시,MEDIT00013,
혈액화학 검사비와 판독료,서울특별시,광진구,50000,80000,85642,150000,,11,11,133,MEDIT00013,seoul-Gwangjin-gu,서울특별시,MEDIT00013,
혈액화학 검사비와 판독료,서울특별시,구로구,50000,88000,88422,150000,,11,11,134,MEDIT00013,seoul-Guro-gu,서울특별시,MEDIT00013,
혈액화학 검사비와 판독료,서울특별시,금천구,65000,89000,101786,220000,,11,11,135,MEDIT00013,seoul-Geumcheon-gu,서울특별시,MEDIT00013,
혈액화학 검사비와 판독료,서울특별시,노원구,44000,80000,82915,152200,,11,11,136,MEDIT00013,seoul-Nowon-gu,서울특별시,MEDIT00013,
혈액화학 검사비와 판독료,서울특별시,도봉구,40000,60000,75462,120000,,11,11,137,MEDIT00013,seoul-Dobong-gu,서울특별시,MEDIT00013,
혈액화학 검사비와 판독료,서울특별시,동대문구,30000,71000,82850,150000,,11,11,138,MEDIT00013,seoul-Dongdaemun-gu,서울특별시,MEDIT00013,
혈액화학 검사비와 판독료,서울특별시,동작구,45000,90750,88675,141000,,11,11,139,MEDIT00013,seoul-Dongjak-gu,서울특별시,MEDIT00013,
혈액화학 검사비와 판독료,서울특별시,마포구,45000,80000,84656,130000,,11,11,140,MEDIT00013,seoul-Mapo-gu,서울특별시,MEDIT00013,
혈액화학 검사비와 판독료,서울특별시,서대문구,50000,100000,103095,210000,,11,11,141,MEDIT00013,seoul-Seodaemun-gu,서울특별시,MEDIT00013,
혈액화학 검사비와 판독료,서울특별시,서초구,50000,99500,98544,200000,,11,11,142,MEDIT00013,seoul-Seocho-gu,서울특별시,MEDIT00013,
혈액화학 검사비와 판독료,서울특별시,성동구,40000,99500,90958,140000,,11,11,143,MEDIT00013,seoul-Seongdong-gu,서울특별시,MEDIT00013,
혈액화학 검사비와 판독료,서울특별시,성북구,45000,88000,85964,200000,,11,11,144,MEDIT00013,seoul-Seongbuk-gu,서울특별시,MEDIT00013,
혈액화학 검사비와 판독료,서울특별시,송파구,50000,88000,89986,220000,,11,11,145,MEDIT00013,seoul-Songpa-gu,서울특별시,MEDIT00013,
혈액화학 검사비와 판독료,서울특별시,양천구,50000,88000,88823,160000,,11,11,146,MEDIT00013,seoul-Yangcheon-gu,서울특별시,MEDIT00013,
혈액화학 검사비와 판독료,서울특별시,영등포구,50000,90000,91143,150000,,11,11,147,MEDIT00013,seoul-Yeongdeungpo-gu,서울특별시,MEDIT00013,
혈액화학 검사비와 판독료,서울특별시,용산구,56000,82500,91682,160000,,11,11,148,MEDIT00013,seoul-Yongsan-gu,서울특별시,MEDIT00013,
혈액화학 검사비와 판독료,서울특별시,은평구,33000,80000,78750,120000,,11,11,149,MEDIT00013,seoul-Eunpyeong-gu,서울특별시,MEDIT00013,
혈액화학 검사비와 판독료,서울특별시,종로구,65000,100000,91667,110000,,11,11,150,MEDIT00013,seoul-Jongno-gu,서울특별시,MEDIT00013,
혈액화학 검사비와 판독료,서울특별시,중구,50000,80000,85706,120000,,11,11,151,MEDIT00013,seoul-jung-gu,서울특별시,MEDIT00013,
혈액화학 검사비와 판독료,서울특별시,중랑구,45000,100000,92276,140000,,11,11,152,MEDIT00013,seoul-Jungnang-gu,서울특별시,MEDIT00013,
혈액화학 검사비와 판독료,부산광역시,강서구,50000,78500,78600,100000,,26,26,111,MEDIT00013,Busan-Gangseo-gu,부산광역시,MEDIT00013,
혈액화학 검사비와 판독료,부산광역시,금정구,55000,90000,89971,170000,,26,26,112,MEDIT00013,Busan-Geumjeong-gu,부산광역시,MEDIT00013,
혈액화학 검사비와 판독료,부산광역시,기장군,53000,70000,74909,110000,,26,26,113,MEDIT00013,Busan-Gijang-gun,부산광역시,MEDIT00013,
혈액화학 검사비와 판독료,부산광역시,남구,46200,61500,74714,129800,,26,26,114,MEDIT00013,Busan-Nam-gu,부산광역시,MEDIT00013,
혈액화학 검사비와 판독료,부산광역시,동구,70000,70000,72333,77000,,26,26,115,MEDIT00013,Busan-Dong-gu,부산광역시,MEDIT00013,
혈액화학 검사비와 판독료,부산광역시,동래구,50000,80000,80467,135000,,26,26,116,MEDIT00013,Busan-Dongrae-gu,부산광역시,MEDIT00013,
혈액화학 검사비와 판독료,부산광역시,부산진구,50000,80000,84821,140000,,26,26,117,MEDIT00013,Busan-Busanjin-gu,부산광역시,MEDIT00013,
혈액화학 검사비와 판독료,부산광역시,북구,55000,86500,88813,200000,,26,26,118,MEDIT00013,Busan-Buk-gu,부산광역시,MEDIT00013,
혈액화학 검사비와 판독료,부산광역시,사상구,44000,70000,77000,150000,,26,26,119,MEDIT00013,Busan-Sasang-gu,부산광역시,MEDIT00013,
혈액화학 검사비와 판독료,부산광역시,사하구,55000,77000,79941,120000,,26,26,120,MEDIT00013,Busan-Saha-gu,부산광역시,MEDIT00013,
혈액화학 검사비와 판독료,부산광역시,서구,50000,70000,72000,100000,,26,26,121,MEDIT00013,Busan-Seo-gu,부산광역시,MEDIT00013,
혈액화학 검사비와 판독료,부산광역시,수영구,45000,80000,84167,170000,,26,26,122,MEDIT00013,Busan-Suyeong-gu,부산광역시,MEDIT00013,
혈액화학 검사비와 판독료,부산광역시,연제구,50000,95000,90000,130000,,26,26,123,MEDIT00013,Busan-Yeonje-gu,부산광역시,MEDIT00013,
혈액화학 검사비와 판독료,부산광역시,영도구,65000,102500,100500,132000,,26,26,124,MEDIT00013,Busan-Yeongdo-gu,부산광역시,MEDIT00013,
혈액화학 검사비와 판독료,부산광역시,중구,50000,80000,83333,120000,,26,26,125,MEDIT00013,Busan-Jung-gu,부산광역시,MEDIT00013,
혈액화학 검사비와 판독료,부산광역시,해운대구,40000,75000,77316,130000,,26,26,126,MEDIT00013,Busan-Haeundae-gu,부산광역시,MEDIT00013,
혈액화학 검사비와 판독료,대구광역시,남구,60000,85000,90000,150000,,27,27,96,MEDIT00013,Daegu-Nam-gu,대구광역시,MEDIT00013,
혈액화학 검사비와 판독료,대구광역시,달서구,55000,80000,87038,180000,,27,27,97,MEDIT00013,Daegu-Dalseo-gu,대구광역시,MEDIT00013,
혈액화학 검사비와 판독료,대구광역시,달성군,50000,70000,81533,140000,,27,27,98,MEDIT00013,Daegu-Dal-Sung-gun,대구광역시,MEDIT00013,
혈액화학 검사비와 판독료,대구광역시,동구,45000,100000,96200,130000,,27,27,99,MEDIT00013,Daegu-Dong-gu,대구광역시,MEDIT00013,
혈액화학 검사비와 판독료,대구광역시,북구,50000,77000,84500,160000,,27,27,100,MEDIT00013,Daegu-Buk-gu,대구광역시,MEDIT00013,
혈액화학 검사비와 판독료,대구광역시,서구,50000,70000,79000,120000,,27,27,101,MEDIT00013,Daegu-Seo-gu,대구광역시,MEDIT00013,
혈액화학 검사비와 판독료,대구광역시,수성구,47900,80000,99234,235000,,27,27,102,MEDIT00013,Daegu-Suseong-gu,대구광역시,MEDIT00013,
혈액화학 검사비와 판독료,대구광역시,중구,50000,60000,82308,200000,,27,27,103,MEDIT00013,Daegu-Jung-gu,대구광역시,MEDIT00013,
혈액화학 검사비와 판독료,인천광역시,강화군,70000,70000,70000,70000,,28,28,162,MEDIT00013,Incheon-Ganghwa-gun,인천광역시,MEDIT00013,
혈액화학 검사비와 판독료,인천광역시,계양구,50000,99000,96200,150000,,28,28,163,MEDIT00013,Incheon-Gyeyang-gu,인천광역시,MEDIT00013,
혈액화학 검사비와 판독료,인천광역시,남동구,40000,80000,91714,200000,,28,28,164,MEDIT00013,Incheon-Namdong-gu,인천광역시,MEDIT00013,
혈액화학 검사비와 판독료,인천광역시,동구,100000,140000,140000,180000,,28,28,165,MEDIT00013,Incheon-Dong-gu,인천광역시,MEDIT00013,
혈액화학 검사비와 판독료,인천광역시,미추홀구,50000,87500,92409,150000,,28,28,166,MEDIT00013,Incheon-Michuhol-gu,인천광역시,MEDIT00013,
혈액화학 검사비와 판독료,인천광역시,부평구,40000,80000,86031,150000,,28,28,167,MEDIT00013,Incheon-Bupyeong-gu,인천광역시,MEDIT00013,
혈액화학 검사비와 판독료,인천광역시,서구,45000,78500,80965,121000,,28,28,168,MEDIT00013,Incheon-Seo-gu,인천광역시,MEDIT00013,
혈액화학 검사비와 판독료,인천광역시,연수구,48500,92500,89938,150000,,28,28,169,MEDIT00013,Incheon-Yeonsu-gu,인천광역시,MEDIT00013,
혈액화학 검사비와 판독료,인천광역시,중구,30000,85000,78750,110000,,28,28,170,MEDIT00013,Incheon-Jung-gu,인천광역시,MEDIT00013,
혈액화학 검사비와 판독료,광주광역시,광산구,50000,73500,76089,150000,,29,29,89,MEDIT00013,Gwangju-Gwangsan-gu,광주광역시,MEDIT00013,
혈액화학 검사비와 판독료,광주광역시,남구,50000,84000,88632,170000,,29,29,90,MEDIT00013,Gwangju-Nam-gu,광주광역시,MEDIT00013,
혈액화학 검사비와 판독료,광주광역시,동구,66000,92250,91750,120000,,29,29,91,MEDIT00013,Gwangju-Dong-gu,광주광역시,MEDIT00013,
혈액화학 검사비와 판독료,광주광역시,북구,40000,76000,76336,118000,,29,29,92,MEDIT00013,Gwangju-Buk-gu,광주광역시,MEDIT00013,
혈액화학 검사비와 판독료,광주광역시,서구,35000,80000,82815,140000,,29,29,93,MEDIT00013,Gwangju-Seo-gu,광주광역시,MEDIT00013,
혈액화학 검사비와 판독료,대전광역시,대덕구,60000,80000,77778,90000,,30,30,105,MEDIT00013,Daejeon-Daedeok-gu,대전광역시,MEDIT00013,
혈액화학 검사비와 판독료,대전광역시,동구,50000,89000,86833,130000,,30,30,106,MEDIT00013,Daejeon-Dong-gu,대전광역시,MEDIT00013,
혈액화학 검사비와 판독료,대전광역시,서구,40000,80000,84871,150000,,30,30,107,MEDIT00013,Daejeon-Seo-gu,대전광역시,MEDIT00013,
혈액화학 검사비와 판독료,대전광역시,유성구,40000,80000,89652,170000,,30,30,108,MEDIT00013,Daejeon-Yuseong-gu,대전광역시,MEDIT00013,
혈액화학 검사비와 판독료,대전광역시,중구,30000,79500,72286,120000,,30,30,109,MEDIT00013,Daejeon-Jung-gu,대전광역시,MEDIT00013,
혈액화학 검사비와 판독료,울산광역시,남구,50000,90000,87854,149600,,31,31,156,MEDIT00013,Ulsan-Nam-gu,울산광역시,MEDIT00013,
혈액화학 검사비와 판독료,울산광역시,동구,50000,72000,72333,100000,,31,31,157,MEDIT00013,Ulsan-Dong-gu,울산광역시,MEDIT00013,
혈액화학 검사비와 판독료,울산광역시,북구,49000,80000,87000,150000,,31,31,158,MEDIT00013,Ulsan-Buk-gu,울산광역시,MEDIT00013,
혈액화학 검사비와 판독료,울산광역시,울주군,50000,80000,88143,120000,,31,31,159,MEDIT00013,Ulsan-Ulju-gun,울산광역시,MEDIT00013,
혈액화학 검사비와 판독료,울산광역시,중구,40000,80000,82273,150000,,31,31,160,MEDIT00013,Ulsan-Jung-gu,울산광역시,MEDIT00013,
혈액화학 검사비와 판독료,세종특별자치시,세종특별자치시,50000,70000,78711,125000,,36,36,154,MEDIT00013,Sejong-Sejong-si,세종특별자치시,MEDIT00013,
혈액화학 검사비와 판독료,경기도,가평군,50000,80000,80000,110000,,41,41,19,MEDIT00013,Gyeonggi-Gapyeong-gun,경기도,MEDIT00013,
혈액화학 검사비와 판독료,경기도,고양시,30000,82000,86164,175000,,41,41,20,MEDIT00013,Gyeonggi-Goyang-si,경기도,MEDIT00013,
혈액화학 검사비와 판독료,경기도,과천시,65000,85000,102500,200000,,41,41,21,MEDIT00013,Gyeonggi-Gwacheon,경기도,MEDIT00013,
혈액화학 검사비와 판독료,경기도,광명시,55000,76500,81125,120000,,41,41,22,MEDIT00013,Gyeonggi-Gwangmyeong,경기도,MEDIT00013,
혈액화학 검사비와 판독료,경기도,광주시,35000,83500,80423,115000,,41,41,23,MEDIT00013,Gyeonggi-Gwangju-si,경기도,MEDIT00013,
혈액화학 검사비와 판독료,경기도,구리시,50000,80000,91000,188000,,41,41,24,MEDIT00013,Gyeonggi-Guri-si,경기도,MEDIT00013,
혈액화학 검사비와 판독료,경기도,군포시,50000,99000,92055,140000,,41,41,25,MEDIT00013,Gyeonggi-Gunpo,경기도,MEDIT00013,
혈액화학 검사비와 판독료,경기도,김포시,40000,81750,88038,160000,,41,41,26,MEDIT00013,Gyeonggi-Gimpo-si,경기도,MEDIT00013,
혈액화학 검사비와 판독료,경기도,남양주시,40000,80000,89838,171000,,41,41,27,MEDIT00013,Gyeonggi-Namyangju-si,경기도,MEDIT00013,
혈액화학 검사비와 판독료,경기도,동두천시,50000,65000,68000,98000,,41,41,28,MEDIT00013,Gyeonggi-Dongducheon-si,경기도,MEDIT00013,
혈액화학 검사비와 판독료,경기도,부천시,40000,82500,87243,200000,,41,41,29,MEDIT00013,Gyeonggi-Bucheon,경기도,MEDIT00013,
혈액화학 검사비와 판독료,경기도,성남시,30000,80750,85867,250000,,41,41,30,MEDIT00013,Gyeonggi-Seongnam,경기도,MEDIT00013,
혈액화학 검사비와 판독료,경기도,수원시,33000,90000,91765,180000,,41,41,31,MEDIT00013,Gyeonggi-Suwon-si,경기도,MEDIT00013,
혈액화학 검사비와 판독료,경기도,시흥시,49000,85000,86656,130000,,41,41,32,MEDIT00013,Gyeonggi-Siheung,경기도,MEDIT00013,
혈액화학 검사비와 판독료,경기도,안산시,50000,90000,89250,150000,,41,41,33,MEDIT00013,Gyeonggi-Ansan,경기도,MEDIT00013,
혈액화학 검사비와 판독료,경기도,안성시,50000,80000,85769,120000,,41,41,34,MEDIT00013,Gyeonggi-Anseong-si,경기도,MEDIT00013,
혈액화학 검사비와 판독료,경기도,안양시,45000,88000,90058,170000,,41,41,35,MEDIT00013,Gyeonggi-Anyang,경기도,MEDIT00013,
혈액화학 검사비와 판독료,경기도,양주시,60000,94500,93550,136500,,41,41,36,MEDIT00013,Gyeonggi-Yangju-si,경기도,MEDIT00013,
혈액화학 검사비와 판독료,경기도,양평군,50000,78000,81444,130000,,41,41,37,MEDIT00013,Gyeonggi-Yangpyeong-gun,경기도,MEDIT00013,
혈액화학 검사비와 판독료,경기도,여주시,60000,90000,92500,130000,,41,41,38,MEDIT00013,Gyeonggi-Yeoju-si,경기도,MEDIT00013,
혈액화학 검사비와 판독료,경기도,오산시,45000,100000,92750,160000,,41,41,39,MEDIT00013,Gyeonggi-Osan-si,경기도,MEDIT00013,
혈액화학 검사비와 판독료,경기도,용인시,40000,90000,88738,150000,,41,41,40,MEDIT00013,Gyeonggi-Yongin-si,경기도,MEDIT00013,
혈액화학 검사비와 판독료,경기도,의왕시,59500,89500,84350,100000,,41,41,41,MEDIT00013,Gyeonggi-Uiwang,경기도,MEDIT00013,
혈액화학 검사비와 판독료,경기도,의정부시,40000,86000,83933,121000,,41,41,42,MEDIT00013,Gyeonggi-Uijeongbu-si,경기도,MEDIT00013,
혈액화학 검사비와 판독료,경기도,이천시,31000,61900,85771,220000,,41,41,43,MEDIT00013,Gyeonggi-Icheon-si,경기도,MEDIT00013,
혈액화학 검사비와 판독료,경기도,파주시,50000,80000,82828,150000,,41,41,44,MEDIT00013,Gyeonggi-Paju-si,경기도,MEDIT00013,
혈액화학 검사비와 판독료,경기도,평택시,45000,89000,84742,150000,,41,41,45,MEDIT00013,Gyeonggi-Pyeongtaek-si,경기도,MEDIT00013,
혈액화학 검사비와 판독료,경기도,포천시,65000,70000,70000,75000,,41,41,46,MEDIT00013,Gyeonggi-Pocheon-si,경기도,MEDIT00013,
혈액화학 검사비와 판독료,경기도,하남시,48000,78500,80933,150000,,41,41,47,MEDIT00013,Gyeonggi-Hanam-si,경기도,MEDIT00013,
혈액화학 검사비와 판독료,경기도,화성시,35000,80000,85158,200000,,41,41,48,MEDIT00013,Gyeonggi-Hwaseong-si,경기도,MEDIT00013,
혈액화학 검사비와 판독료,강원특별자치도,강릉시,50000,90000,91133,140000,,42,42,2,MEDIT00013,Gangwon-Gangneung-si,강원특별자치도,MEDIT00013,
혈액화학 검사비와 판독료,강원특별자치도,고성군,80000,80000,80000,80000,,42,42,3,MEDIT00013,Gangwon-Gosung-gun,강원특별자치도,MEDIT00013,
혈액화학 검사비와 판독료,강원특별자치도,동해시,80000,92500,91250,100000,,42,42,4,MEDIT00013,Gangwon-Donghae-si,강원특별자치도,MEDIT00013,
혈액화학 검사비와 판독료,강원특별자치도,삼척시,100000,100000,100000,100000,,42,42,5,MEDIT00013,Gangwon-Samcheok-si,강원특별자치도,MEDIT00013,
혈액화학 검사비와 판독료,강원특별자치도,속초시,60000,85000,111667,250000,,42,42,6,MEDIT00013,Gangwon-Sokcho-si,강원특별자치도,MEDIT00013,
혈액화학 검사비와 판독료,강원특별자치도,양양군,40000,45000,45000,50000,,42,42,8,MEDIT00013,Gangwon-Yangyang-gun,강원특별자치도,MEDIT00013,
혈액화학 검사비와 판독료,강원특별자치도,영월군,88000,104000,104000,120000,,42,42,9,MEDIT00013,Gangwon-Yeongwol-gun,강원특별자치도,MEDIT00013,
혈액화학 검사비와 판독료,강원특별자치도,원주시,40000,63500,69000,110000,,42,42,10,MEDIT00013,Gangwon-Wonju-si,강원특별자치도,MEDIT00013,
혈액화학 검사비와 판독료,강원특별자치도,인제군,120000,120000,120000,120000,,42,42,11,MEDIT00013,Gangwon-Inje-gun,강원특별자치도,MEDIT00013,
혈액화학 검사비와 판독료,강원특별자치도,춘천시,40000,70000,72294,110000,,42,42,13,MEDIT00013,Gangwon-Chuncheon-si,강원특별자치도,MEDIT00013,
혈액화학 검사비와 판독료,강원특별자치도,태백시,60000,70000,70000,80000,,42,42,14,MEDIT00013,Gangwon-Taebaek-si,강원특별자치도,MEDIT00013,
혈액화학 검사비와 판독료,강원특별자치도,홍천군,50000,80000,90000,150000,,42,42,15,MEDIT00013,Gangwon-Hongcheon-gun,강원특별자치도,MEDIT00013,
혈액화학 검사비와 판독료,강원특별자치도,횡성군,67000,73500,73500,80000,,42,42,17,MEDIT00013,Gangwon-Hoengseong-gun,강원특별자치도,MEDIT00013,
혈액화학 검사비와 판독료,충청북도,보은군,90000,90000,90000,90000,,43,43,225,MEDIT00013,Chungbuk-Boeun-gun,충청북도,MEDIT00013,
혈액화학 검사비와 판독료,충청북도,영동군,60000,70000,66667,70000,,43,43,226,MEDIT00013,Chungbuk-Yeongdong-gun,충청북도,MEDIT00013,
혈액화학 검사비와 판독료,충청북도,옥천군,50000,99000,109667,180000,,43,43,227,MEDIT00013,Chungbuk-Okcheon-gun,충청북도,MEDIT00013,
혈액화학 검사비와 판독료,충청북도,음성군,50000,60000,70000,100000,,43,43,228,MEDIT00013,Chungbuk-Eumseong-gun,충청북도,MEDIT00013,
혈액화학 검사비와 판독료,충청북도,제천시,66000,99500,103833,150000,,43,43,229,MEDIT00013,Chungbuk-Jecheon-si,충청북도,MEDIT00013,
혈액화학 검사비와 판독료,충청북도,증평군,45000,62500,62500,80000,,43,43,230,MEDIT00013,Chungbuk-Jeungpyeong-gun,충청북도,MEDIT00013,
혈액화학 검사비와 판독료,충청북도,진천군,44000,70000,64200,80000,,43,43,231,MEDIT00013,Chungbuk-Jincheon-gun,충청북도,MEDIT00013,
혈액화학 검사비와 판독료,충청북도,청주시,35000,85000,81591,187000,,43,43,232,MEDIT00013,Chungbuk-Cheongju-si,충청북도,MEDIT00013,
혈액화학 검사비와 판독료,충청북도,충주시,55000,80000,84286,110000,,43,43,233,MEDIT00013,Chungbuk-Chungju-si,충청북도,MEDIT00013,
혈액화학 검사비와 판독료,충청남도,계룡시,50000,95000,81667,100000,,44,44,207,MEDIT00013,Chungnam-Gyeryong-si,충청남도,MEDIT00013,
혈액화학 검사비와 판독료,충청남도,공주시,90000,100000,100000,110000,,44,44,208,MEDIT00013,Chungnam-Gongju-si,충청남도,MEDIT00013,
혈액화학 검사비와 판독료,충청남도,금산군,80000,90000,90000,100000,,44,44,209,MEDIT00013,Chungnam-Geumsan-gun,충청남도,MEDIT00013,
혈액화학 검사비와 판독료,충청남도,논산시,80000,99000,97250,111000,,44,44,210,MEDIT00013,Chungnam-Nonsan-si,충청남도,MEDIT00013,
혈액화학 검사비와 판독료,충청남도,당진시,50000,60000,65143,90000,,44,44,211,MEDIT00013,Chungnam-Dangjin-si,충청남도,MEDIT00013,
혈액화학 검사비와 판독료,충청남도,보령시,50000,60000,60000,70000,,44,44,212,MEDIT00013,Chungnam-Boryeong-si,충청남도,MEDIT00013,
혈액화학 검사비와 판독료,충청남도,부여군,70000,90000,93333,120000,,44,44,213,MEDIT00013,Chungnam-Buyeo-gun,충청남도,MEDIT00013,
혈액화학 검사비와 판독료,충청남도,서산시,50000,100000,92500,150000,,44,44,214,MEDIT00013,Chungnam-Seosan-si,충청남도,MEDIT00013,
혈액화학 검사비와 판독료,충청남도,아산시,55000,94000,90214,120000,,44,44,216,MEDIT00013,Chungnam-Asan-si,충청남도,MEDIT00013,
혈액화학 검사비와 판독료,충청남도,예산군,60000,79250,79250,98500,,44,44,217,MEDIT00013,Chungnam-Yesan-gun,충청남도,MEDIT00013,
혈액화학 검사비와 판독료,충청남도,천안시,40000,89000,89839,180000,,44,44,218,MEDIT00013,Chungnam-Cheonan-si,충청남도,MEDIT00013,
혈액화학 검사비와 판독료,충청남도,태안군,90000,95000,95000,100000,,44,44,220,MEDIT00013,Chungnam-Taean-gu,충청남도,MEDIT00013,
혈액화학 검사비와 판독료,충청남도,홍성군,60000,110000,102000,120000,,44,44,221,MEDIT00013,Chungnam-Hongseong-gun,충청남도,MEDIT00013,
혈액화학 검사비와 판독료,전북특별자치도,고창군,35000,35000,35000,35000,,45,45,191,MEDIT00013,Jeonbuk-Gochang-gun,전북특별자치도,MEDIT00013,
혈액화학 검사비와 판독료,전북특별자치도,군산시,40000,80000,73727,115000,,45,45,192,MEDIT00013,Jeonbuk-Gunsan-si,전북특별자치도,MEDIT00013,
혈액화학 검사비와 판독료,전북특별자치도,김제시,40000,60000,66667,100000,,45,45,193,MEDIT00013,Jeonbuk-Gimje-si,전북특별자치도,MEDIT00013,
혈액화학 검사비와 판독료,전북특별자치도,남원시,80000,90000,90000,100000,,45,45,194,MEDIT00013,Jeonbuk-Namwon-si,전북특별자치도,MEDIT00013,
혈액화학 검사비와 판독료,전북특별자치도,부안군,65000,77500,77500,90000,,45,45,196,MEDIT00013,Jeonbuk-Buan-gun,전북특별자치도,MEDIT00013,
혈액화학 검사비와 판독료,전북특별자치도,순창군,120000,120000,120000,120000,,45,45,197,MEDIT00013,Jeonbuk-Sunchang-gun,전북특별자치도,MEDIT00013,
혈액화학 검사비와 판독료,전북특별자치도,완주군,35000,100000,81667,110000,,45,45,198,MEDIT00013,Jeonbuk-Wanju-gun,전북특별자치도,MEDIT00013,
혈액화학 검사비와 판독료,전북특별자치도,익산시,52000,72000,75222,110000,,45,45,199,MEDIT00013,Jeonbuk-Iksan-si,전북특별자치도,MEDIT00013,
혈액화학 검사비와 판독료,전북특별자치도,전주시,35000,80000,82659,210000,,45,45,201,MEDIT00013,Jeonbuk-Jeonju-si,전북특별자치도,MEDIT00013,
혈액화학 검사비와 판독료,전북특별자치도,정읍시,35000,40000,40000,45000,,45,45,202,MEDIT00013,Jeonbuk-Jeongeup-si,전북특별자치도,MEDIT00013,
혈액화학 검사비와 판독료,전라남도,고흥군,50000,80000,80000,110000,,46,46,172,MEDIT00013,Jeonnam-Goheung-gun,전라남도,MEDIT00013,
혈액화학 검사비와 판독료,전라남도,광양시,70000,127500,126250,180000,,46,46,174,MEDIT00013,Jeonnam-Gwangyang-si,전라남도,MEDIT00013,
혈액화학 검사비와 판독료,전라남도,나주시,54000,92500,89833,120000,,46,46,176,MEDIT00013,Jeonnam-Naju-si,전라남도,MEDIT00013,
혈액화학 검사비와 판독료,전라남도,담양군,100000,100000,100000,100000,,46,46,177,MEDIT00013,Jeonnam-Damyang-gun,전라남도,MEDIT00013,
혈액화학 검사비와 판독료,전라남도,목포시,60000,80000,85000,110000,,46,46,178,MEDIT00013,Jeonnam-Mokpo-si,전라남도,MEDIT00013,
혈액화학 검사비와 판독료,전라남도,무안군,50000,75000,75000,100000,,46,46,179,MEDIT00013,Jeonnam-Muan-gun,전라남도,MEDIT00013,
혈액화학 검사비와 판독료,전라남도,순천시,68000,100000,95500,130000,,46,46,180,MEDIT00013,Jeonnam-Suncheon-si,전라남도,MEDIT00013,
혈액화학 검사비와 판독료,전라남도,여수시,37000,50000,53857,80000,,46,46,181,MEDIT00013,Jeonnam-Yeosu-si,전라남도,MEDIT00013,
혈액화학 검사비와 판독료,전라남도,영광군,90000,90000,90000,90000,,46,46,182,MEDIT00013,Jeonnam-Yeonggwang-gun,전라남도,MEDIT00013,
혈액화학 검사비와 판독료,전라남도,장흥군,80000,80000,80000,80000,,46,46,186,MEDIT00013,Jeonnam-Jangheung-gun,전라남도,MEDIT00013,
혈액화학 검사비와 판독료,전라남도,해남군,50000,60000,66667,90000,,46,46,188,MEDIT00013,Jeonnam-Haenam-gun,전라남도,MEDIT00013,
혈액화학 검사비와 판독료,전라남도,화순군,100000,110000,110000,120000,,46,46,189,MEDIT00013,Jeonnam-Hwasun-gun,전라남도,MEDIT00013,
혈액화학 검사비와 판독료,경상북도,경산시,60000,90000,87467,125000,,47,47,69,MEDIT00013,Gyeongbuk-Gyeongsan-si,경상북도,MEDIT00013,
혈액화학 검사비와 판독료,경상북도,경주시,55000,93500,89400,120000,,47,47,70,MEDIT00013,Gyeongbuk-Gyeongju-si,경상북도,MEDIT00013,
혈액화학 검사비와 판독료,경상북도,구미시,50000,80000,79240,150000,,47,47,72,MEDIT00013,Gyeongbuk-Gumi-si,경상북도,MEDIT00013,
혈액화학 검사비와 판독료,경상북도,김천시,50000,66000,63000,70000,,47,47,73,MEDIT00013,Gyeongbuk-Gimcheon-si,경상북도,MEDIT00013,
혈액화학 검사비와 판독료,경상북도,문경시,120000,120000,120000,120000,,47,47,74,MEDIT00013,Gyeongbuk-Mungyeong-si,경상북도,MEDIT00013,
혈액화학 검사비와 판독료,경상북도,상주시,30000,100000,82500,100000,,47,47,75,MEDIT00013,Gyeongbuk-Sangju-si,경상북도,MEDIT00013,
혈액화학 검사비와 판독료,경상북도,성주군,60000,75000,75000,90000,,47,47,76,MEDIT00013,Gyeongbuk-Seongju-gun,경상북도,MEDIT00013,
혈액화학 검사비와 판독료,경상북도,안동시,70000,80000,87400,120000,,47,47,77,MEDIT00013,Gyeongbuk-Andong-si,경상북도,MEDIT00013,
혈액화학 검사비와 판독료,경상북도,영덕군,90000,110000,110000,130000,,47,47,78,MEDIT00013,Gyeongbuk-Yeongdeok-gun,경상북도,MEDIT00013,
혈액화학 검사비와 판독료,경상북도,영주시,90000,115000,117500,150000,,47,47,79,MEDIT00013,Gyeongbuk-Yeongju-si,경상북도,MEDIT00013,
혈액화학 검사비와 판독료,경상북도,영천시,55000,67500,67500,80000,,47,47,80,MEDIT00013,Gyeongbuk-Yeongcheon-si,경상북도,MEDIT00013,
혈액화학 검사비와 판독료,경상북도,예천군,40000,53000,53000,66000,,47,47,81,MEDIT00013,Gyeongbuk-Yecheon-gun,경상북도,MEDIT00013,
혈액화학 검사비와 판독료,경상북도,청도군,40000,60000,73333,120000,,47,47,84,MEDIT00013,Gyeongbuk-Cheongdo-gun,경상북도,MEDIT00013,
혈액화학 검사비와 판독료,경상북도,칠곡군,50000,88000,96000,150000,,47,47,86,MEDIT00013,Gyeongbuk-Chilgok-gun,경상북도,MEDIT00013,
혈액화학 검사비와 판독료,경상북도,포항시,40000,88000,85169,187000,,47,47,87,MEDIT00013,Gyeongbuk-Pohang-si,경상북도,MEDIT00013,
혈액화학 검사비와 판독료,경상남도,거제시,60000,100000,91564,120000,,48,48,50,MEDIT00013,Gyeongnam-Geoje-si,경상남도,MEDIT00013,
혈액화학 검사비와 판독료,경상남도,거창군,65000,65000,65000,65000,,48,48,51,MEDIT00013,Gyeongnam-Geochang-gun,경상남도,MEDIT00013,
혈액화학 검사비와 판독료,경상남도,고성군,90000,120000,120000,150000,,48,48,52,MEDIT00013,Gyeongnam-Goseong-gun,경상남도,MEDIT00013,
혈액화학 검사비와 판독료,경상남도,김해시,40000,70000,80333,165000,,48,48,53,MEDIT00013,Gyeongnam-Gimhae-si,경상남도,MEDIT00013,
혈액화학 검사비와 판독료,경상남도,밀양시,60000,100000,95000,125000,,48,48,55,MEDIT00013,Gyeongnam-Miryang-si,경상남도,MEDIT00013,
혈액화학 검사비와 판독료,경상남도,사천시,40000,55000,62833,100000,,48,48,56,MEDIT00013,Gyeongnam-Sacheon-si,경상남도,MEDIT00013,
혈액화학 검사비와 판독료,경상남도,산청군,80000,80000,80000,80000,,48,48,57,MEDIT00013,Gyeongnam-Sancheong-gun,경상남도,MEDIT00013,
혈액화학 검사비와 판독료,경상남도,양산시,50000,80000,88490,150000,,48,48,58,MEDIT00013,Gyeongnam-Yangsan-si,경상남도,MEDIT00013,
혈액화학 검사비와 판독료,경상남도,진주시,55000,92500,92350,150000,,48,48,60,MEDIT00013,Gyeongnam-Jinju-si,경상남도,MEDIT00013,
혈액화학 검사비와 판독료,경상남도,창녕군,48000,74000,74000,100000,,48,48,61,MEDIT00013,Gyeongnam-Changnyeong-gun,경상남도,MEDIT00013,
혈액화학 검사비와 판독료,경상남도,창원시,50000,73500,82473,150000,,48,48,62,MEDIT00013,Gyeongnam-Changwon-si,경상남도,MEDIT00013,
혈액화학 검사비와 판독료,경상남도,통영시,48000,80000,80667,100000,,48,48,63,MEDIT00013,Gyeongnam-Tongyeong-si,경상남도,MEDIT00013,
혈액화학 검사비와 판독료,경상남도,하동군,40000,70000,70000,100000,,48,48,64,MEDIT00013,Gyeongnam-Hadong-gun,경상남도,MEDIT00013,
혈액화학 검사비와 판독료,경상남도,함안군,90000,90000,90000,90000,,48,48,65,MEDIT00013,Gyeongnam-Haman-gun,경상남도,MEDIT00013,
혈액화학 검사비와 판독료,경상남도,합천군,90000,90000,90000,90000,,48,48,67,MEDIT00013,Gyeongnam-Hapcheon-gu,경상남도,MEDIT00013,
혈액화학 검사비와 판독료,제주특별자치도,서귀포시,60000,90000,84727,110000,,50,50,204,MEDIT00013,Jeju-Seogwipo,제주특별자치도,MEDIT00013,
혈액화학 검사비와 판독료,제주특별자치도,제주시,45000,90000,90953,200000,,50,50,205,MEDIT00013,Jeju-Jeju-si,제주특별자치도,MEDIT00013,
전해질 검사비와 판독료,서울특별시,강남구,15000,33000,34613,60000,,11,11,128,MEDIT00014,seoul-Gangnam-gu,서울특별시,MEDIT00014,
전해질 검사비와 판독료,서울특별시,강동구,20000,30000,31589,50000,,11,11,129,MEDIT00014,seoul-Gangdong-gu,서울특별시,MEDIT00014,
전해질 검사비와 판독료,서울특별시,강북구,10000,30000,30094,50000,,11,11,130,MEDIT00014,seoul-Gangbuk-gu,서울특별시,MEDIT00014,
전해질 검사비와 판독료,서울특별시,강서구,20000,33000,36536,80000,,11,11,131,MEDIT00014,seoul-Gangseo-gu,서울특별시,MEDIT00014,
전해질 검사비와 판독료,서울특별시,관악구,10000,35000,34491,45820,,11,11,132,MEDIT00014,seoul-Gwanak-gu,서울특별시,MEDIT00014,
전해질 검사비와 판독료,서울특별시,광진구,10000,30000,32485,77000,,11,11,133,MEDIT00014,seoul-Gwangjin-gu,서울특별시,MEDIT00014,
전해질 검사비와 판독료,서울특별시,구로구,20000,35000,35362,50000,,11,11,134,MEDIT00014,seoul-Guro-gu,서울특별시,MEDIT00014,
전해질 검사비와 판독료,서울특별시,금천구,20000,35000,35000,50000,,11,11,135,MEDIT00014,seoul-Geumcheon-gu,서울특별시,MEDIT00014,
전해질 검사비와 판독료,서울특별시,노원구,16000,34000,35883,70000,,11,11,136,MEDIT00014,seoul-Nowon-gu,서울특별시,MEDIT00014,
전해질 검사비와 판독료,서울특별시,도봉구,20000,30000,33841,75000,,11,11,137,MEDIT00014,seoul-Dobong-gu,서울특별시,MEDIT00014,
전해질 검사비와 판독료,서울특별시,동대문구,20000,31250,32132,50000,,11,11,138,MEDIT00014,seoul-Dongdaemun-gu,서울특별시,MEDIT00014,
전해질 검사비와 판독료,서울특별시,동작구,19000,31500,32333,55000,,11,11,139,MEDIT00014,seoul-Dongjak-gu,서울특별시,MEDIT00014,
전해질 검사비와 판독료,서울특별시,마포구,20000,30000,32160,50000,,11,11,140,MEDIT00014,seoul-Mapo-gu,서울특별시,MEDIT00014,
전해질 검사비와 판독료,서울특별시,서대문구,20000,35000,40063,95000,,11,11,141,MEDIT00014,seoul-Seodaemun-gu,서울특별시,MEDIT00014,
전해질 검사비와 판독료,서울특별시,서초구,10000,35000,40441,90000,,11,11,142,MEDIT00014,seoul-Seocho-gu,서울특별시,MEDIT00014,
전해질 검사비와 판독료,서울특별시,성동구,22000,30000,31474,50000,,11,11,143,MEDIT00014,seoul-Seongdong-gu,서울특별시,MEDIT00014,
전해질 검사비와 판독료,서울특별시,성북구,18000,30000,31996,66000,,11,11,144,MEDIT00014,seoul-Seongbuk-gu,서울특별시,MEDIT00014,
전해질 검사비와 판독료,서울특별시,송파구,15000,33000,35675,70000,,11,11,145,MEDIT00014,seoul-Songpa-gu,서울특별시,MEDIT00014,
전해질 검사비와 판독료,서울특별시,양천구,10000,30000,31883,63800,,11,11,146,MEDIT00014,seoul-Yangcheon-gu,서울특별시,MEDIT00014,
전해질 검사비와 판독료,서울특별시,영등포구,25000,35000,37783,60000,,11,11,147,MEDIT00014,seoul-Yeongdeungpo-gu,서울특별시,MEDIT00014,
전해질 검사비와 판독료,서울특별시,용산구,16500,30000,32833,65000,,11,11,148,MEDIT00014,seoul-Yongsan-gu,서울특별시,MEDIT00014,
전해질 검사비와 판독료,서울특별시,은평구,20000,30000,32242,50000,,11,11,149,MEDIT00014,seoul-Eunpyeong-gu,서울특별시,MEDIT00014,
전해질 검사비와 판독료,서울특별시,종로구,25000,33000,32889,40000,,11,11,150,MEDIT00014,seoul-Jongno-gu,서울특별시,MEDIT00014,
전해질 검사비와 판독료,서울특별시,중구,20000,35000,34800,44000,,11,11,151,MEDIT00014,seoul-jung-gu,서울특별시,MEDIT00014,
전해질 검사비와 판독료,서울특별시,중랑구,20000,35000,35405,55000,,11,11,152,MEDIT00014,seoul-Jungnang-gu,서울특별시,MEDIT00014,
전해질 검사비와 판독료,부산광역시,강서구,20000,32700,37440,100000,,26,26,111,MEDIT00014,Busan-Gangseo-gu,부산광역시,MEDIT00014,
전해질 검사비와 판독료,부산광역시,금정구,20000,30000,33719,60000,,26,26,112,MEDIT00014,Busan-Geumjeong-gu,부산광역시,MEDIT00014,
전해질 검사비와 판독료,부산광역시,기장군,25000,31500,33667,44000,,26,26,113,MEDIT00014,Busan-Gijang-gun,부산광역시,MEDIT00014,
전해질 검사비와 판독료,부산광역시,남구,10000,30000,27508,42000,,26,26,114,MEDIT00014,Busan-Nam-gu,부산광역시,MEDIT00014,
전해질 검사비와 판독료,부산광역시,동구,20000,32000,32000,44000,,26,26,115,MEDIT00014,Busan-Dong-gu,부산광역시,MEDIT00014,
전해질 검사비와 판독료,부산광역시,동래구,20000,32000,31657,45000,,26,26,116,MEDIT00014,Busan-Dongrae-gu,부산광역시,MEDIT00014,
전해질 검사비와 판독료,부산광역시,부산진구,20000,30000,32607,55000,,26,26,117,MEDIT00014,Busan-Busanjin-gu,부산광역시,MEDIT00014,
전해질 검사비와 판독료,부산광역시,북구,25000,35000,34486,44000,,26,26,118,MEDIT00014,Busan-Buk-gu,부산광역시,MEDIT00014,
전해질 검사비와 판독료,부산광역시,사상구,20000,30000,32833,55000,,26,26,119,MEDIT00014,Busan-Sasang-gu,부산광역시,MEDIT00014,
전해질 검사비와 판독료,부산광역시,사하구,19200,30000,28800,40000,,26,26,120,MEDIT00014,Busan-Saha-gu,부산광역시,MEDIT00014,
전해질 검사비와 판독료,부산광역시,서구,15000,25000,23750,30000,,26,26,121,MEDIT00014,Busan-Seo-gu,부산광역시,MEDIT00014,
전해질 검사비와 판독료,부산광역시,수영구,20000,30000,31471,50000,,26,26,122,MEDIT00014,Busan-Suyeong-gu,부산광역시,MEDIT00014,
전해질 검사비와 판독료,부산광역시,연제구,22000,30000,31917,42000,,26,26,123,MEDIT00014,Busan-Yeonje-gu,부산광역시,MEDIT00014,
전해질 검사비와 판독료,부산광역시,영도구,30000,40000,43333,60000,,26,26,124,MEDIT00014,Busan-Yeongdo-gu,부산광역시,MEDIT00014,
전해질 검사비와 판독료,부산광역시,중구,30000,30000,30000,30000,,26,26,125,MEDIT00014,Busan-Jung-gu,부산광역시,MEDIT00014,
전해질 검사비와 판독료,부산광역시,해운대구,15000,30000,27710,40000,,26,26,126,MEDIT00014,Busan-Haeundae-gu,부산광역시,MEDIT00014,
전해질 검사비와 판독료,대구광역시,남구,20000,37500,35833,50000,,27,27,96,MEDIT00014,Daegu-Nam-gu,대구광역시,MEDIT00014,
전해질 검사비와 판독료,대구광역시,달서구,20000,30000,34054,60000,,27,27,97,MEDIT00014,Daegu-Dalseo-gu,대구광역시,MEDIT00014,
전해질 검사비와 판독료,대구광역시,달성군,20000,30000,30393,45000,,27,27,98,MEDIT00014,Daegu-Dal-Sung-gun,대구광역시,MEDIT00014,
전해질 검사비와 판독료,대구광역시,동구,27000,33000,34769,50000,,27,27,99,MEDIT00014,Daegu-Dong-gu,대구광역시,MEDIT00014,
전해질 검사비와 판독료,대구광역시,북구,15000,31500,32417,45000,,27,27,100,MEDIT00014,Daegu-Buk-gu,대구광역시,MEDIT00014,
전해질 검사비와 판독료,대구광역시,서구,25000,30000,34286,50000,,27,27,101,MEDIT00014,Daegu-Seo-gu,대구광역시,MEDIT00014,
전해질 검사비와 판독료,대구광역시,수성구,20000,30950,36821,95000,,27,27,102,MEDIT00014,Daegu-Suseong-gu,대구광역시,MEDIT00014,
전해질 검사비와 판독료,대구광역시,중구,30000,30000,33364,45000,,27,27,103,MEDIT00014,Daegu-Jung-gu,대구광역시,MEDIT00014,
전해질 검사비와 판독료,인천광역시,강화군,20000,25000,25000,30000,,28,28,162,MEDIT00014,Incheon-Ganghwa-gun,인천광역시,MEDIT00014,
전해질 검사비와 판독료,인천광역시,계양구,15000,40000,43256,100000,,28,28,163,MEDIT00014,Incheon-Gyeyang-gu,인천광역시,MEDIT00014,
전해질 검사비와 판독료,인천광역시,남동구,20000,35000,34750,55000,,28,28,164,MEDIT00014,Incheon-Namdong-gu,인천광역시,MEDIT00014,
전해질 검사비와 판독료,인천광역시,동구,20000,26500,26500,33000,,28,28,165,MEDIT00014,Incheon-Dong-gu,인천광역시,MEDIT00014,
전해질 검사비와 판독료,인천광역시,미추홀구,20000,33000,34188,60000,,28,28,166,MEDIT00014,Incheon-Michuhol-gu,인천광역시,MEDIT00014,
전해질 검사비와 판독료,인천광역시,부평구,20000,33000,36630,55000,,28,28,167,MEDIT00014,Incheon-Bupyeong-gu,인천광역시,MEDIT00014,
전해질 검사비와 판독료,인천광역시,서구,15000,31000,31775,60000,,28,28,168,MEDIT00014,Incheon-Seo-gu,인천광역시,MEDIT00014,
전해질 검사비와 판독료,인천광역시,연수구,20000,35000,35056,50000,,28,28,169,MEDIT00014,Incheon-Yeonsu-gu,인천광역시,MEDIT00014,
전해질 검사비와 판독료,인천광역시,중구,25000,30000,30000,35000,,28,28,170,MEDIT00014,Incheon-Jung-gu,인천광역시,MEDIT00014,
전해질 검사비와 판독료,광주광역시,광산구,20000,33000,31800,50000,,29,29,89,MEDIT00014,Gwangju-Gwangsan-gu,광주광역시,MEDIT00014,
전해질 검사비와 판독료,광주광역시,남구,20000,37000,37000,80000,,29,29,90,MEDIT00014,Gwangju-Nam-gu,광주광역시,MEDIT00014,
전해질 검사비와 판독료,광주광역시,동구,20000,33000,36400,55000,,29,29,91,MEDIT00014,Gwangju-Dong-gu,광주광역시,MEDIT00014,
전해질 검사비와 판독료,광주광역시,북구,11000,30000,32271,60000,,29,29,92,MEDIT00014,Gwangju-Buk-gu,광주광역시,MEDIT00014,
전해질 검사비와 판독료,광주광역시,서구,20000,33000,35240,60000,,29,29,93,MEDIT00014,Gwangju-Seo-gu,광주광역시,MEDIT00014,
전해질 검사비와 판독료,대전광역시,대덕구,15000,35000,32143,50000,,30,30,105,MEDIT00014,Daejeon-Daedeok-gu,대전광역시,MEDIT00014,
전해질 검사비와 판독료,대전광역시,동구,25000,32500,38100,88000,,30,30,106,MEDIT00014,Daejeon-Dong-gu,대전광역시,MEDIT00014,
전해질 검사비와 판독료,대전광역시,서구,20000,35000,39455,80000,,30,30,107,MEDIT00014,Daejeon-Seo-gu,대전광역시,MEDIT00014,
전해질 검사비와 판독료,대전광역시,유성구,10000,33000,34183,71500,,30,30,108,MEDIT00014,Daejeon-Yuseong-gu,대전광역시,MEDIT00014,
전해질 검사비와 판독료,대전광역시,중구,25000,30000,33333,45000,,30,30,109,MEDIT00014,Daejeon-Jung-gu,대전광역시,MEDIT00014,
전해질 검사비와 판독료,울산광역시,남구,20000,30000,29400,48400,,31,31,156,MEDIT00014,Ulsan-Nam-gu,울산광역시,MEDIT00014,
전해질 검사비와 판독료,울산광역시,동구,20000,30000,28600,35000,,31,31,157,MEDIT00014,Ulsan-Dong-gu,울산광역시,MEDIT00014,
전해질 검사비와 판독료,울산광역시,북구,25000,30000,33125,47000,,31,31,158,MEDIT00014,Ulsan-Buk-gu,울산광역시,MEDIT00014,
전해질 검사비와 판독료,울산광역시,울주군,25000,35000,34000,40000,,31,31,159,MEDIT00014,Ulsan-Ulju-gun,울산광역시,MEDIT00014,
전해질 검사비와 판독료,울산광역시,중구,25000,30000,30300,35000,,31,31,160,MEDIT00014,Ulsan-Jung-gu,울산광역시,MEDIT00014,
전해질 검사비와 판독료,세종특별자치시,세종특별자치시,10000,30000,28240,44000,,36,36,154,MEDIT00014,Sejong-Sejong-si,세종특별자치시,MEDIT00014,
전해질 검사비와 판독료,경기도,가평군,30000,30000,30000,30000,,41,41,19,MEDIT00014,Gyeonggi-Gapyeong-gun,경기도,MEDIT00014,
전해질 검사비와 판독료,경기도,고양시,15000,33000,33139,60000,,41,41,20,MEDIT00014,Gyeonggi-Goyang-si,경기도,MEDIT00014,
전해질 검사비와 판독료,경기도,과천시,25000,30000,35000,50000,,41,41,21,MEDIT00014,Gyeonggi-Gwacheon,경기도,MEDIT00014,
전해질 검사비와 판독료,경기도,광명시,11000,30000,29100,42000,,41,41,22,MEDIT00014,Gyeonggi-Gwangmyeong,경기도,MEDIT00014,
전해질 검사비와 판독료,경기도,광주시,18000,30000,31318,45000,,41,41,23,MEDIT00014,Gyeonggi-Gwangju-si,경기도,MEDIT00014,
전해질 검사비와 판독료,경기도,구리시,15000,33000,35750,100000,,41,41,24,MEDIT00014,Gyeonggi-Guri-si,경기도,MEDIT00014,
전해질 검사비와 판독료,경기도,군포시,30000,30000,33109,41762,,41,41,25,MEDIT00014,Gyeonggi-Gunpo,경기도,MEDIT00014,
전해질 검사비와 판독료,경기도,김포시,20000,35000,37274,65000,,41,41,26,MEDIT00014,Gyeonggi-Gimpo-si,경기도,MEDIT00014,
전해질 검사비와 판독료,경기도,남양주시,15000,30000,31905,50000,,41,41,27,MEDIT00014,Gyeonggi-Namyangju-si,경기도,MEDIT00014,
전해질 검사비와 판독료,경기도,동두천시,30000,40000,39000,50000,,41,41,28,MEDIT00014,Gyeonggi-Dongducheon-si,경기도,MEDIT00014,
전해질 검사비와 판독료,경기도,부천시,15000,34000,36556,85000,,41,41,29,MEDIT00014,Gyeonggi-Bucheon,경기도,MEDIT00014,
전해질 검사비와 판독료,경기도,성남시,13200,30000,32254,57200,,41,41,30,MEDIT00014,Gyeonggi-Seongnam,경기도,MEDIT00014,
전해질 검사비와 판독료,경기도,수원시,11000,33000,32766,60000,,41,41,31,MEDIT00014,Gyeonggi-Suwon-si,경기도,MEDIT00014,
전해질 검사비와 판독료,경기도,시흥시,16500,33000,31362,44000,,41,41,32,MEDIT00014,Gyeonggi-Siheung,경기도,MEDIT00014,
전해질 검사비와 판독료,경기도,안산시,13000,30000,32280,70000,,41,41,33,MEDIT00014,Gyeonggi-Ansan,경기도,MEDIT00014,
전해질 검사비와 판독료,경기도,안성시,20000,30000,31273,40000,,41,41,34,MEDIT00014,Gyeonggi-Anseong-si,경기도,MEDIT00014,
전해질 검사비와 판독료,경기도,안양시,15000,35000,34931,55000,,41,41,35,MEDIT00014,Gyeonggi-Anyang,경기도,MEDIT00014,
전해질 검사비와 판독료,경기도,양주시,20000,33000,31536,47250,,41,41,36,MEDIT00014,Gyeonggi-Yangju-si,경기도,MEDIT00014,
전해질 검사비와 판독료,경기도,양평군,17500,30000,29063,40000,,41,41,37,MEDIT00014,Gyeonggi-Yangpyeong-gun,경기도,MEDIT00014,
전해질 검사비와 판독료,경기도,여주시,30000,36500,45750,80000,,41,41,38,MEDIT00014,Gyeonggi-Yeoju-si,경기도,MEDIT00014,
전해질 검사비와 판독료,경기도,오산시,20000,30000,31200,45000,,41,41,39,MEDIT00014,Gyeonggi-Osan-si,경기도,MEDIT00014,
전해질 검사비와 판독료,경기도,용인시,18000,30000,33148,60000,,41,41,40,MEDIT00014,Gyeonggi-Yongin-si,경기도,MEDIT00014,
전해질 검사비와 판독료,경기도,의왕시,20000,34000,34125,50000,,41,41,41,MEDIT00014,Gyeonggi-Uiwang,경기도,MEDIT00014,
전해질 검사비와 판독료,경기도,의정부시,20000,31500,33445,50000,,41,41,42,MEDIT00014,Gyeonggi-Uijeongbu-si,경기도,MEDIT00014,
전해질 검사비와 판독료,경기도,이천시,20000,33000,34556,55000,,41,41,43,MEDIT00014,Gyeonggi-Icheon-si,경기도,MEDIT00014,
전해질 검사비와 판독료,경기도,파주시,15000,30000,32283,50000,,41,41,44,MEDIT00014,Gyeonggi-Paju-si,경기도,MEDIT00014,
전해질 검사비와 판독료,경기도,평택시,15000,30000,36849,120000,,41,41,45,MEDIT00014,Gyeonggi-Pyeongtaek-si,경기도,MEDIT00014,
전해질 검사비와 판독료,경기도,포천시,20000,25000,25000,30000,,41,41,46,MEDIT00014,Gyeonggi-Pocheon-si,경기도,MEDIT00014,
전해질 검사비와 판독료,경기도,하남시,25000,30000,33071,50000,,41,41,47,MEDIT00014,Gyeonggi-Hanam-si,경기도,MEDIT00014,
전해질 검사비와 판독료,경기도,화성시,15000,33000,32979,50000,,41,41,48,MEDIT00014,Gyeonggi-Hwaseong-si,경기도,MEDIT00014,
전해질 검사비와 판독료,강원특별자치도,강릉시,20000,40000,37001,50000,,42,42,2,MEDIT00014,Gangwon-Gangneung-si,강원특별자치도,MEDIT00014,
전해질 검사비와 판독료,강원특별자치도,동해시,20000,25000,25000,30000,,42,42,4,MEDIT00014,Gangwon-Donghae-si,강원특별자치도,MEDIT00014,
전해질 검사비와 판독료,강원특별자치도,속초시,15000,22000,27400,50000,,42,42,6,MEDIT00014,Gangwon-Sokcho-si,강원특별자치도,MEDIT00014,
전해질 검사비와 판독료,강원특별자치도,양양군,25000,37500,37500,50000,,42,42,8,MEDIT00014,Gangwon-Yangyang-gun,강원특별자치도,MEDIT00014,
전해질 검사비와 판독료,강원특별자치도,영월군,35000,35000,35000,35000,,42,42,9,MEDIT00014,Gangwon-Yeongwol-gun,강원특별자치도,MEDIT00014,
전해질 검사비와 판독료,강원특별자치도,원주시,20000,34000,34278,50000,,42,42,10,MEDIT00014,Gangwon-Wonju-si,강원특별자치도,MEDIT00014,
전해질 검사비와 판독료,강원특별자치도,인제군,30000,40000,40000,50000,,42,42,11,MEDIT00014,Gangwon-Inje-gun,강원특별자치도,MEDIT00014,
전해질 검사비와 판독료,강원특별자치도,춘천시,10000,33000,31962,50000,,42,42,13,MEDIT00014,Gangwon-Chuncheon-si,강원특별자치도,MEDIT00014,
전해질 검사비와 판독료,강원특별자치도,태백시,24000,27000,27000,30000,,42,42,14,MEDIT00014,Gangwon-Taebaek-si,강원특별자치도,MEDIT00014,
전해질 검사비와 판독료,강원특별자치도,홍천군,30000,40000,40000,50000,,42,42,15,MEDIT00014,Gangwon-Hongcheon-gun,강원특별자치도,MEDIT00014,
전해질 검사비와 판독료,충청북도,보은군,30000,30000,30000,30000,,43,43,225,MEDIT00014,Chungbuk-Boeun-gun,충청북도,MEDIT00014,
전해질 검사비와 판독료,충청북도,영동군,30000,30000,30000,30000,,43,43,226,MEDIT00014,Chungbuk-Yeongdong-gun,충청북도,MEDIT00014,
전해질 검사비와 판독료,충청북도,옥천군,20000,32500,32500,45000,,43,43,227,MEDIT00014,Chungbuk-Okcheon-gun,충청북도,MEDIT00014,
전해질 검사비와 판독료,충청북도,음성군,30000,30000,30000,30000,,43,43,228,MEDIT00014,Chungbuk-Eumseong-gun,충청북도,MEDIT00014,
전해질 검사비와 판독료,충청북도,제천시,33000,50000,46200,60000,,43,43,229,MEDIT00014,Chungbuk-Jecheon-si,충청북도,MEDIT00014,
전해질 검사비와 판독료,충청북도,증평군,50000,50000,50000,50000,,43,43,230,MEDIT00014,Chungbuk-Jeungpyeong-gun,충청북도,MEDIT00014,
전해질 검사비와 판독료,충청북도,진천군,22000,27500,29250,40000,,43,43,231,MEDIT00014,Chungbuk-Jincheon-gun,충청북도,MEDIT00014,
전해질 검사비와 판독료,충청북도,청주시,20000,30000,29512,47000,,43,43,232,MEDIT00014,Chungbuk-Cheongju-si,충청북도,MEDIT00014,
전해질 검사비와 판독료,충청북도,충주시,20000,25000,29400,50000,,43,43,233,MEDIT00014,Chungbuk-Chungju-si,충청북도,MEDIT00014,
전해질 검사비와 판독료,충청남도,계룡시,21000,23000,23000,25000,,44,44,207,MEDIT00014,Chungnam-Gyeryong-si,충청남도,MEDIT00014,
전해질 검사비와 판독료,충청남도,공주시,25000,80000,65833,92500,,44,44,208,MEDIT00014,Chungnam-Gongju-si,충청남도,MEDIT00014,
전해질 검사비와 판독료,충청남도,금산군,40000,40000,40000,40000,,44,44,209,MEDIT00014,Chungnam-Geumsan-gun,충청남도,MEDIT00014,
전해질 검사비와 판독료,충청남도,논산시,40000,40000,40000,40000,,44,44,210,MEDIT00014,Chungnam-Nonsan-si,충청남도,MEDIT00014,
전해질 검사비와 판독료,충청남도,당진시,30000,35000,35000,40000,,44,44,211,MEDIT00014,Chungnam-Dangjin-si,충청남도,MEDIT00014,
전해질 검사비와 판독료,충청남도,보령시,35000,35000,35000,35000,,44,44,212,MEDIT00014,Chungnam-Boryeong-si,충청남도,MEDIT00014,
전해질 검사비와 판독료,충청남도,부여군,30000,35000,35000,40000,,44,44,213,MEDIT00014,Chungnam-Buyeo-gun,충청남도,MEDIT00014,
전해질 검사비와 판독료,충청남도,서산시,20000,30000,32000,50000,,44,44,214,MEDIT00014,Chungnam-Seosan-si,충청남도,MEDIT00014,
전해질 검사비와 판독료,충청남도,아산시,20000,30000,31429,45000,,44,44,216,MEDIT00014,Chungnam-Asan-si,충청남도,MEDIT00014,
전해질 검사비와 판독료,충청남도,예산군,20000,32000,32000,44000,,44,44,217,MEDIT00014,Chungnam-Yesan-gun,충청남도,MEDIT00014,
전해질 검사비와 판독료,충청남도,천안시,16000,30000,34326,80000,,44,44,218,MEDIT00014,Chungnam-Cheonan-si,충청남도,MEDIT00014,
전해질 검사비와 판독료,충청남도,태안군,20000,30000,30000,40000,,44,44,220,MEDIT00014,Chungnam-Taean-gu,충청남도,MEDIT00014,
전해질 검사비와 판독료,충청남도,홍성군,30000,33000,32750,35000,,44,44,221,MEDIT00014,Chungnam-Hongseong-gun,충청남도,MEDIT00014,
전해질 검사비와 판독료,전북특별자치도,고창군,35000,35000,35000,35000,,45,45,191,MEDIT00014,Jeonbuk-Gochang-gun,전북특별자치도,MEDIT00014,
전해질 검사비와 판독료,전북특별자치도,군산시,20000,27500,28500,40000,,45,45,192,MEDIT00014,Jeonbuk-Gunsan-si,전북특별자치도,MEDIT00014,
전해질 검사비와 판독료,전북특별자치도,김제시,30000,30000,30000,30000,,45,45,193,MEDIT00014,Jeonbuk-Gimje-si,전북특별자치도,MEDIT00014,
전해질 검사비와 판독료,전북특별자치도,남원시,30000,30000,30000,30000,,45,45,194,MEDIT00014,Jeonbuk-Namwon-si,전북특별자치도,MEDIT00014,
전해질 검사비와 판독료,전북특별자치도,부안군,35000,57500,57500,80000,,45,45,196,MEDIT00014,Jeonbuk-Buan-gun,전북특별자치도,MEDIT00014,
전해질 검사비와 판독료,전북특별자치도,순창군,30000,30000,30000,30000,,45,45,197,MEDIT00014,Jeonbuk-Sunchang-gun,전북특별자치도,MEDIT00014,
전해질 검사비와 판독료,전북특별자치도,완주군,15000,30000,27500,35000,,45,45,198,MEDIT00014,Jeonbuk-Wanju-gun,전북특별자치도,MEDIT00014,
전해질 검사비와 판독료,전북특별자치도,익산시,20000,31500,31300,45000,,45,45,199,MEDIT00014,Jeonbuk-Iksan-si,전북특별자치도,MEDIT00014,
전해질 검사비와 판독료,전북특별자치도,전주시,15000,30000,30030,55000,,45,45,201,MEDIT00014,Jeonbuk-Jeonju-si,전북특별자치도,MEDIT00014,
전해질 검사비와 판독료,전북특별자치도,정읍시,15000,22500,22500,30000,,45,45,202,MEDIT00014,Jeonbuk-Jeongeup-si,전북특별자치도,MEDIT00014,
전해질 검사비와 판독료,전라남도,광양시,40000,40000,46667,60000,,46,46,174,MEDIT00014,Jeonnam-Gwangyang-si,전라남도,MEDIT00014,
전해질 검사비와 판독료,전라남도,나주시,19000,30000,31800,50000,,46,46,176,MEDIT00014,Jeonnam-Naju-si,전라남도,MEDIT00014,
전해질 검사비와 판독료,전라남도,목포시,30000,30000,30000,30000,,46,46,178,MEDIT00014,Jeonnam-Mokpo-si,전라남도,MEDIT00014,
전해질 검사비와 판독료,전라남도,무안군,22000,32500,31375,38500,,46,46,179,MEDIT00014,Jeonnam-Muan-gun,전라남도,MEDIT00014,
전해질 검사비와 판독료,전라남도,순천시,30000,35000,39308,75000,,46,46,180,MEDIT00014,Jeonnam-Suncheon-si,전라남도,MEDIT00014,
전해질 검사비와 판독료,전라남도,여수시,20000,23500,26750,40000,,46,46,181,MEDIT00014,Jeonnam-Yeosu-si,전라남도,MEDIT00014,
전해질 검사비와 판독료,전라남도,영광군,30000,30000,30000,30000,,46,46,182,MEDIT00014,Jeonnam-Yeonggwang-gun,전라남도,MEDIT00014,
전해질 검사비와 판독료,전라남도,장흥군,30000,30000,30000,30000,,46,46,186,MEDIT00014,Jeonnam-Jangheung-gun,전라남도,MEDIT00014,
전해질 검사비와 판독료,전라남도,해남군,10000,30000,26667,40000,,46,46,188,MEDIT00014,Jeonnam-Haenam-gun,전라남도,MEDIT00014,
전해질 검사비와 판독료,전라남도,화순군,30000,30000,30000,30000,,46,46,189,MEDIT00014,Jeonnam-Hwasun-gun,전라남도,MEDIT00014,
전해질 검사비와 판독료,경상북도,경산시,20000,30000,33000,60000,,47,47,69,MEDIT00014,Gyeongbuk-Gyeongsan-si,경상북도,MEDIT00014,
전해질 검사비와 판독료,경상북도,경주시,10000,30000,30640,44000,,47,47,70,MEDIT00014,Gyeongbuk-Gyeongju-si,경상북도,MEDIT00014,
전해질 검사비와 판독료,경상북도,구미시,24000,34000,36400,55000,,47,47,72,MEDIT00014,Gyeongbuk-Gumi-si,경상북도,MEDIT00014,
전해질 검사비와 판독료,경상북도,김천시,30000,33000,34833,50000,,47,47,73,MEDIT00014,Gyeongbuk-Gimcheon-si,경상북도,MEDIT00014,
전해질 검사비와 판독료,경상북도,상주시,30000,30000,36667,50000,,47,47,75,MEDIT00014,Gyeongbuk-Sangju-si,경상북도,MEDIT00014,
전해질 검사비와 판독료,경상북도,성주군,30000,35000,35000,40000,,47,47,76,MEDIT00014,Gyeongbuk-Seongju-gun,경상북도,MEDIT00014,
전해질 검사비와 판독료,경상북도,안동시,20000,25000,47500,120000,,47,47,77,MEDIT00014,Gyeongbuk-Andong-si,경상북도,MEDIT00014,
전해질 검사비와 판독료,경상북도,영덕군,50000,50000,50000,50000,,47,47,78,MEDIT00014,Gyeongbuk-Yeongdeok-gun,경상북도,MEDIT00014,
전해질 검사비와 판독료,경상북도,영주시,30000,30000,31667,35000,,47,47,79,MEDIT00014,Gyeongbuk-Yeongju-si,경상북도,MEDIT00014,
전해질 검사비와 판독료,경상북도,영천시,30000,32500,32500,35000,,47,47,80,MEDIT00014,Gyeongbuk-Yeongcheon-si,경상북도,MEDIT00014,
전해질 검사비와 판독료,경상북도,예천군,33000,33000,33000,33000,,47,47,81,MEDIT00014,Gyeongbuk-Yecheon-gun,경상북도,MEDIT00014,
전해질 검사비와 판독료,경상북도,청도군,33000,33000,33000,33000,,47,47,84,MEDIT00014,Gyeongbuk-Cheongdo-gun,경상북도,MEDIT00014,
전해질 검사비와 판독료,경상북도,칠곡군,30000,31500,31500,33000,,47,47,86,MEDIT00014,Gyeongbuk-Chilgok-gun,경상북도,MEDIT00014,
전해질 검사비와 판독료,경상북도,포항시,20000,30000,34077,60000,,47,47,87,MEDIT00014,Gyeongbuk-Pohang-si,경상북도,MEDIT00014,
전해질 검사비와 판독료,경상남도,거제시,22000,28000,31143,45000,,48,48,50,MEDIT00014,Gyeongnam-Geoje-si,경상남도,MEDIT00014,
전해질 검사비와 판독료,경상남도,거창군,15000,15000,15000,15000,,48,48,51,MEDIT00014,Gyeongnam-Geochang-gun,경상남도,MEDIT00014,
전해질 검사비와 판독료,경상남도,김해시,20000,30000,31875,40000,,48,48,53,MEDIT00014,Gyeongnam-Gimhae-si,경상남도,MEDIT00014,
전해질 검사비와 판독료,경상남도,밀양시,30000,35000,35000,40000,,48,48,55,MEDIT00014,Gyeongnam-Miryang-si,경상남도,MEDIT00014,
전해질 검사비와 판독료,경상남도,사천시,22000,30000,29500,35000,,48,48,56,MEDIT00014,Gyeongnam-Sacheon-si,경상남도,MEDIT00014,
전해질 검사비와 판독료,경상남도,산청군,22000,22000,22000,22000,,48,48,57,MEDIT00014,Gyeongnam-Sancheong-gun,경상남도,MEDIT00014,
전해질 검사비와 판독료,경상남도,양산시,20000,33000,33515,55000,,48,48,58,MEDIT00014,Gyeongnam-Yangsan-si,경상남도,MEDIT00014,
전해질 검사비와 판독료,경상남도,진주시,20000,30000,30500,45000,,48,48,60,MEDIT00014,Gyeongnam-Jinju-si,경상남도,MEDIT00014,
전해질 검사비와 판독료,경상남도,창녕군,30000,30000,30000,30000,,48,48,61,MEDIT00014,Gyeongnam-Changnyeong-gun,경상남도,MEDIT00014,
전해질 검사비와 판독료,경상남도,창원시,24200,33000,33932,70000,,48,48,62,MEDIT00014,Gyeongnam-Changwon-si,경상남도,MEDIT00014,
전해질 검사비와 판독료,경상남도,통영시,10000,30000,29200,44000,,48,48,63,MEDIT00014,Gyeongnam-Tongyeong-si,경상남도,MEDIT00014,
전해질 검사비와 판독료,경상남도,합천군,27000,27000,27000,27000,,48,48,67,MEDIT00014,Gyeongnam-Hapcheon-gu,경상남도,MEDIT00014,
전해질 검사비와 판독료,제주특별자치도,서귀포시,20000,33000,35757,50000,,50,50,204,MEDIT00014,Jeju-Seogwipo,제주특별자치도,MEDIT00014,
전해질 검사비와 판독료,제주특별자치도,제주시,20000,33000,31891,45000,,50,50,205,MEDIT00014,Jeju-Jeju-si,제주특별자치도,MEDIT00014,
엑스선 촬영비와 판독료 5kg,서울특별시,강남구,15000,50000,51099,110000,ANITY00006,11,11,128,MEDIT00011,seoul-Gangnam-gu,서울특별시,MEDIT00011,ANITY00006
엑스선 촬영비와 판독료 5kg,서울특별시,강동구,15000,40000,36750,60000,ANITY00006,11,11,129,MEDIT00011,seoul-Gangdong-gu,서울특별시,MEDIT00011,ANITY00006
엑스선 촬영비와 판독료 5kg,서울특별시,강북구,15000,40000,38000,60000,ANITY00006,11,11,130,MEDIT00011,seoul-Gangbuk-gu,서울특별시,MEDIT00011,ANITY00006
엑스선 촬영비와 판독료 5kg,서울특별시,강서구,20000,40000,41017,70000,ANITY00006,11,11,131,MEDIT00011,seoul-Gangseo-gu,서울특별시,MEDIT00011,ANITY00006
엑스선 촬영비와 판독료 5kg,서울특별시,관악구,28000,40250,43896,70000,ANITY00006,11,11,132,MEDIT00011,seoul-Gwanak-gu,서울특별시,MEDIT00011,ANITY00006
엑스선 촬영비와 판독료 5kg,서울특별시,광진구,17500,40000,39922,58000,ANITY00006,11,11,133,MEDIT00011,seoul-Gwangjin-gu,서울특별시,MEDIT00011,ANITY00006
엑스선 촬영비와 판독료 5kg,서울특별시,구로구,20000,40000,42223,88000,ANITY00006,11,11,134,MEDIT00011,seoul-Guro-gu,서울특별시,MEDIT00011,ANITY00006
엑스선 촬영비와 판독료 5kg,서울특별시,금천구,20000,40000,39036,50000,ANITY00006,11,11,135,MEDIT00011,seoul-Geumcheon-gu,서울특별시,MEDIT00011,ANITY00006
엑스선 촬영비와 판독료 5kg,서울특별시,노원구,20000,44000,44768,65000,ANITY00006,11,11,136,MEDIT00011,seoul-Nowon-gu,서울특별시,MEDIT00011,ANITY00006
엑스선 촬영비와 판독료 5kg,서울특별시,도봉구,17500,40000,38560,60000,ANITY00006,11,11,137,MEDIT00011,seoul-Dobong-gu,서울특별시,MEDIT00011,ANITY00006
엑스선 촬영비와 판독료 5kg,서울특별시,동대문구,20000,40000,40581,64000,ANITY00006,11,11,138,MEDIT00011,seoul-Dongdaemun-gu,서울특별시,MEDIT00011,ANITY00006
엑스선 촬영비와 판독료 5kg,서울특별시,동작구,15000,38250,37275,60000,ANITY00006,11,11,139,MEDIT00011,seoul-Dongjak-gu,서울특별시,MEDIT00011,ANITY00006
엑스선 촬영비와 판독료 5kg,서울특별시,마포구,15000,43000,41957,61700,ANITY00006,11,11,140,MEDIT00011,seoul-Mapo-gu,서울특별시,MEDIT00011,ANITY00006
엑스선 촬영비와 판독료 5kg,서울특별시,서대문구,22000,40000,41200,60000,ANITY00006,11,11,141,MEDIT00011,seoul-Seodaemun-gu,서울특별시,MEDIT00011,ANITY00006
엑스선 촬영비와 판독료 5kg,서울특별시,서초구,15000,44000,41700,57000,ANITY00006,11,11,142,MEDIT00011,seoul-Seocho-gu,서울특별시,MEDIT00011,ANITY00006
엑스선 촬영비와 판독료 5kg,서울특별시,성동구,22000,45000,45870,60000,ANITY00006,11,11,143,MEDIT00011,seoul-Seongdong-gu,서울특별시,MEDIT00011,ANITY00006
엑스선 촬영비와 판독료 5kg,서울특별시,성북구,16000,40000,39909,80000,ANITY00006,11,11,144,MEDIT00011,seoul-Seongbuk-gu,서울특별시,MEDIT00011,ANITY00006
엑스선 촬영비와 판독료 5kg,서울특별시,송파구,20000,40000,40219,66000,ANITY00006,11,11,145,MEDIT00011,seoul-Songpa-gu,서울특별시,MEDIT00011,ANITY00006
엑스선 촬영비와 판독료 5kg,서울특별시,양천구,20000,44000,41578,66000,ANITY00006,11,11,146,MEDIT00011,seoul-Yangcheon-gu,서울특별시,MEDIT00011,ANITY00006
엑스선 촬영비와 판독료 5kg,서울특별시,영등포구,20000,40000,42412,90000,ANITY00006,11,11,147,MEDIT00011,seoul-Yeongdeungpo-gu,서울특별시,MEDIT00011,ANITY00006
엑스선 촬영비와 판독료 5kg,서울특별시,용산구,25000,50000,49646,75000,ANITY00006,11,11,148,MEDIT00011,seoul-Yongsan-gu,서울특별시,MEDIT00011,ANITY00006
엑스선 촬영비와 판독료 5kg,서울특별시,은평구,17000,44000,41950,55000,ANITY00006,11,11,149,MEDIT00011,seoul-Eunpyeong-gu,서울특별시,MEDIT00011,ANITY00006
엑스선 촬영비와 판독료 5kg,서울특별시,종로구,25000,44500,43400,55000,ANITY00006,11,11,150,MEDIT00011,seoul-Jongno-gu,서울특별시,MEDIT00011,ANITY00006
엑스선 촬영비와 판독료 5kg,서울특별시,중구,20000,50000,44794,60000,ANITY00006,11,11,151,MEDIT00011,seoul-jung-gu,서울특별시,MEDIT00011,ANITY00006
엑스선 촬영비와 판독료 5kg,서울특별시,중랑구,20000,50000,46821,61000,ANITY00006,11,11,152,MEDIT00011,seoul-Jungnang-gu,서울특별시,MEDIT00011,ANITY00006
엑스선 촬영비와 판독료 5kg,부산광역시,강서구,20000,50000,46545,55000,ANITY00006,26,26,111,MEDIT00011,Busan-Gangseo-gu,부산광역시,MEDIT00011,ANITY00006
엑스선 촬영비와 판독료 5kg,부산광역시,금정구,20000,40000,40333,60000,ANITY00006,26,26,112,MEDIT00011,Busan-Geumjeong-gu,부산광역시,MEDIT00011,ANITY00006
엑스선 촬영비와 판독료 5kg,부산광역시,기장군,20000,42000,38091,55000,ANITY00006,26,26,113,MEDIT00011,Busan-Gijang-gun,부산광역시,MEDIT00011,ANITY00006
엑스선 촬영비와 판독료 5kg,부산광역시,남구,30000,40000,44267,63000,ANITY00006,26,26,114,MEDIT00011,Busan-Nam-gu,부산광역시,MEDIT00011,ANITY00006
엑스선 촬영비와 판독료 5kg,부산광역시,동구,40000,42000,42000,44000,ANITY00006,26,26,115,MEDIT00011,Busan-Dong-gu,부산광역시,MEDIT00011,ANITY00006
엑스선 촬영비와 판독료 5kg,부산광역시,동래구,20000,40000,42686,77100,ANITY00006,26,26,116,MEDIT00011,Busan-Dongrae-gu,부산광역시,MEDIT00011,ANITY00006
엑스선 촬영비와 판독료 5kg,부산광역시,부산진구,15000,35000,35565,61000,ANITY00006,26,26,117,MEDIT00011,Busan-Busanjin-gu,부산광역시,MEDIT00011,ANITY00006
엑스선 촬영비와 판독료 5kg,부산광역시,북구,27000,40000,40671,50000,ANITY00006,26,26,118,MEDIT00011,Busan-Buk-gu,부산광역시,MEDIT00011,ANITY00006
엑스선 촬영비와 판독료 5kg,부산광역시,사상구,35000,45000,43889,50000,ANITY00006,26,26,119,MEDIT00011,Busan-Sasang-gu,부산광역시,MEDIT00011,ANITY00006
엑스선 촬영비와 판독료 5kg,부산광역시,사하구,25000,40000,39933,67000,ANITY00006,26,26,120,MEDIT00011,Busan-Saha-gu,부산광역시,MEDIT00011,ANITY00006
엑스선 촬영비와 판독료 5kg,부산광역시,서구,30000,44000,44600,60000,ANITY00006,26,26,121,MEDIT00011,Busan-Seo-gu,부산광역시,MEDIT00011,ANITY00006
엑스선 촬영비와 판독료 5kg,부산광역시,수영구,20000,40000,41500,50000,ANITY00006,26,26,122,MEDIT00011,Busan-Suyeong-gu,부산광역시,MEDIT00011,ANITY00006
엑스선 촬영비와 판독료 5kg,부산광역시,연제구,25000,47750,41906,50000,ANITY00006,26,26,123,MEDIT00011,Busan-Yeonje-gu,부산광역시,MEDIT00011,ANITY00006
엑스선 촬영비와 판독료 5kg,부산광역시,영도구,44000,47500,59750,100000,ANITY00006,26,26,124,MEDIT00011,Busan-Yeongdo-gu,부산광역시,MEDIT00011,ANITY00006
엑스선 촬영비와 판독료 5kg,부산광역시,중구,30000,40000,40000,50000,ANITY00006,26,26,125,MEDIT00011,Busan-Jung-gu,부산광역시,MEDIT00011,ANITY00006
엑스선 촬영비와 판독료 5kg,부산광역시,해운대구,20000,42000,40005,55000,ANITY00006,26,26,126,MEDIT00011,Busan-Haeundae-gu,부산광역시,MEDIT00011,ANITY00006
엑스선 촬영비와 판독료 5kg,대구광역시,남구,30000,40000,41125,50000,ANITY00006,27,27,96,MEDIT00011,Daegu-Nam-gu,대구광역시,MEDIT00011,ANITY00006
엑스선 촬영비와 판독료 5kg,대구광역시,달서구,20000,40000,36631,55000,ANITY00006,27,27,97,MEDIT00011,Daegu-Dalseo-gu,대구광역시,MEDIT00011,ANITY00006
엑스선 촬영비와 판독료 5kg,대구광역시,달성군,15000,40000,37933,60000,ANITY00006,27,27,98,MEDIT00011,Daegu-Dal-Sung-gun,대구광역시,MEDIT00011,ANITY00006
엑스선 촬영비와 판독료 5kg,대구광역시,동구,30000,40000,39938,50000,ANITY00006,27,27,99,MEDIT00011,Daegu-Dong-gu,대구광역시,MEDIT00011,ANITY00006
엑스선 촬영비와 판독료 5kg,대구광역시,북구,22000,44000,43231,70000,ANITY00006,27,27,100,MEDIT00011,Daegu-Buk-gu,대구광역시,MEDIT00011,ANITY00006
엑스선 촬영비와 판독료 5kg,대구광역시,서구,20000,40000,39200,60000,ANITY00006,27,27,101,MEDIT00011,Daegu-Seo-gu,대구광역시,MEDIT00011,ANITY00006
엑스선 촬영비와 판독료 5kg,대구광역시,수성구,20000,40000,39784,60000,ANITY00006,27,27,102,MEDIT00011,Daegu-Suseong-gu,대구광역시,MEDIT00011,ANITY00006
엑스선 촬영비와 판독료 5kg,대구광역시,중구,22000,42000,47583,100000,ANITY00006,27,27,103,MEDIT00011,Daegu-Jung-gu,대구광역시,MEDIT00011,ANITY00006
엑스선 촬영비와 판독료 5kg,인천광역시,강화군,20000,20000,30000,50000,ANITY00006,28,28,162,MEDIT00011,Incheon-Ganghwa-gun,인천광역시,MEDIT00011,ANITY00006
엑스선 촬영비와 판독료 5kg,인천광역시,계양구,22000,40000,42213,66000,ANITY00006,28,28,163,MEDIT00011,Incheon-Gyeyang-gu,인천광역시,MEDIT00011,ANITY00006
엑스선 촬영비와 판독료 5kg,인천광역시,남동구,22000,42000,41765,60000,ANITY00006,28,28,164,MEDIT00011,Incheon-Namdong-gu,인천광역시,MEDIT00011,ANITY00006
엑스선 촬영비와 판독료 5kg,인천광역시,동구,33000,36500,36500,40000,ANITY00006,28,28,165,MEDIT00011,Incheon-Dong-gu,인천광역시,MEDIT00011,ANITY00006
엑스선 촬영비와 판독료 5kg,인천광역시,미추홀구,10000,36500,38064,72000,ANITY00006,28,28,166,MEDIT00011,Incheon-Michuhol-gu,인천광역시,MEDIT00011,ANITY00006
엑스선 촬영비와 판독료 5kg,인천광역시,부평구,20000,40000,40000,60000,ANITY00006,28,28,167,MEDIT00011,Incheon-Bupyeong-gu,인천광역시,MEDIT00011,ANITY00006
엑스선 촬영비와 판독료 5kg,인천광역시,서구,20000,40000,37858,65000,ANITY00006,28,28,168,MEDIT00011,Incheon-Seo-gu,인천광역시,MEDIT00011,ANITY00006
엑스선 촬영비와 판독료 5kg,인천광역시,연수구,20000,40000,41564,70000,ANITY00006,28,28,169,MEDIT00011,Incheon-Yeonsu-gu,인천광역시,MEDIT00011,ANITY00006
엑스선 촬영비와 판독료 5kg,인천광역시,중구,18000,32500,32550,50000,ANITY00006,28,28,170,MEDIT00011,Incheon-Jung-gu,인천광역시,MEDIT00011,ANITY00006
엑스선 촬영비와 판독료 5kg,광주광역시,광산구,30000,40000,41815,56000,ANITY00006,29,29,89,MEDIT00011,Gwangju-Gwangsan-gu,광주광역시,MEDIT00011,ANITY00006
엑스선 촬영비와 판독료 5kg,광주광역시,남구,30000,40000,43722,90000,ANITY00006,29,29,90,MEDIT00011,Gwangju-Nam-gu,광주광역시,MEDIT00011,ANITY00006
엑스선 촬영비와 판독료 5kg,광주광역시,동구,20000,40000,41500,60000,ANITY00006,29,29,91,MEDIT00011,Gwangju-Dong-gu,광주광역시,MEDIT00011,ANITY00006
엑스선 촬영비와 판독료 5kg,광주광역시,북구,20000,44000,43458,84000,ANITY00006,29,29,92,MEDIT00011,Gwangju-Buk-gu,광주광역시,MEDIT00011,ANITY00006
엑스선 촬영비와 판독료 5kg,광주광역시,서구,30000,40000,41620,55000,ANITY00006,29,29,93,MEDIT00011,Gwangju-Seo-gu,광주광역시,MEDIT00011,ANITY00006
엑스선 촬영비와 판독료 5kg,대전광역시,대덕구,20000,35000,40100,88000,ANITY00006,30,30,105,MEDIT00011,Daejeon-Daedeok-gu,대전광역시,MEDIT00011,ANITY00006
엑스선 촬영비와 판독료 5kg,대전광역시,동구,20000,33000,35182,60000,ANITY00006,30,30,106,MEDIT00011,Daejeon-Dong-gu,대전광역시,MEDIT00011,ANITY00006
엑스선 촬영비와 판독료 5kg,대전광역시,서구,20000,40000,42387,65000,ANITY00006,30,30,107,MEDIT00011,Daejeon-Seo-gu,대전광역시,MEDIT00011,ANITY00006
엑스선 촬영비와 판독료 5kg,대전광역시,유성구,15000,40000,40152,82500,ANITY00006,30,30,108,MEDIT00011,Daejeon-Yuseong-gu,대전광역시,MEDIT00011,ANITY00006
엑스선 촬영비와 판독료 5kg,대전광역시,중구,20000,40000,38250,48000,ANITY00006,30,30,109,MEDIT00011,Daejeon-Jung-gu,대전광역시,MEDIT00011,ANITY00006
엑스선 촬영비와 판독료 5kg,울산광역시,남구,25000,40000,42138,60000,ANITY00006,31,31,156,MEDIT00011,Ulsan-Nam-gu,울산광역시,MEDIT00011,ANITY00006
엑스선 촬영비와 판독료 5kg,울산광역시,동구,30000,40000,37500,45000,ANITY00006,31,31,157,MEDIT00011,Ulsan-Dong-gu,울산광역시,MEDIT00011,ANITY00006
엑스선 촬영비와 판독료 5kg,울산광역시,북구,40000,42000,42875,50000,ANITY00006,31,31,158,MEDIT00011,Ulsan-Buk-gu,울산광역시,MEDIT00011,ANITY00006
엑스선 촬영비와 판독료 5kg,울산광역시,울주군,20000,37500,35250,44000,ANITY00006,31,31,159,MEDIT00011,Ulsan-Ulju-gun,울산광역시,MEDIT00011,ANITY00006
엑스선 촬영비와 판독료 5kg,울산광역시,중구,20000,40000,41000,50000,ANITY00006,31,31,160,MEDIT00011,Ulsan-Jung-gu,울산광역시,MEDIT00011,ANITY00006
엑스선 촬영비와 판독료 5kg,세종특별자치시,세종특별자치시,15000,39250,37410,66700,ANITY00006,36,36,154,MEDIT00011,Sejong-Sejong-si,세종특별자치시,MEDIT00011,ANITY00006
엑스선 촬영비와 판독료 5kg,경기도,가평군,33000,40000,40750,50000,ANITY00006,41,41,19,MEDIT00011,Gyeonggi-Gapyeong-gun,경기도,MEDIT00011,ANITY00006
엑스선 촬영비와 판독료 5kg,경기도,고양시,15000,40000,40057,83600,ANITY00006,41,41,20,MEDIT00011,Gyeonggi-Goyang-si,경기도,MEDIT00011,ANITY00006
엑스선 촬영비와 판독료 5kg,경기도,과천시,22500,42500,39813,50000,ANITY00006,41,41,21,MEDIT00011,Gyeonggi-Gwacheon,경기도,MEDIT00011,ANITY00006
엑스선 촬영비와 판독료 5kg,경기도,광명시,25000,42000,39806,48000,ANITY00006,41,41,22,MEDIT00011,Gyeonggi-Gwangmyeong,경기도,MEDIT00011,ANITY00006
엑스선 촬영비와 판독료 5kg,경기도,광주시,20000,40000,40556,70000,ANITY00006,41,41,23,MEDIT00011,Gyeonggi-Gwangju-si,경기도,MEDIT00011,ANITY00006
엑스선 촬영비와 판독료 5kg,경기도,구리시,25000,40000,43722,65000,ANITY00006,41,41,24,MEDIT00011,Gyeonggi-Guri-si,경기도,MEDIT00011,ANITY00006
엑스선 촬영비와 판독료 5kg,경기도,군포시,33000,40000,46960,80000,ANITY00006,41,41,25,MEDIT00011,Gyeonggi-Gunpo,경기도,MEDIT00011,ANITY00006
엑스선 촬영비와 판독료 5kg,경기도,김포시,22000,40000,40459,75000,ANITY00006,41,41,26,MEDIT00011,Gyeonggi-Gimpo-si,경기도,MEDIT00011,ANITY00006
엑스선 촬영비와 판독료 5kg,경기도,남양주시,20000,40000,41659,70000,ANITY00006,41,41,27,MEDIT00011,Gyeonggi-Namyangju-si,경기도,MEDIT00011,ANITY00006
엑스선 촬영비와 판독료 5kg,경기도,동두천시,15000,30000,36429,60000,ANITY00006,41,41,28,MEDIT00011,Gyeonggi-Dongducheon-si,경기도,MEDIT00011,ANITY00006
엑스선 촬영비와 판독료 5kg,경기도,부천시,15000,40000,41620,70000,ANITY00006,41,41,29,MEDIT00011,Gyeonggi-Bucheon,경기도,MEDIT00011,ANITY00006
엑스선 촬영비와 판독료 5kg,경기도,성남시,15000,40000,41427,76600,ANITY00006,41,41,30,MEDIT00011,Gyeonggi-Seongnam,경기도,MEDIT00011,ANITY00006
엑스선 촬영비와 판독료 5kg,경기도,수원시,18000,40000,39979,60000,ANITY00006,41,41,31,MEDIT00011,Gyeonggi-Suwon-si,경기도,MEDIT00011,ANITY00006
엑스선 촬영비와 판독료 5kg,경기도,시흥시,20000,40000,37779,50000,ANITY00006,41,41,32,MEDIT00011,Gyeonggi-Siheung,경기도,MEDIT00011,ANITY00006
엑스선 촬영비와 판독료 5kg,경기도,안산시,20000,40000,40844,80000,ANITY00006,41,41,33,MEDIT00011,Gyeonggi-Ansan,경기도,MEDIT00011,ANITY00006
엑스선 촬영비와 판독료 5kg,경기도,안성시,22000,40000,41750,80000,ANITY00006,41,41,34,MEDIT00011,Gyeonggi-Anseong-si,경기도,MEDIT00011,ANITY00006
엑스선 촬영비와 판독료 5kg,경기도,안양시,11000,40000,41167,98000,ANITY00006,41,41,35,MEDIT00011,Gyeonggi-Anyang,경기도,MEDIT00011,ANITY00006
엑스선 촬영비와 판독료 5kg,경기도,양주시,20000,37500,35500,50000,ANITY00006,41,41,36,MEDIT00011,Gyeonggi-Yangju-si,경기도,MEDIT00011,ANITY00006
엑스선 촬영비와 판독료 5kg,경기도,양평군,33000,40000,40571,46000,ANITY00006,41,41,37,MEDIT00011,Gyeonggi-Yangpyeong-gun,경기도,MEDIT00011,ANITY00006
엑스선 촬영비와 판독료 5kg,경기도,여주시,33000,40000,39333,45000,ANITY00006,41,41,38,MEDIT00011,Gyeonggi-Yeoju-si,경기도,MEDIT00011,ANITY00006
엑스선 촬영비와 판독료 5kg,경기도,오산시,20000,40000,43059,65000,ANITY00006,41,41,39,MEDIT00011,Gyeonggi-Osan-si,경기도,MEDIT00011,ANITY00006
엑스선 촬영비와 판독료 5kg,경기도,용인시,20000,41000,42450,100000,ANITY00006,41,41,40,MEDIT00011,Gyeonggi-Yongin-si,경기도,MEDIT00011,ANITY00006
엑스선 촬영비와 판독료 5kg,경기도,의왕시,25000,40000,42200,70000,ANITY00006,41,41,41,MEDIT00011,Gyeonggi-Uiwang,경기도,MEDIT00011,ANITY00006
엑스선 촬영비와 판독료 5kg,경기도,의정부시,15000,40000,39186,50000,ANITY00006,41,41,42,MEDIT00011,Gyeonggi-Uijeongbu-si,경기도,MEDIT00011,ANITY00006
엑스선 촬영비와 판독료 5kg,경기도,이천시,18000,33000,34133,55000,ANITY00006,41,41,43,MEDIT00011,Gyeonggi-Icheon-si,경기도,MEDIT00011,ANITY00006
엑스선 촬영비와 판독료 5kg,경기도,파주시,20000,40000,39953,60500,ANITY00006,41,41,44,MEDIT00011,Gyeonggi-Paju-si,경기도,MEDIT00011,ANITY00006
엑스선 촬영비와 판독료 5kg,경기도,평택시,20000,40000,39876,80000,ANITY00006,41,41,45,MEDIT00011,Gyeonggi-Pyeongtaek-si,경기도,MEDIT00011,ANITY00006
엑스선 촬영비와 판독료 5kg,경기도,포천시,15000,35000,32750,46000,ANITY00006,41,41,46,MEDIT00011,Gyeonggi-Pocheon-si,경기도,MEDIT00011,ANITY00006
엑스선 촬영비와 판독료 5kg,경기도,하남시,10000,40000,38233,60000,ANITY00006,41,41,47,MEDIT00011,Gyeonggi-Hanam-si,경기도,MEDIT00011,ANITY00006
엑스선 촬영비와 판독료 5kg,경기도,화성시,20000,40000,38609,84000,ANITY00006,41,41,48,MEDIT00011,Gyeonggi-Hwaseong-si,경기도,MEDIT00011,ANITY00006
엑스선 촬영비와 판독료 5kg,강원특별자치도,강릉시,10000,40000,38813,66000,ANITY00006,42,42,2,MEDIT00011,Gangwon-Gangneung-si,강원특별자치도,MEDIT00011,ANITY00006
엑스선 촬영비와 판독료 5kg,강원특별자치도,동해시,40000,52500,51250,60000,ANITY00006,42,42,4,MEDIT00011,Gangwon-Donghae-si,강원특별자치도,MEDIT00011,ANITY00006
엑스선 촬영비와 판독료 5kg,강원특별자치도,삼척시,30000,30000,30000,30000,ANITY00006,42,42,5,MEDIT00011,Gangwon-Samcheok-si,강원특별자치도,MEDIT00011,ANITY00006
엑스선 촬영비와 판독료 5kg,강원특별자치도,속초시,30000,47000,45667,60000,ANITY00006,42,42,6,MEDIT00011,Gangwon-Sokcho-si,강원특별자치도,MEDIT00011,ANITY00006
엑스선 촬영비와 판독료 5kg,강원특별자치도,양양군,30000,32500,32500,35000,ANITY00006,42,42,8,MEDIT00011,Gangwon-Yangyang-gun,강원특별자치도,MEDIT00011,ANITY00006
엑스선 촬영비와 판독료 5kg,강원특별자치도,영월군,50000,50000,50000,50000,ANITY00006,42,42,9,MEDIT00011,Gangwon-Yeongwol-gun,강원특별자치도,MEDIT00011,ANITY00006
엑스선 촬영비와 판독료 5kg,강원특별자치도,원주시,20000,35000,36458,55000,ANITY00006,42,42,10,MEDIT00011,Gangwon-Wonju-si,강원특별자치도,MEDIT00011,ANITY00006
엑스선 촬영비와 판독료 5kg,강원특별자치도,인제군,30000,50000,46667,60000,ANITY00006,42,42,11,MEDIT00011,Gangwon-Inje-gun,강원특별자치도,MEDIT00011,ANITY00006
엑스선 촬영비와 판독료 5kg,강원특별자치도,춘천시,20000,37500,40750,55000,ANITY00006,42,42,13,MEDIT00011,Gangwon-Chuncheon-si,강원특별자치도,MEDIT00011,ANITY00006
엑스선 촬영비와 판독료 5kg,강원특별자치도,태백시,20000,35000,35000,50000,ANITY00006,42,42,14,MEDIT00011,Gangwon-Taebaek-si,강원특별자치도,MEDIT00011,ANITY00006
엑스선 촬영비와 판독료 5kg,강원특별자치도,홍천군,33000,37500,39500,50000,ANITY00006,42,42,15,MEDIT00011,Gangwon-Hongcheon-gun,강원특별자치도,MEDIT00011,ANITY00006
엑스선 촬영비와 판독료 5kg,강원특별자치도,횡성군,25000,37500,37500,50000,ANITY00006,42,42,17,MEDIT00011,Gangwon-Hoengseong-gun,강원특별자치도,MEDIT00011,ANITY00006
엑스선 촬영비와 판독료 5kg,충청북도,괴산군,40000,40000,40000,40000,ANITY00006,43,43,223,MEDIT00011,Chungbuk-Goesan-gun,충청북도,MEDIT00011,ANITY00006
엑스선 촬영비와 판독료 5kg,충청북도,보은군,30000,30000,30000,30000,ANITY00006,43,43,225,MEDIT00011,Chungbuk-Boeun-gun,충청북도,MEDIT00011,ANITY00006
엑스선 촬영비와 판독료 5kg,충청북도,영동군,15000,30000,28333,40000,ANITY00006,43,43,226,MEDIT00011,Chungbuk-Yeongdong-gun,충청북도,MEDIT00011,ANITY00006
엑스선 촬영비와 판독료 5kg,충청북도,옥천군,30000,30000,36667,50000,ANITY00006,43,43,227,MEDIT00011,Chungbuk-Okcheon-gun,충청북도,MEDIT00011,ANITY00006
엑스선 촬영비와 판독료 5kg,충청북도,음성군,30000,30000,33333,40000,ANITY00006,43,43,228,MEDIT00011,Chungbuk-Eumseong-gun,충청북도,MEDIT00011,ANITY00006
엑스선 촬영비와 판독료 5kg,충청북도,제천시,30000,44500,43750,50000,ANITY00006,43,43,229,MEDIT00011,Chungbuk-Jecheon-si,충청북도,MEDIT00011,ANITY00006
엑스선 촬영비와 판독료 5kg,충청북도,증평군,30000,35000,35000,40000,ANITY00006,43,43,230,MEDIT00011,Chungbuk-Jeungpyeong-gun,충청북도,MEDIT00011,ANITY00006
엑스선 촬영비와 판독료 5kg,충청북도,진천군,30000,40000,37400,44000,ANITY00006,43,43,231,MEDIT00011,Chungbuk-Jincheon-gun,충청북도,MEDIT00011,ANITY00006
엑스선 촬영비와 판독료 5kg,충청북도,청주시,20000,40000,41636,84000,ANITY00006,43,43,232,MEDIT00011,Chungbuk-Cheongju-si,충청북도,MEDIT00011,ANITY00006
엑스선 촬영비와 판독료 5kg,충청북도,충주시,30000,35000,38857,53000,ANITY00006,43,43,233,MEDIT00011,Chungbuk-Chungju-si,충청북도,MEDIT00011,ANITY00006
엑스선 촬영비와 판독료 5kg,충청남도,계룡시,20000,21000,27000,40000,ANITY00006,44,44,207,MEDIT00011,Chungnam-Gyeryong-si,충청남도,MEDIT00011,ANITY00006
엑스선 촬영비와 판독료 5kg,충청남도,공주시,40000,42500,42500,45000,ANITY00006,44,44,208,MEDIT00011,Chungnam-Gongju-si,충청남도,MEDIT00011,ANITY00006
엑스선 촬영비와 판독료 5kg,충청남도,금산군,35000,35000,35000,35000,ANITY00006,44,44,209,MEDIT00011,Chungnam-Geumsan-gun,충청남도,MEDIT00011,ANITY00006
엑스선 촬영비와 판독료 5kg,충청남도,논산시,25000,40000,38333,50000,ANITY00006,44,44,210,MEDIT00011,Chungnam-Nonsan-si,충청남도,MEDIT00011,ANITY00006
엑스선 촬영비와 판독료 5kg,충청남도,당진시,20000,42000,37429,50000,ANITY00006,44,44,211,MEDIT00011,Chungnam-Dangjin-si,충청남도,MEDIT00011,ANITY00006
엑스선 촬영비와 판독료 5kg,충청남도,보령시,40000,40000,40000,40000,ANITY00006,44,44,212,MEDIT00011,Chungnam-Boryeong-si,충청남도,MEDIT00011,ANITY00006
엑스선 촬영비와 판독료 5kg,충청남도,부여군,40000,50000,48333,55000,ANITY00006,44,44,213,MEDIT00011,Chungnam-Buyeo-gun,충청남도,MEDIT00011,ANITY00006
엑스선 촬영비와 판독료 5kg,충청남도,서산시,25000,40000,41400,70000,ANITY00006,44,44,214,MEDIT00011,Chungnam-Seosan-si,충청남도,MEDIT00011,ANITY00006
엑스선 촬영비와 판독료 5kg,충청남도,아산시,20000,40000,38357,53000,ANITY00006,44,44,216,MEDIT00011,Chungnam-Asan-si,충청남도,MEDIT00011,ANITY00006
엑스선 촬영비와 판독료 5kg,충청남도,예산군,40000,42000,42000,44000,ANITY00006,44,44,217,MEDIT00011,Chungnam-Yesan-gun,충청남도,MEDIT00011,ANITY00006
엑스선 촬영비와 판독료 5kg,충청남도,천안시,30000,40000,41650,60000,ANITY00006,44,44,218,MEDIT00011,Chungnam-Cheonan-si,충청남도,MEDIT00011,ANITY00006
엑스선 촬영비와 판독료 5kg,충청남도,태안군,40000,42000,42000,44000,ANITY00006,44,44,220,MEDIT00011,Chungnam-Taean-gu,충청남도,MEDIT00011,ANITY00006
엑스선 촬영비와 판독료 5kg,충청남도,홍성군,35000,45000,52000,70000,ANITY00006,44,44,221,MEDIT00011,Chungnam-Hongseong-gun,충청남도,MEDIT00011,ANITY00006
엑스선 촬영비와 판독료 5kg,전북특별자치도,군산시,30000,43000,44900,70000,ANITY00006,45,45,192,MEDIT00011,Jeonbuk-Gunsan-si,전북특별자치도,MEDIT00011,ANITY00006
엑스선 촬영비와 판독료 5kg,전북특별자치도,남원시,30000,30000,36667,50000,ANITY00006,45,45,194,MEDIT00011,Jeonbuk-Namwon-si,전북특별자치도,MEDIT00011,ANITY00006
엑스선 촬영비와 판독료 5kg,전북특별자치도,부안군,10000,10000,10000,10000,ANITY00006,45,45,196,MEDIT00011,Jeonbuk-Buan-gun,전북특별자치도,MEDIT00011,ANITY00006
엑스선 촬영비와 판독료 5kg,전북특별자치도,완주군,35000,42500,42500,50000,ANITY00006,45,45,198,MEDIT00011,Jeonbuk-Wanju-gun,전북특별자치도,MEDIT00011,ANITY00006
엑스선 촬영비와 판독료 5kg,전북특별자치도,익산시,20000,47000,53250,100000,ANITY00006,45,45,199,MEDIT00011,Jeonbuk-Iksan-si,전북특별자치도,MEDIT00011,ANITY00006
엑스선 촬영비와 판독료 5kg,전북특별자치도,전주시,20000,35000,37780,100000,ANITY00006,45,45,201,MEDIT00011,Jeonbuk-Jeonju-si,전북특별자치도,MEDIT00011,ANITY00006
엑스선 촬영비와 판독료 5kg,전북특별자치도,정읍시,30000,50000,50000,70000,ANITY00006,45,45,202,MEDIT00011,Jeonbuk-Jeongeup-si,전북특별자치도,MEDIT00011,ANITY00006
엑스선 촬영비와 판독료 5kg,전라남도,고흥군,50000,50000,50000,50000,ANITY00006,46,46,172,MEDIT00011,Jeonnam-Goheung-gun,전라남도,MEDIT00011,ANITY00006
엑스선 촬영비와 판독료 5kg,전라남도,광양시,30000,42500,41250,50000,ANITY00006,46,46,174,MEDIT00011,Jeonnam-Gwangyang-si,전라남도,MEDIT00011,ANITY00006
엑스선 촬영비와 판독료 5kg,전라남도,나주시,25000,40000,39167,50000,ANITY00006,46,46,176,MEDIT00011,Jeonnam-Naju-si,전라남도,MEDIT00011,ANITY00006
엑스선 촬영비와 판독료 5kg,전라남도,목포시,50000,50000,50000,50000,ANITY00006,46,46,178,MEDIT00011,Jeonnam-Mokpo-si,전라남도,MEDIT00011,ANITY00006
엑스선 촬영비와 판독료 5kg,전라남도,무안군,33000,50000,46600,50000,ANITY00006,46,46,179,MEDIT00011,Jeonnam-Muan-gun,전라남도,MEDIT00011,ANITY00006
엑스선 촬영비와 판독료 5kg,전라남도,순천시,15000,49750,43036,60000,ANITY00006,46,46,180,MEDIT00011,Jeonnam-Suncheon-si,전라남도,MEDIT00011,ANITY00006
엑스선 촬영비와 판독료 5kg,전라남도,여수시,20000,30000,30750,40000,ANITY00006,46,46,181,MEDIT00011,Jeonnam-Yeosu-si,전라남도,MEDIT00011,ANITY00006
엑스선 촬영비와 판독료 5kg,전라남도,영광군,40000,40000,40000,40000,ANITY00006,46,46,182,MEDIT00011,Jeonnam-Yeonggwang-gun,전라남도,MEDIT00011,ANITY00006
엑스선 촬영비와 판독료 5kg,전라남도,장흥군,20000,20000,20000,20000,ANITY00006,46,46,186,MEDIT00011,Jeonnam-Jangheung-gun,전라남도,MEDIT00011,ANITY00006
엑스선 촬영비와 판독료 5kg,전라남도,해남군,35000,40000,38333,40000,ANITY00006,46,46,188,MEDIT00011,Jeonnam-Haenam-gun,전라남도,MEDIT00011,ANITY00006
엑스선 촬영비와 판독료 5kg,전라남도,화순군,20000,24500,29750,50000,ANITY00006,46,46,189,MEDIT00011,Jeonnam-Hwasun-gun,전라남도,MEDIT00011,ANITY00006
엑스선 촬영비와 판독료 5kg,경상북도,경산시,15000,35000,33938,50000,ANITY00006,47,47,69,MEDIT00011,Gyeongbuk-Gyeongsan-si,경상북도,MEDIT00011,ANITY00006
엑스선 촬영비와 판독료 5kg,경상북도,경주시,33000,44000,43818,55000,ANITY00006,47,47,70,MEDIT00011,Gyeongbuk-Gyeongju-si,경상북도,MEDIT00011,ANITY00006
엑스선 촬영비와 판독료 5kg,경상북도,구미시,20000,30000,34280,55000,ANITY00006,47,47,72,MEDIT00011,Gyeongbuk-Gumi-si,경상북도,MEDIT00011,ANITY00006
엑스선 촬영비와 판독료 5kg,경상북도,김천시,20000,27500,29000,44000,ANITY00006,47,47,73,MEDIT00011,Gyeongbuk-Gimcheon-si,경상북도,MEDIT00011,ANITY00006
엑스선 촬영비와 판독료 5kg,경상북도,문경시,40000,40000,40000,40000,ANITY00006,47,47,74,MEDIT00011,Gyeongbuk-Mungyeong-si,경상북도,MEDIT00011,ANITY00006
엑스선 촬영비와 판독료 5kg,경상북도,상주시,20000,30000,30000,40000,ANITY00006,47,47,75,MEDIT00011,Gyeongbuk-Sangju-si,경상북도,MEDIT00011,ANITY00006
엑스선 촬영비와 판독료 5kg,경상북도,성주군,42000,51000,51000,60000,ANITY00006,47,47,76,MEDIT00011,Gyeongbuk-Seongju-gun,경상북도,MEDIT00011,ANITY00006
엑스선 촬영비와 판독료 5kg,경상북도,안동시,30000,41500,42667,55000,ANITY00006,47,47,77,MEDIT00011,Gyeongbuk-Andong-si,경상북도,MEDIT00011,ANITY00006
엑스선 촬영비와 판독료 5kg,경상북도,영덕군,50000,55000,55000,60000,ANITY00006,47,47,78,MEDIT00011,Gyeongbuk-Yeongdeok-gun,경상북도,MEDIT00011,ANITY00006
엑스선 촬영비와 판독료 5kg,경상북도,영주시,20000,31500,29750,36000,ANITY00006,47,47,79,MEDIT00011,Gyeongbuk-Yeongju-si,경상북도,MEDIT00011,ANITY00006
엑스선 촬영비와 판독료 5kg,경상북도,영천시,22000,31000,31000,40000,ANITY00006,47,47,80,MEDIT00011,Gyeongbuk-Yeongcheon-si,경상북도,MEDIT00011,ANITY00006
엑스선 촬영비와 판독료 5kg,경상북도,예천군,20000,32000,32000,44000,ANITY00006,47,47,81,MEDIT00011,Gyeongbuk-Yecheon-gun,경상북도,MEDIT00011,ANITY00006
엑스선 촬영비와 판독료 5kg,경상북도,청도군,30000,33000,34333,40000,ANITY00006,47,47,84,MEDIT00011,Gyeongbuk-Cheongdo-gun,경상북도,MEDIT00011,ANITY00006
엑스선 촬영비와 판독료 5kg,경상북도,칠곡군,30000,44000,42600,60000,ANITY00006,47,47,86,MEDIT00011,Gyeongbuk-Chilgok-gun,경상북도,MEDIT00011,ANITY00006
엑스선 촬영비와 판독료 5kg,경상북도,포항시,15000,40000,43345,84000,ANITY00006,47,47,87,MEDIT00011,Gyeongbuk-Pohang-si,경상북도,MEDIT00011,ANITY00006
엑스선 촬영비와 판독료 5kg,경상남도,거제시,20000,40000,39818,50000,ANITY00006,48,48,50,MEDIT00011,Gyeongnam-Geoje-si,경상남도,MEDIT00011,ANITY00006
엑스선 촬영비와 판독료 5kg,경상남도,거창군,33000,33000,33000,33000,ANITY00006,48,48,51,MEDIT00011,Gyeongnam-Geochang-gun,경상남도,MEDIT00011,ANITY00006
엑스선 촬영비와 판독료 5kg,경상남도,고성군,36000,36000,36000,36000,ANITY00006,48,48,52,MEDIT00011,Gyeongnam-Goseong-gun,경상남도,MEDIT00011,ANITY00006
엑스선 촬영비와 판독료 5kg,경상남도,김해시,20000,40000,41029,80000,ANITY00006,48,48,53,MEDIT00011,Gyeongnam-Gimhae-si,경상남도,MEDIT00011,ANITY00006
엑스선 촬영비와 판독료 5kg,경상남도,밀양시,40000,40000,46000,60000,ANITY00006,48,48,55,MEDIT00011,Gyeongnam-Miryang-si,경상남도,MEDIT00011,ANITY00006
엑스선 촬영비와 판독료 5kg,경상남도,사천시,15000,42000,36333,45000,ANITY00006,48,48,56,MEDIT00011,Gyeongnam-Sacheon-si,경상남도,MEDIT00011,ANITY00006
엑스선 촬영비와 판독료 5kg,경상남도,산청군,40000,45000,45000,50000,ANITY00006,48,48,57,MEDIT00011,Gyeongnam-Sancheong-gun,경상남도,MEDIT00011,ANITY00006
엑스선 촬영비와 판독료 5kg,경상남도,양산시,20000,44000,42196,50000,ANITY00006,48,48,58,MEDIT00011,Gyeongnam-Yangsan-si,경상남도,MEDIT00011,ANITY00006
엑스선 촬영비와 판독료 5kg,경상남도,진주시,20000,40000,39850,80000,ANITY00006,48,48,60,MEDIT00011,Gyeongnam-Jinju-si,경상남도,MEDIT00011,ANITY00006
엑스선 촬영비와 판독료 5kg,경상남도,창녕군,45000,50000,48333,50000,ANITY00006,48,48,61,MEDIT00011,Gyeongnam-Changnyeong-gun,경상남도,MEDIT00011,ANITY00006
엑스선 촬영비와 판독료 5kg,경상남도,창원시,25000,50000,50398,92000,ANITY00006,48,48,62,MEDIT00011,Gyeongnam-Changwon-si,경상남도,MEDIT00011,ANITY00006
엑스선 촬영비와 판독료 5kg,경상남도,통영시,35000,44000,44143,55000,ANITY00006,48,48,63,MEDIT00011,Gyeongnam-Tongyeong-si,경상남도,MEDIT00011,ANITY00006
엑스선 촬영비와 판독료 5kg,경상남도,하동군,40000,45000,45000,50000,ANITY00006,48,48,64,MEDIT00011,Gyeongnam-Hadong-gun,경상남도,MEDIT00011,ANITY00006
엑스선 촬영비와 판독료 5kg,경상남도,함안군,20000,20000,20000,20000,ANITY00006,48,48,65,MEDIT00011,Gyeongnam-Haman-gun,경상남도,MEDIT00011,ANITY00006
엑스선 촬영비와 판독료 5kg,경상남도,합천군,36000,36000,36000,36000,ANITY00006,48,48,67,MEDIT00011,Gyeongnam-Hapcheon-gu,경상남도,MEDIT00011,ANITY00006
엑스선 촬영비와 판독료 5kg,제주특별자치도,서귀포시,15000,38375,40479,85000,ANITY00006,50,50,204,MEDIT00011,Jeju-Seogwipo,제주특별자치도,MEDIT00011,ANITY00006
엑스선 촬영비와 판독료 5kg,제주특별자치도,제주시,19600,40000,39642,90000,ANITY00006,50,50,205,MEDIT00011,Jeju-Jeju-si,제주특별자치도,MEDIT00011,ANITY00006
엑스선 촬영비와 판독료 10kg,서울특별시,강남구,15000,54000,56155,110000,ANITY00007,11,11,128,MEDIT00011,seoul-Gangnam-gu,서울특별시,MEDIT00011,ANITY00007
엑스선 촬영비와 판독료 10kg,서울특별시,강동구,15000,40000,40731,70000,ANITY00007,11,11,129,MEDIT00011,seoul-Gangdong-gu,서울특별시,MEDIT00011,ANITY00007
엑스선 촬영비와 판독료 10kg,서울특별시,강북구,15000,40000,40550,60000,ANITY00007,11,11,130,MEDIT00011,seoul-Gangbuk-gu,서울특별시,MEDIT00011,ANITY00007
엑스선 촬영비와 판독료 10kg,서울특별시,강서구,20000,45000,47296,100000,ANITY00007,11,11,131,MEDIT00011,seoul-Gangseo-gu,서울특별시,MEDIT00011,ANITY00007
엑스선 촬영비와 판독료 10kg,서울특별시,관악구,28000,44000,47583,70000,ANITY00007,11,11,132,MEDIT00011,seoul-Gwanak-gu,서울특별시,MEDIT00011,ANITY00007
엑스선 촬영비와 판독료 10kg,서울특별시,광진구,20000,44000,44532,70000,ANITY00007,11,11,133,MEDIT00011,seoul-Gwangjin-gu,서울특별시,MEDIT00011,ANITY00007
엑스선 촬영비와 판독료 10kg,서울특별시,구로구,20000,44000,47872,100000,ANITY00007,11,11,134,MEDIT00011,seoul-Guro-gu,서울특별시,MEDIT00011,ANITY00007
엑스선 촬영비와 판독료 10kg,서울특별시,금천구,21000,40000,43107,60000,ANITY00007,11,11,135,MEDIT00011,seoul-Geumcheon-gu,서울특별시,MEDIT00011,ANITY00007
엑스선 촬영비와 판독료 10kg,서울특별시,노원구,20000,50000,49118,80000,ANITY00007,11,11,136,MEDIT00011,seoul-Nowon-gu,서울특별시,MEDIT00011,ANITY00007
엑스선 촬영비와 판독료 10kg,서울특별시,도봉구,17500,44000,42432,68000,ANITY00007,11,11,137,MEDIT00011,seoul-Dobong-gu,서울특별시,MEDIT00011,ANITY00007
엑스선 촬영비와 판독료 10kg,서울특별시,동대문구,20000,44000,45419,84000,ANITY00007,11,11,138,MEDIT00011,seoul-Dongdaemun-gu,서울특별시,MEDIT00011,ANITY00007
엑스선 촬영비와 판독료 10kg,서울특별시,동작구,20000,40000,41825,80000,ANITY00007,11,11,139,MEDIT00011,seoul-Dongjak-gu,서울특별시,MEDIT00011,ANITY00007
엑스선 촬영비와 판독료 10kg,서울특별시,마포구,20000,49850,48014,80000,ANITY00007,11,11,140,MEDIT00011,seoul-Mapo-gu,서울특별시,MEDIT00011,ANITY00007
엑스선 촬영비와 판독료 10kg,서울특별시,서대문구,25000,44000,47474,70000,ANITY00007,11,11,141,MEDIT00011,seoul-Seodaemun-gu,서울특별시,MEDIT00011,ANITY00007
엑스선 촬영비와 판독료 10kg,서울특별시,서초구,15000,49000,48248,80000,ANITY00007,11,11,142,MEDIT00011,seoul-Seocho-gu,서울특별시,MEDIT00011,ANITY00007
엑스선 촬영비와 판독료 10kg,서울특별시,성동구,22000,50000,49864,70000,ANITY00007,11,11,143,MEDIT00011,seoul-Seongdong-gu,서울특별시,MEDIT00011,ANITY00007
엑스선 촬영비와 판독료 10kg,서울특별시,성북구,22000,45000,44800,80000,ANITY00007,11,11,144,MEDIT00011,seoul-Seongbuk-gu,서울특별시,MEDIT00011,ANITY00007
엑스선 촬영비와 판독료 10kg,서울특별시,송파구,20000,45000,47034,100000,ANITY00007,11,11,145,MEDIT00011,seoul-Songpa-gu,서울특별시,MEDIT00011,ANITY00007
엑스선 촬영비와 판독료 10kg,서울특별시,양천구,30000,45000,50405,88000,ANITY00007,11,11,146,MEDIT00011,seoul-Yangcheon-gu,서울특별시,MEDIT00011,ANITY00007
엑스선 촬영비와 판독료 10kg,서울특별시,영등포구,20000,45000,47882,90000,ANITY00007,11,11,147,MEDIT00011,seoul-Yeongdeungpo-gu,서울특별시,MEDIT00011,ANITY00007
엑스선 촬영비와 판독료 10kg,서울특별시,용산구,25000,54500,54646,88000,ANITY00007,11,11,148,MEDIT00011,seoul-Yongsan-gu,서울특별시,MEDIT00011,ANITY00007
엑스선 촬영비와 판독료 10kg,서울특별시,은평구,17000,47500,45531,65000,ANITY00007,11,11,149,MEDIT00011,seoul-Eunpyeong-gu,서울특별시,MEDIT00011,ANITY00007
엑스선 촬영비와 판독료 10kg,서울특별시,종로구,25000,50000,46900,55000,ANITY00007,11,11,150,MEDIT00011,seoul-Jongno-gu,서울특별시,MEDIT00011,ANITY00007
엑스선 촬영비와 판독료 10kg,서울특별시,중구,30000,50000,48471,80000,ANITY00007,11,11,151,MEDIT00011,seoul-jung-gu,서울특별시,MEDIT00011,ANITY00007
엑스선 촬영비와 판독료 10kg,서울특별시,중랑구,25000,50000,50185,70000,ANITY00007,11,11,152,MEDIT00011,seoul-Jungnang-gu,서울특별시,MEDIT00011,ANITY00007
엑스선 촬영비와 판독료 10kg,부산광역시,강서구,25000,50000,50909,88000,ANITY00007,26,26,111,MEDIT00011,Busan-Gangseo-gu,부산광역시,MEDIT00011,ANITY00007
엑스선 촬영비와 판독료 10kg,부산광역시,금정구,22000,47500,46333,75000,ANITY00007,26,26,112,MEDIT00011,Busan-Geumjeong-gu,부산광역시,MEDIT00011,ANITY00007
엑스선 촬영비와 판독료 10kg,부산광역시,기장군,20000,44000,44545,70000,ANITY00007,26,26,113,MEDIT00011,Busan-Gijang-gun,부산광역시,MEDIT00011,ANITY00007
엑스선 촬영비와 판독료 10kg,부산광역시,남구,40000,50000,51933,67000,ANITY00007,26,26,114,MEDIT00011,Busan-Nam-gu,부산광역시,MEDIT00011,ANITY00007
엑스선 촬영비와 판독료 10kg,부산광역시,동구,40000,53000,53000,66000,ANITY00007,26,26,115,MEDIT00011,Busan-Dong-gu,부산광역시,MEDIT00011,ANITY00007
엑스선 촬영비와 판독료 10kg,부산광역시,동래구,25000,50000,51487,84600,ANITY00007,26,26,116,MEDIT00011,Busan-Dongrae-gu,부산광역시,MEDIT00011,ANITY00007
엑스선 촬영비와 판독료 10kg,부산광역시,부산진구,15000,40000,39484,80000,ANITY00007,26,26,117,MEDIT00011,Busan-Busanjin-gu,부산광역시,MEDIT00011,ANITY00007
엑스선 촬영비와 판독료 10kg,부산광역시,북구,40000,47500,50000,88000,ANITY00007,26,26,118,MEDIT00011,Busan-Buk-gu,부산광역시,MEDIT00011,ANITY00007
엑스선 촬영비와 판독료 10kg,부산광역시,사상구,40000,45000,45556,50000,ANITY00007,26,26,119,MEDIT00011,Busan-Sasang-gu,부산광역시,MEDIT00011,ANITY00007
엑스선 촬영비와 판독료 10kg,부산광역시,사하구,30000,44000,45933,72000,ANITY00007,26,26,120,MEDIT00011,Busan-Saha-gu,부산광역시,MEDIT00011,ANITY00007
엑스선 촬영비와 판독료 10kg,부산광역시,서구,30000,44000,44600,60000,ANITY00007,26,26,121,MEDIT00011,Busan-Seo-gu,부산광역시,MEDIT00011,ANITY00007
엑스선 촬영비와 판독료 10kg,부산광역시,수영구,20000,47500,46300,70000,ANITY00007,26,26,122,MEDIT00011,Busan-Suyeong-gu,부산광역시,MEDIT00011,ANITY00007
엑스선 촬영비와 판독료 10kg,부산광역시,연제구,25000,50000,48458,70000,ANITY00007,26,26,123,MEDIT00011,Busan-Yeonje-gu,부산광역시,MEDIT00011,ANITY00007
엑스선 촬영비와 판독료 10kg,부산광역시,영도구,44000,45000,46333,50000,ANITY00007,26,26,124,MEDIT00011,Busan-Yeongdo-gu,부산광역시,MEDIT00011,ANITY00007
엑스선 촬영비와 판독료 10kg,부산광역시,중구,30000,40000,40000,50000,ANITY00007,26,26,125,MEDIT00011,Busan-Jung-gu,부산광역시,MEDIT00011,ANITY00007
엑스선 촬영비와 판독료 10kg,부산광역시,해운대구,25000,46500,47223,105000,ANITY00007,26,26,126,MEDIT00011,Busan-Haeundae-gu,부산광역시,MEDIT00011,ANITY00007
엑스선 촬영비와 판독료 10kg,대구광역시,남구,30000,42000,47375,80000,ANITY00007,27,27,96,MEDIT00011,Daegu-Nam-gu,대구광역시,MEDIT00011,ANITY00007
엑스선 촬영비와 판독료 10kg,대구광역시,달서구,20000,40000,42798,70000,ANITY00007,27,27,97,MEDIT00011,Daegu-Dalseo-gu,대구광역시,MEDIT00011,ANITY00007
엑스선 촬영비와 판독료 10kg,대구광역시,달성군,15000,40000,44267,80000,ANITY00007,27,27,98,MEDIT00011,Daegu-Dal-Sung-gun,대구광역시,MEDIT00011,ANITY00007
엑스선 촬영비와 판독료 10kg,대구광역시,동구,32000,40000,47800,80000,ANITY00007,27,27,99,MEDIT00011,Daegu-Dong-gu,대구광역시,MEDIT00011,ANITY00007
엑스선 촬영비와 판독료 10kg,대구광역시,북구,22000,50000,50423,100000,ANITY00007,27,27,100,MEDIT00011,Daegu-Buk-gu,대구광역시,MEDIT00011,ANITY00007
엑스선 촬영비와 판독료 10kg,대구광역시,서구,20000,40000,40700,60000,ANITY00007,27,27,101,MEDIT00011,Daegu-Seo-gu,대구광역시,MEDIT00011,ANITY00007
엑스선 촬영비와 판독료 10kg,대구광역시,수성구,20000,42500,45083,85000,ANITY00007,27,27,102,MEDIT00011,Daegu-Suseong-gu,대구광역시,MEDIT00011,ANITY00007
엑스선 촬영비와 판독료 10kg,대구광역시,중구,30000,47000,50917,100000,ANITY00007,27,27,103,MEDIT00011,Daegu-Jung-gu,대구광역시,MEDIT00011,ANITY00007
엑스선 촬영비와 판독료 10kg,인천광역시,강화군,25000,30000,35000,50000,ANITY00007,28,28,162,MEDIT00011,Incheon-Ganghwa-gun,인천광역시,MEDIT00011,ANITY00007
엑스선 촬영비와 판독료 10kg,인천광역시,계양구,22000,50000,50514,100000,ANITY00007,28,28,163,MEDIT00011,Incheon-Gyeyang-gu,인천광역시,MEDIT00011,ANITY00007
엑스선 촬영비와 판독료 10kg,인천광역시,남동구,33000,45000,49324,85000,ANITY00007,28,28,164,MEDIT00011,Incheon-Namdong-gu,인천광역시,MEDIT00011,ANITY00007
엑스선 촬영비와 판독료 10kg,인천광역시,동구,40000,47500,47500,55000,ANITY00007,28,28,165,MEDIT00011,Incheon-Dong-gu,인천광역시,MEDIT00011,ANITY00007
엑스선 촬영비와 판독료 10kg,인천광역시,미추홀구,15000,44000,43132,96000,ANITY00007,28,28,166,MEDIT00011,Incheon-Michuhol-gu,인천광역시,MEDIT00011,ANITY00007
엑스선 촬영비와 판독료 10kg,인천광역시,부평구,20000,49000,46161,80000,ANITY00007,28,28,167,MEDIT00011,Incheon-Bupyeong-gu,인천광역시,MEDIT00011,ANITY00007
엑스선 촬영비와 판독료 10kg,인천광역시,서구,20000,41853,42902,66000,ANITY00007,28,28,168,MEDIT00011,Incheon-Seo-gu,인천광역시,MEDIT00011,ANITY00007
엑스선 촬영비와 판독료 10kg,인천광역시,연수구,20000,44000,48590,100000,ANITY00007,28,28,169,MEDIT00011,Incheon-Yeonsu-gu,인천광역시,MEDIT00011,ANITY00007
엑스선 촬영비와 판독료 10kg,인천광역시,중구,20000,35000,37125,66000,ANITY00007,28,28,170,MEDIT00011,Incheon-Jung-gu,인천광역시,MEDIT00011,ANITY00007
엑스선 촬영비와 판독료 10kg,광주광역시,광산구,40000,41000,45346,70000,ANITY00007,29,29,89,MEDIT00011,Gwangju-Gwangsan-gu,광주광역시,MEDIT00011,ANITY00007
엑스선 촬영비와 판독료 10kg,광주광역시,남구,30000,44000,49000,120000,ANITY00007,29,29,90,MEDIT00011,Gwangju-Nam-gu,광주광역시,MEDIT00011,ANITY00007
엑스선 촬영비와 판독료 10kg,광주광역시,동구,25000,40000,45214,70000,ANITY00007,29,29,91,MEDIT00011,Gwangju-Dong-gu,광주광역시,MEDIT00011,ANITY00007
엑스선 촬영비와 판독료 10kg,광주광역시,북구,33000,44000,49909,124000,ANITY00007,29,29,92,MEDIT00011,Gwangju-Buk-gu,광주광역시,MEDIT00011,ANITY00007
엑스선 촬영비와 판독료 10kg,광주광역시,서구,30000,44000,45980,60000,ANITY00007,29,29,93,MEDIT00011,Gwangju-Seo-gu,광주광역시,MEDIT00011,ANITY00007
엑스선 촬영비와 판독료 10kg,대전광역시,대덕구,25000,35000,46000,121000,ANITY00007,30,30,105,MEDIT00011,Daejeon-Daedeok-gu,대전광역시,MEDIT00011,ANITY00007
엑스선 촬영비와 판독료 10kg,대전광역시,동구,22000,40000,41818,60000,ANITY00007,30,30,106,MEDIT00011,Daejeon-Dong-gu,대전광역시,MEDIT00011,ANITY00007
엑스선 촬영비와 판독료 10kg,대전광역시,서구,20000,48000,50345,90000,ANITY00007,30,30,107,MEDIT00011,Daejeon-Seo-gu,대전광역시,MEDIT00011,ANITY00007
엑스선 촬영비와 판독료 10kg,대전광역시,유성구,20000,47500,48443,84900,ANITY00007,30,30,108,MEDIT00011,Daejeon-Yuseong-gu,대전광역시,MEDIT00011,ANITY00007
엑스선 촬영비와 판독료 10kg,대전광역시,중구,30000,44500,42833,55000,ANITY00007,30,30,109,MEDIT00011,Daejeon-Jung-gu,대전광역시,MEDIT00011,ANITY00007
엑스선 촬영비와 판독료 10kg,울산광역시,남구,25000,45000,47108,70000,ANITY00007,31,31,156,MEDIT00011,Ulsan-Nam-gu,울산광역시,MEDIT00011,ANITY00007
엑스선 촬영비와 판독료 10kg,울산광역시,동구,30000,45000,43333,50000,ANITY00007,31,31,157,MEDIT00011,Ulsan-Dong-gu,울산광역시,MEDIT00011,ANITY00007
엑스선 촬영비와 판독료 10kg,울산광역시,북구,40000,50000,48625,60000,ANITY00007,31,31,158,MEDIT00011,Ulsan-Buk-gu,울산광역시,MEDIT00011,ANITY00007
엑스선 촬영비와 판독료 10kg,울산광역시,울주군,20000,42000,41438,66000,ANITY00007,31,31,159,MEDIT00011,Ulsan-Ulju-gun,울산광역시,MEDIT00011,ANITY00007
엑스선 촬영비와 판독료 10kg,울산광역시,중구,25000,50000,44800,55000,ANITY00007,31,31,160,MEDIT00011,Ulsan-Jung-gu,울산광역시,MEDIT00011,ANITY00007
엑스선 촬영비와 판독료 10kg,세종특별자치시,세종특별자치시,15000,44000,43275,70000,ANITY00007,36,36,154,MEDIT00011,Sejong-Sejong-si,세종특별자치시,MEDIT00011,ANITY00007
엑스선 촬영비와 판독료 10kg,경기도,가평군,40000,52000,51000,60000,ANITY00007,41,41,19,MEDIT00011,Gyeonggi-Gapyeong-gun,경기도,MEDIT00011,ANITY00007
엑스선 촬영비와 판독료 10kg,경기도,고양시,19800,44000,46156,110000,ANITY00007,41,41,20,MEDIT00011,Gyeonggi-Goyang-si,경기도,MEDIT00011,ANITY00007
엑스선 촬영비와 판독료 10kg,경기도,과천시,22500,42500,46563,70000,ANITY00007,41,41,21,MEDIT00011,Gyeonggi-Gwacheon,경기도,MEDIT00011,ANITY00007
엑스선 촬영비와 판독료 10kg,경기도,광명시,30000,44000,41994,60000,ANITY00007,41,41,22,MEDIT00011,Gyeonggi-Gwangmyeong,경기도,MEDIT00011,ANITY00007
엑스선 촬영비와 판독료 10kg,경기도,광주시,20000,42000,45148,90000,ANITY00007,41,41,23,MEDIT00011,Gyeonggi-Gwangju-si,경기도,MEDIT00011,ANITY00007
엑스선 촬영비와 판독료 10kg,경기도,구리시,30000,40000,47306,80000,ANITY00007,41,41,24,MEDIT00011,Gyeonggi-Guri-si,경기도,MEDIT00011,ANITY00007
엑스선 촬영비와 판독료 10kg,경기도,군포시,33000,47500,51987,90000,ANITY00007,41,41,25,MEDIT00011,Gyeonggi-Gunpo,경기도,MEDIT00011,ANITY00007
엑스선 촬영비와 판독료 10kg,경기도,김포시,25000,50000,47851,80000,ANITY00007,41,41,26,MEDIT00011,Gyeonggi-Gimpo-si,경기도,MEDIT00011,ANITY00007
엑스선 촬영비와 판독료 10kg,경기도,남양주시,20000,44000,46637,71000,ANITY00007,41,41,27,MEDIT00011,Gyeonggi-Namyangju-si,경기도,MEDIT00011,ANITY00007
엑스선 촬영비와 판독료 10kg,경기도,동두천시,30000,40000,41667,60000,ANITY00007,41,41,28,MEDIT00011,Gyeonggi-Dongducheon-si,경기도,MEDIT00011,ANITY00007
엑스선 촬영비와 판독료 10kg,경기도,부천시,15000,49775,49267,88000,ANITY00007,41,41,29,MEDIT00011,Gyeonggi-Bucheon,경기도,MEDIT00011,ANITY00007
엑스선 촬영비와 판독료 10kg,경기도,성남시,15000,44000,45277,107600,ANITY00007,41,41,30,MEDIT00011,Gyeonggi-Seongnam,경기도,MEDIT00011,ANITY00007
엑스선 촬영비와 판독료 10kg,경기도,수원시,20000,44000,45477,96000,ANITY00007,41,41,31,MEDIT00011,Gyeonggi-Suwon-si,경기도,MEDIT00011,ANITY00007
엑스선 촬영비와 판독료 10kg,경기도,시흥시,25000,40000,44206,100000,ANITY00007,41,41,32,MEDIT00011,Gyeonggi-Siheung,경기도,MEDIT00011,ANITY00007
엑스선 촬영비와 판독료 10kg,경기도,안산시,20000,44000,44875,88000,ANITY00007,41,41,33,MEDIT00011,Gyeonggi-Ansan,경기도,MEDIT00011,ANITY00007
엑스선 촬영비와 판독료 10kg,경기도,안성시,24000,42000,44750,90000,ANITY00007,41,41,34,MEDIT00011,Gyeonggi-Anseong-si,경기도,MEDIT00011,ANITY00007
엑스선 촬영비와 판독료 10kg,경기도,안양시,16500,42000,45831,138000,ANITY00007,41,41,35,MEDIT00011,Gyeonggi-Anyang,경기도,MEDIT00011,ANITY00007
엑스선 촬영비와 판독료 10kg,경기도,양주시,30000,40000,39000,55000,ANITY00007,41,41,36,MEDIT00011,Gyeonggi-Yangju-si,경기도,MEDIT00011,ANITY00007
엑스선 촬영비와 판독료 10kg,경기도,양평군,33000,40000,43143,54000,ANITY00007,41,41,37,MEDIT00011,Gyeonggi-Yangpyeong-gun,경기도,MEDIT00011,ANITY00007
엑스선 촬영비와 판독료 10kg,경기도,여주시,45000,48000,51000,60000,ANITY00007,41,41,38,MEDIT00011,Gyeonggi-Yeoju-si,경기도,MEDIT00011,ANITY00007
엑스선 촬영비와 판독료 10kg,경기도,오산시,20000,50000,50882,75000,ANITY00007,41,41,39,MEDIT00011,Gyeonggi-Osan-si,경기도,MEDIT00011,ANITY00007
엑스선 촬영비와 판독료 10kg,경기도,용인시,20000,45000,48224,100000,ANITY00007,41,41,40,MEDIT00011,Gyeonggi-Yongin-si,경기도,MEDIT00011,ANITY00007
엑스선 촬영비와 판독료 10kg,경기도,의왕시,30000,47000,49000,70000,ANITY00007,41,41,41,MEDIT00011,Gyeonggi-Uiwang,경기도,MEDIT00011,ANITY00007
엑스선 촬영비와 판독료 10kg,경기도,의정부시,20000,44000,46579,110000,ANITY00007,41,41,42,MEDIT00011,Gyeonggi-Uijeongbu-si,경기도,MEDIT00011,ANITY00007
엑스선 촬영비와 판독료 10kg,경기도,이천시,18000,40000,39033,55000,ANITY00007,41,41,43,MEDIT00011,Gyeonggi-Icheon-si,경기도,MEDIT00011,ANITY00007
엑스선 촬영비와 판독료 10kg,경기도,파주시,25000,45000,45887,65000,ANITY00007,41,41,44,MEDIT00011,Gyeonggi-Paju-si,경기도,MEDIT00011,ANITY00007
엑스선 촬영비와 판독료 10kg,경기도,평택시,22000,45000,45857,80000,ANITY00007,41,41,45,MEDIT00011,Gyeonggi-Pyeongtaek-si,경기도,MEDIT00011,ANITY00007
엑스선 촬영비와 판독료 10kg,경기도,포천시,15000,40000,37500,55000,ANITY00007,41,41,46,MEDIT00011,Gyeonggi-Pocheon-si,경기도,MEDIT00011,ANITY00007
엑스선 촬영비와 판독료 10kg,경기도,하남시,10000,45000,45667,70000,ANITY00007,41,41,47,MEDIT00011,Gyeonggi-Hanam-si,경기도,MEDIT00011,ANITY00007
엑스선 촬영비와 판독료 10kg,경기도,화성시,20000,44000,45839,100000,ANITY00007,41,41,48,MEDIT00011,Gyeonggi-Hwaseong-si,경기도,MEDIT00011,ANITY00007
엑스선 촬영비와 판독료 10kg,강원특별자치도,강릉시,10000,40000,43188,80000,ANITY00007,42,42,2,MEDIT00011,Gangwon-Gangneung-si,강원특별자치도,MEDIT00011,ANITY00007
엑스선 촬영비와 판독료 10kg,강원특별자치도,동해시,40000,60000,60000,80000,ANITY00007,42,42,4,MEDIT00011,Gangwon-Donghae-si,강원특별자치도,MEDIT00011,ANITY00007
엑스선 촬영비와 판독료 10kg,강원특별자치도,삼척시,30000,35000,35000,40000,ANITY00007,42,42,5,MEDIT00011,Gangwon-Samcheok-si,강원특별자치도,MEDIT00011,ANITY00007
엑스선 촬영비와 판독료 10kg,강원특별자치도,속초시,40000,47000,50667,70000,ANITY00007,42,42,6,MEDIT00011,Gangwon-Sokcho-si,강원특별자치도,MEDIT00011,ANITY00007
엑스선 촬영비와 판독료 10kg,강원특별자치도,양양군,30000,37500,37500,45000,ANITY00007,42,42,8,MEDIT00011,Gangwon-Yangyang-gun,강원특별자치도,MEDIT00011,ANITY00007
엑스선 촬영비와 판독료 10kg,강원특별자치도,영월군,50000,50000,50000,50000,ANITY00007,42,42,9,MEDIT00011,Gangwon-Yeongwol-gun,강원특별자치도,MEDIT00011,ANITY00007
엑스선 촬영비와 판독료 10kg,강원특별자치도,원주시,20000,40000,39583,60000,ANITY00007,42,42,10,MEDIT00011,Gangwon-Wonju-si,강원특별자치도,MEDIT00011,ANITY00007
엑스선 촬영비와 판독료 10kg,강원특별자치도,인제군,30000,50000,46667,60000,ANITY00007,42,42,11,MEDIT00011,Gangwon-Inje-gun,강원특별자치도,MEDIT00011,ANITY00007
엑스선 촬영비와 판독료 10kg,강원특별자치도,춘천시,30000,45000,45200,66000,ANITY00007,42,42,13,MEDIT00011,Gangwon-Chuncheon-si,강원특별자치도,MEDIT00011,ANITY00007
엑스선 촬영비와 판독료 10kg,강원특별자치도,태백시,20000,35000,35000,50000,ANITY00007,42,42,14,MEDIT00011,Gangwon-Taebaek-si,강원특별자치도,MEDIT00011,ANITY00007
엑스선 촬영비와 판독료 10kg,강원특별자치도,홍천군,33000,45000,43250,50000,ANITY00007,42,42,15,MEDIT00011,Gangwon-Hongcheon-gun,강원특별자치도,MEDIT00011,ANITY00007
엑스선 촬영비와 판독료 10kg,강원특별자치도,횡성군,25000,37500,37500,50000,ANITY00007,42,42,17,MEDIT00011,Gangwon-Hoengseong-gun,강원특별자치도,MEDIT00011,ANITY00007
엑스선 촬영비와 판독료 10kg,충청북도,괴산군,40000,40000,40000,40000,ANITY00007,43,43,223,MEDIT00011,Chungbuk-Goesan-gun,충청북도,MEDIT00011,ANITY00007
엑스선 촬영비와 판독료 10kg,충청북도,보은군,30000,30000,30000,30000,ANITY00007,43,43,225,MEDIT00011,Chungbuk-Boeun-gun,충청북도,MEDIT00011,ANITY00007
엑스선 촬영비와 판독료 10kg,충청북도,영동군,20000,30000,31667,45000,ANITY00007,43,43,226,MEDIT00011,Chungbuk-Yeongdong-gun,충청북도,MEDIT00011,ANITY00007
엑스선 촬영비와 판독료 10kg,충청북도,옥천군,40000,50000,46667,50000,ANITY00007,43,43,227,MEDIT00011,Chungbuk-Okcheon-gun,충청북도,MEDIT00011,ANITY00007
엑스선 촬영비와 판독료 10kg,충청북도,음성군,30000,30000,33333,40000,ANITY00007,43,43,228,MEDIT00011,Chungbuk-Eumseong-gun,충청북도,MEDIT00011,ANITY00007
엑스선 촬영비와 판독료 10kg,충청북도,제천시,30000,55000,51583,60000,ANITY00007,43,43,229,MEDIT00011,Chungbuk-Jecheon-si,충청북도,MEDIT00011,ANITY00007
엑스선 촬영비와 판독료 10kg,충청북도,증평군,30000,45000,45000,60000,ANITY00007,43,43,230,MEDIT00011,Chungbuk-Jeungpyeong-gun,충청북도,MEDIT00011,ANITY00007
엑스선 촬영비와 판독료 10kg,충청북도,진천군,30000,40000,40600,60000,ANITY00007,43,43,231,MEDIT00011,Chungbuk-Jincheon-gun,충청북도,MEDIT00011,ANITY00007
엑스선 촬영비와 판독료 10kg,충청북도,청주시,20000,44500,46130,84000,ANITY00007,43,43,232,MEDIT00011,Chungbuk-Cheongju-si,충청북도,MEDIT00011,ANITY00007
엑스선 촬영비와 판독료 10kg,충청북도,충주시,30000,35000,41714,71000,ANITY00007,43,43,233,MEDIT00011,Chungbuk-Chungju-si,충청북도,MEDIT00011,ANITY00007
엑스선 촬영비와 판독료 10kg,충청남도,계룡시,26000,30000,32000,40000,ANITY00007,44,44,207,MEDIT00011,Chungnam-Gyeryong-si,충청남도,MEDIT00011,ANITY00007
엑스선 촬영비와 판독료 10kg,충청남도,공주시,40000,45000,47500,60000,ANITY00007,44,44,208,MEDIT00011,Chungnam-Gongju-si,충청남도,MEDIT00011,ANITY00007
엑스선 촬영비와 판독료 10kg,충청남도,금산군,35000,35000,35000,35000,ANITY00007,44,44,209,MEDIT00011,Chungnam-Geumsan-gun,충청남도,MEDIT00011,ANITY00007
엑스선 촬영비와 판독료 10kg,충청남도,논산시,30000,40000,40000,50000,ANITY00007,44,44,210,MEDIT00011,Chungnam-Nonsan-si,충청남도,MEDIT00011,ANITY00007
엑스선 촬영비와 판독료 10kg,충청남도,당진시,20000,50000,41429,68000,ANITY00007,44,44,211,MEDIT00011,Chungnam-Dangjin-si,충청남도,MEDIT00011,ANITY00007
엑스선 촬영비와 판독료 10kg,충청남도,보령시,40000,50000,46667,50000,ANITY00007,44,44,212,MEDIT00011,Chungnam-Boryeong-si,충청남도,MEDIT00011,ANITY00007
엑스선 촬영비와 판독료 10kg,충청남도,부여군,40000,55000,55000,70000,ANITY00007,44,44,213,MEDIT00011,Chungnam-Buyeo-gun,충청남도,MEDIT00011,ANITY00007
엑스선 촬영비와 판독료 10kg,충청남도,서산시,30000,45000,46000,70000,ANITY00007,44,44,214,MEDIT00011,Chungnam-Seosan-si,충청남도,MEDIT00011,ANITY00007
엑스선 촬영비와 판독료 10kg,충청남도,아산시,25000,40000,44786,78000,ANITY00007,44,44,216,MEDIT00011,Chungnam-Asan-si,충청남도,MEDIT00011,ANITY00007
엑스선 촬영비와 판독료 10kg,충청남도,예산군,66000,66000,66000,66000,ANITY00007,44,44,217,MEDIT00011,Chungnam-Yesan-gun,충청남도,MEDIT00011,ANITY00007
엑스선 촬영비와 판독료 10kg,충청남도,천안시,30000,43500,46625,80000,ANITY00007,44,44,218,MEDIT00011,Chungnam-Cheonan-si,충청남도,MEDIT00011,ANITY00007
엑스선 촬영비와 판독료 10kg,충청남도,태안군,40000,47500,47500,55000,ANITY00007,44,44,220,MEDIT00011,Chungnam-Taean-gu,충청남도,MEDIT00011,ANITY00007
엑스선 촬영비와 판독료 10kg,충청남도,홍성군,35000,60000,56714,77000,ANITY00007,44,44,221,MEDIT00011,Chungnam-Hongseong-gun,충청남도,MEDIT00011,ANITY00007
엑스선 촬영비와 판독료 10kg,전북특별자치도,군산시,30000,48000,47889,70000,ANITY00007,45,45,192,MEDIT00011,Jeonbuk-Gunsan-si,전북특별자치도,MEDIT00011,ANITY00007
엑스선 촬영비와 판독료 10kg,전북특별자치도,남원시,30000,35000,38333,50000,ANITY00007,45,45,194,MEDIT00011,Jeonbuk-Namwon-si,전북특별자치도,MEDIT00011,ANITY00007
엑스선 촬영비와 판독료 10kg,전북특별자치도,부안군,10000,10000,10000,10000,ANITY00007,45,45,196,MEDIT00011,Jeonbuk-Buan-gun,전북특별자치도,MEDIT00011,ANITY00007
엑스선 촬영비와 판독료 10kg,전북특별자치도,완주군,35000,42500,42500,50000,ANITY00007,45,45,198,MEDIT00011,Jeonbuk-Wanju-gun,전북특별자치도,MEDIT00011,ANITY00007
엑스선 촬영비와 판독료 10kg,전북특별자치도,익산시,20000,44000,48000,100000,ANITY00007,45,45,199,MEDIT00011,Jeonbuk-Iksan-si,전북특별자치도,MEDIT00011,ANITY00007
엑스선 촬영비와 판독료 10kg,전북특별자치도,전주시,20000,40000,40325,120000,ANITY00007,45,45,201,MEDIT00011,Jeonbuk-Jeonju-si,전북특별자치도,MEDIT00011,ANITY00007
엑스선 촬영비와 판독료 10kg,전북특별자치도,정읍시,35000,57500,57500,80000,ANITY00007,45,45,202,MEDIT00011,Jeonbuk-Jeongeup-si,전북특별자치도,MEDIT00011,ANITY00007
엑스선 촬영비와 판독료 10kg,전라남도,고흥군,50000,50000,50000,50000,ANITY00007,46,46,172,MEDIT00011,Jeonnam-Goheung-gun,전라남도,MEDIT00011,ANITY00007
엑스선 촬영비와 판독료 10kg,전라남도,광양시,40000,50000,48333,55000,ANITY00007,46,46,174,MEDIT00011,Jeonnam-Gwangyang-si,전라남도,MEDIT00011,ANITY00007
엑스선 촬영비와 판독료 10kg,전라남도,나주시,30000,45000,43333,60000,ANITY00007,46,46,176,MEDIT00011,Jeonnam-Naju-si,전라남도,MEDIT00011,ANITY00007
엑스선 촬영비와 판독료 10kg,전라남도,목포시,60000,60000,60000,60000,ANITY00007,46,46,178,MEDIT00011,Jeonnam-Mokpo-si,전라남도,MEDIT00011,ANITY00007
엑스선 촬영비와 판독료 10kg,전라남도,무안군,50000,50000,53000,65000,ANITY00007,46,46,179,MEDIT00011,Jeonnam-Muan-gun,전라남도,MEDIT00011,ANITY00007
엑스선 촬영비와 판독료 10kg,전라남도,순천시,20000,48750,44792,60000,ANITY00007,46,46,180,MEDIT00011,Jeonnam-Suncheon-si,전라남도,MEDIT00011,ANITY00007
엑스선 촬영비와 판독료 10kg,전라남도,여수시,20000,35000,37143,60000,ANITY00007,46,46,181,MEDIT00011,Jeonnam-Yeosu-si,전라남도,MEDIT00011,ANITY00007
엑스선 촬영비와 판독료 10kg,전라남도,영광군,50000,50000,50000,50000,ANITY00007,46,46,182,MEDIT00011,Jeonnam-Yeonggwang-gun,전라남도,MEDIT00011,ANITY00007
엑스선 촬영비와 판독료 10kg,전라남도,장흥군,20000,20000,20000,20000,ANITY00007,46,46,186,MEDIT00011,Jeonnam-Jangheung-gun,전라남도,MEDIT00011,ANITY00007
엑스선 촬영비와 판독료 10kg,전라남도,해남군,35000,40000,38333,40000,ANITY00007,46,46,188,MEDIT00011,Jeonnam-Haenam-gun,전라남도,MEDIT00011,ANITY00007
엑스선 촬영비와 판독료 10kg,전라남도,화순군,20000,30000,35000,60000,ANITY00007,46,46,189,MEDIT00011,Jeonnam-Hwasun-gun,전라남도,MEDIT00011,ANITY00007
엑스선 촬영비와 판독료 10kg,경상북도,경산시,15000,40000,39625,60000,ANITY00007,47,47,69,MEDIT00011,Gyeongbuk-Gyeongsan-si,경상북도,MEDIT00011,ANITY00007
엑스선 촬영비와 판독료 10kg,경상북도,경주시,40000,50000,49455,60000,ANITY00007,47,47,70,MEDIT00011,Gyeongbuk-Gyeongju-si,경상북도,MEDIT00011,ANITY00007
엑스선 촬영비와 판독료 10kg,경상북도,구미시,25000,35000,38400,65000,ANITY00007,47,47,72,MEDIT00011,Gyeongbuk-Gumi-si,경상북도,MEDIT00011,ANITY00007
엑스선 촬영비와 판독료 10kg,경상북도,김천시,20000,27500,29000,44000,ANITY00007,47,47,73,MEDIT00011,Gyeongbuk-Gimcheon-si,경상북도,MEDIT00011,ANITY00007
엑스선 촬영비와 판독료 10kg,경상북도,문경시,40000,40000,40000,40000,ANITY00007,47,47,74,MEDIT00011,Gyeongbuk-Mungyeong-si,경상북도,MEDIT00011,ANITY00007
엑스선 촬영비와 판독료 10kg,경상북도,상주시,30000,37500,36250,40000,ANITY00007,47,47,75,MEDIT00011,Gyeongbuk-Sangju-si,경상북도,MEDIT00011,ANITY00007
엑스선 촬영비와 판독료 10kg,경상북도,성주군,70000,80000,80000,90000,ANITY00007,47,47,76,MEDIT00011,Gyeongbuk-Seongju-gun,경상북도,MEDIT00011,ANITY00007
엑스선 촬영비와 판독료 10kg,경상북도,안동시,30000,41500,45167,70000,ANITY00007,47,47,77,MEDIT00011,Gyeongbuk-Andong-si,경상북도,MEDIT00011,ANITY00007
엑스선 촬영비와 판독료 10kg,경상북도,영덕군,50000,55000,55000,60000,ANITY00007,47,47,78,MEDIT00011,Gyeongbuk-Yeongdeok-gun,경상북도,MEDIT00011,ANITY00007
엑스선 촬영비와 판독료 10kg,경상북도,영주시,20000,33500,31750,40000,ANITY00007,47,47,79,MEDIT00011,Gyeongbuk-Yeongju-si,경상북도,MEDIT00011,ANITY00007
엑스선 촬영비와 판독료 10kg,경상북도,영천시,34000,42000,42000,50000,ANITY00007,47,47,80,MEDIT00011,Gyeongbuk-Yeongcheon-si,경상북도,MEDIT00011,ANITY00007
엑스선 촬영비와 판독료 10kg,경상북도,예천군,20000,37500,37500,55000,ANITY00007,47,47,81,MEDIT00011,Gyeongbuk-Yecheon-gun,경상북도,MEDIT00011,ANITY00007
엑스선 촬영비와 판독료 10kg,경상북도,청도군,33000,40000,41000,50000,ANITY00007,47,47,84,MEDIT00011,Gyeongbuk-Cheongdo-gun,경상북도,MEDIT00011,ANITY00007
엑스선 촬영비와 판독료 10kg,경상북도,칠곡군,30000,55000,49000,60000,ANITY00007,47,47,86,MEDIT00011,Gyeongbuk-Chilgok-gun,경상북도,MEDIT00011,ANITY00007
엑스선 촬영비와 판독료 10kg,경상북도,포항시,15000,44500,47571,84000,ANITY00007,47,47,87,MEDIT00011,Gyeongbuk-Pohang-si,경상북도,MEDIT00011,ANITY00007
엑스선 촬영비와 판독료 10kg,경상남도,거제시,20000,44000,41800,60000,ANITY00007,48,48,50,MEDIT00011,Gyeongnam-Geoje-si,경상남도,MEDIT00011,ANITY00007
엑스선 촬영비와 판독료 10kg,경상남도,거창군,33000,33000,33000,33000,ANITY00007,48,48,51,MEDIT00011,Gyeongnam-Geochang-gun,경상남도,MEDIT00011,ANITY00007
엑스선 촬영비와 판독료 10kg,경상남도,고성군,40000,40000,40000,40000,ANITY00007,48,48,52,MEDIT00011,Gyeongnam-Goseong-gun,경상남도,MEDIT00011,ANITY00007
엑스선 촬영비와 판독료 10kg,경상남도,김해시,25000,40000,44000,80000,ANITY00007,48,48,53,MEDIT00011,Gyeongnam-Gimhae-si,경상남도,MEDIT00011,ANITY00007
엑스선 촬영비와 판독료 10kg,경상남도,밀양시,40000,50000,50000,60000,ANITY00007,48,48,55,MEDIT00011,Gyeongnam-Miryang-si,경상남도,MEDIT00011,ANITY00007
엑스선 촬영비와 판독료 10kg,경상남도,사천시,15000,42000,41833,77000,ANITY00007,48,48,56,MEDIT00011,Gyeongnam-Sacheon-si,경상남도,MEDIT00011,ANITY00007
엑스선 촬영비와 판독료 10kg,경상남도,산청군,40000,45000,45000,50000,ANITY00007,48,48,57,MEDIT00011,Gyeongnam-Sancheong-gun,경상남도,MEDIT00011,ANITY00007
엑스선 촬영비와 판독료 10kg,경상남도,양산시,20000,49750,45977,70000,ANITY00007,48,48,58,MEDIT00011,Gyeongnam-Yangsan-si,경상남도,MEDIT00011,ANITY00007
엑스선 촬영비와 판독료 10kg,경상남도,진주시,25000,40000,43474,80000,ANITY00007,48,48,60,MEDIT00011,Gyeongnam-Jinju-si,경상남도,MEDIT00011,ANITY00007
엑스선 촬영비와 판독료 10kg,경상남도,창녕군,50000,70000,66667,80000,ANITY00007,48,48,61,MEDIT00011,Gyeongnam-Changnyeong-gun,경상남도,MEDIT00011,ANITY00007
엑스선 촬영비와 판독료 10kg,경상남도,창원시,25000,50000,53219,92000,ANITY00007,48,48,62,MEDIT00011,Gyeongnam-Changwon-si,경상남도,MEDIT00011,ANITY00007
엑스선 촬영비와 판독료 10kg,경상남도,통영시,40000,50000,51429,75000,ANITY00007,48,48,63,MEDIT00011,Gyeongnam-Tongyeong-si,경상남도,MEDIT00011,ANITY00007
엑스선 촬영비와 판독료 10kg,경상남도,하동군,40000,55000,55000,70000,ANITY00007,48,48,64,MEDIT00011,Gyeongnam-Hadong-gun,경상남도,MEDIT00011,ANITY00007
엑스선 촬영비와 판독료 10kg,경상남도,함안군,20000,20000,20000,20000,ANITY00007,48,48,65,MEDIT00011,Gyeongnam-Haman-gun,경상남도,MEDIT00011,ANITY00007
엑스선 촬영비와 판독료 10kg,경상남도,합천군,44000,44000,44000,44000,ANITY00007,48,48,67,MEDIT00011,Gyeongnam-Hapcheon-gu,경상남도,MEDIT00011,ANITY00007
엑스선 촬영비와 판독료 10kg,제주특별자치도,서귀포시,20000,42000,42646,85000,ANITY00007,50,50,204,MEDIT00011,Jeju-Seogwipo,제주특별자치도,MEDIT00011,ANITY00007
엑스선 촬영비와 판독료 10kg,제주특별자치도,제주시,19600,42000,42642,90000,ANITY00007,50,50,205,MEDIT00011,Jeju-Jeju-si,제주특별자치도,MEDIT00011,ANITY00007
엑스선 촬영비와 판독료 20kg,서울특별시,강남구,15000,66000,69704,140000,ANITY00008,11,11,128,MEDIT00011,seoul-Gangnam-gu,서울특별시,MEDIT00011,ANITY00008
엑스선 촬영비와 판독료 20kg,서울특별시,강동구,15000,50000,51500,90000,ANITY00008,11,11,129,MEDIT00011,seoul-Gangdong-gu,서울특별시,MEDIT00011,ANITY00008
엑스선 촬영비와 판독료 20kg,서울특별시,강북구,22000,40000,47941,80000,ANITY00008,11,11,130,MEDIT00011,seoul-Gangbuk-gu,서울특별시,MEDIT00011,ANITY00008
엑스선 촬영비와 판독료 20kg,서울특별시,강서구,20000,55000,59265,160000,ANITY00008,11,11,131,MEDIT00011,seoul-Gangseo-gu,서울특별시,MEDIT00011,ANITY00008
엑스선 촬영비와 판독료 20kg,서울특별시,관악구,35000,52500,60750,135000,ANITY00008,11,11,132,MEDIT00011,seoul-Gwanak-gu,서울특별시,MEDIT00011,ANITY00008
엑스선 촬영비와 판독료 20kg,서울특별시,광진구,30000,50000,53600,100000,ANITY00008,11,11,133,MEDIT00011,seoul-Gwangjin-gu,서울특별시,MEDIT00011,ANITY00008
엑스선 촬영비와 판독료 20kg,서울특별시,구로구,20000,50000,56858,120000,ANITY00008,11,11,134,MEDIT00011,seoul-Guro-gu,서울특별시,MEDIT00011,ANITY00008
엑스선 촬영비와 판독료 20kg,서울특별시,금천구,33000,55000,56577,84000,ANITY00008,11,11,135,MEDIT00011,seoul-Geumcheon-gu,서울특별시,MEDIT00011,ANITY00008
엑스선 촬영비와 판독료 20kg,서울특별시,노원구,30000,60000,62048,160000,ANITY00008,11,11,136,MEDIT00011,seoul-Nowon-gu,서울특별시,MEDIT00011,ANITY00008
엑스선 촬영비와 판독료 20kg,서울특별시,도봉구,17500,50000,50421,100000,ANITY00008,11,11,137,MEDIT00011,seoul-Dobong-gu,서울특별시,MEDIT00011,ANITY00008
엑스선 촬영비와 판독료 20kg,서울특별시,동대문구,22000,50000,52654,104000,ANITY00008,11,11,138,MEDIT00011,seoul-Dongdaemun-gu,서울특별시,MEDIT00011,ANITY00008
엑스선 촬영비와 판독료 20kg,서울특별시,동작구,25000,44000,48235,100000,ANITY00008,11,11,139,MEDIT00011,seoul-Dongjak-gu,서울특별시,MEDIT00011,ANITY00008
엑스선 촬영비와 판독료 20kg,서울특별시,마포구,30000,58000,58472,102000,ANITY00008,11,11,140,MEDIT00011,seoul-Mapo-gu,서울특별시,MEDIT00011,ANITY00008
엑스선 촬영비와 판독료 20kg,서울특별시,서대문구,25000,50000,57000,100000,ANITY00008,11,11,141,MEDIT00011,seoul-Seodaemun-gu,서울특별시,MEDIT00011,ANITY00008
엑스선 촬영비와 판독료 20kg,서울특별시,서초구,15000,50000,55241,100000,ANITY00008,11,11,142,MEDIT00011,seoul-Seocho-gu,서울특별시,MEDIT00011,ANITY00008
엑스선 촬영비와 판독료 20kg,서울특별시,성동구,33000,60000,63211,125000,ANITY00008,11,11,143,MEDIT00011,seoul-Seongdong-gu,서울특별시,MEDIT00011,ANITY00008
엑스선 촬영비와 판독료 20kg,서울특별시,성북구,22000,44500,51879,100000,ANITY00008,11,11,144,MEDIT00011,seoul-Seongbuk-gu,서울특별시,MEDIT00011,ANITY00008
엑스선 촬영비와 판독료 20kg,서울특별시,송파구,20000,50000,56838,150000,ANITY00008,11,11,145,MEDIT00011,seoul-Songpa-gu,서울특별시,MEDIT00011,ANITY00008
엑스선 촬영비와 판독료 20kg,서울특별시,양천구,30000,60000,65464,150000,ANITY00008,11,11,146,MEDIT00011,seoul-Yangcheon-gu,서울특별시,MEDIT00011,ANITY00008
엑스선 촬영비와 판독료 20kg,서울특별시,영등포구,22000,60000,57355,90000,ANITY00008,11,11,147,MEDIT00011,seoul-Yeongdeungpo-gu,서울특별시,MEDIT00011,ANITY00008
엑스선 촬영비와 판독료 20kg,서울특별시,용산구,25000,64000,64304,110000,ANITY00008,11,11,148,MEDIT00011,seoul-Yongsan-gu,서울특별시,MEDIT00011,ANITY00008
엑스선 촬영비와 판독료 20kg,서울특별시,은평구,25000,50000,53429,80000,ANITY00008,11,11,149,MEDIT00011,seoul-Eunpyeong-gu,서울특별시,MEDIT00011,ANITY00008
엑스선 촬영비와 판독료 20kg,서울특별시,종로구,25000,50000,51714,88000,ANITY00008,11,11,150,MEDIT00011,seoul-Jongno-gu,서울특별시,MEDIT00011,ANITY00008
엑스선 촬영비와 판독료 20kg,서울특별시,중구,30000,63000,60313,100000,ANITY00008,11,11,151,MEDIT00011,seoul-jung-gu,서울특별시,MEDIT00011,ANITY00008
엑스선 촬영비와 판독료 20kg,서울특별시,중랑구,35000,60000,60000,88000,ANITY00008,11,11,152,MEDIT00011,seoul-Jungnang-gu,서울특별시,MEDIT00011,ANITY00008
엑스선 촬영비와 판독료 20kg,부산광역시,강서구,40000,54000,59200,110000,ANITY00008,26,26,111,MEDIT00011,Busan-Gangseo-gu,부산광역시,MEDIT00011,ANITY00008
엑스선 촬영비와 판독료 20kg,부산광역시,금정구,30000,57500,55300,90000,ANITY00008,26,26,112,MEDIT00011,Busan-Geumjeong-gu,부산광역시,MEDIT00011,ANITY00008
엑스선 촬영비와 판독료 20kg,부산광역시,기장군,30000,52500,51750,74000,ANITY00008,26,26,113,MEDIT00011,Busan-Gijang-gun,부산광역시,MEDIT00011,ANITY00008
엑스선 촬영비와 판독료 20kg,부산광역시,남구,40000,60000,66833,125000,ANITY00008,26,26,114,MEDIT00011,Busan-Nam-gu,부산광역시,MEDIT00011,ANITY00008
엑스선 촬영비와 판독료 20kg,부산광역시,동구,40000,64000,64000,88000,ANITY00008,26,26,115,MEDIT00011,Busan-Dong-gu,부산광역시,MEDIT00011,ANITY00008
엑스선 촬영비와 판독료 20kg,부산광역시,동래구,30000,60000,61516,102400,ANITY00008,26,26,116,MEDIT00011,Busan-Dongrae-gu,부산광역시,MEDIT00011,ANITY00008
엑스선 촬영비와 판독료 20kg,부산광역시,부산진구,20000,50000,50704,100000,ANITY00008,26,26,117,MEDIT00011,Busan-Busanjin-gu,부산광역시,MEDIT00011,ANITY00008
엑스선 촬영비와 판독료 20kg,부산광역시,북구,40000,50000,56533,100000,ANITY00008,26,26,118,MEDIT00011,Busan-Buk-gu,부산광역시,MEDIT00011,ANITY00008
엑스선 촬영비와 판독료 20kg,부산광역시,사상구,40000,50000,50000,75000,ANITY00008,26,26,119,MEDIT00011,Busan-Sasang-gu,부산광역시,MEDIT00011,ANITY00008
엑스선 촬영비와 판독료 20kg,부산광역시,사하구,35000,55000,53600,80000,ANITY00008,26,26,120,MEDIT00011,Busan-Saha-gu,부산광역시,MEDIT00011,ANITY00008
엑스선 촬영비와 판독료 20kg,부산광역시,서구,30000,44000,48600,74000,ANITY00008,26,26,121,MEDIT00011,Busan-Seo-gu,부산광역시,MEDIT00011,ANITY00008
엑스선 촬영비와 판독료 20kg,부산광역시,수영구,25000,50000,56056,100000,ANITY00008,26,26,122,MEDIT00011,Busan-Suyeong-gu,부산광역시,MEDIT00011,ANITY00008
엑스선 촬영비와 판독료 20kg,부산광역시,연제구,30000,60000,59333,100000,ANITY00008,26,26,123,MEDIT00011,Busan-Yeonje-gu,부산광역시,MEDIT00011,ANITY00008
엑스선 촬영비와 판독료 20kg,부산광역시,영도구,44000,60000,54667,60000,ANITY00008,26,26,124,MEDIT00011,Busan-Yeongdo-gu,부산광역시,MEDIT00011,ANITY00008
엑스선 촬영비와 판독료 20kg,부산광역시,중구,30000,40000,46667,70000,ANITY00008,26,26,125,MEDIT00011,Busan-Jung-gu,부산광역시,MEDIT00011,ANITY00008
엑스선 촬영비와 판독료 20kg,부산광역시,해운대구,25000,51000,52049,85000,ANITY00008,26,26,126,MEDIT00011,Busan-Haeundae-gu,부산광역시,MEDIT00011,ANITY00008
엑스선 촬영비와 판독료 20kg,대구광역시,남구,40000,52500,59375,100000,ANITY00008,27,27,96,MEDIT00011,Daegu-Nam-gu,대구광역시,MEDIT00011,ANITY00008
엑스선 촬영비와 판독료 20kg,대구광역시,달서구,20000,50000,52541,100000,ANITY00008,27,27,97,MEDIT00011,Daegu-Dalseo-gu,대구광역시,MEDIT00011,ANITY00008
엑스선 촬영비와 판독료 20kg,대구광역시,달성군,15000,58000,56200,100000,ANITY00008,27,27,98,MEDIT00011,Daegu-Dal-Sung-gun,대구광역시,MEDIT00011,ANITY00008
엑스선 촬영비와 판독료 20kg,대구광역시,동구,32000,50000,61692,120000,ANITY00008,27,27,99,MEDIT00011,Daegu-Dong-gu,대구광역시,MEDIT00011,ANITY00008
엑스선 촬영비와 판독료 20kg,대구광역시,북구,33000,60000,63435,120000,ANITY00008,27,27,100,MEDIT00011,Daegu-Buk-gu,대구광역시,MEDIT00011,ANITY00008
엑스선 촬영비와 판독료 20kg,대구광역시,서구,20000,50000,51444,100000,ANITY00008,27,27,101,MEDIT00011,Daegu-Seo-gu,대구광역시,MEDIT00011,ANITY00008
엑스선 촬영비와 판독료 20kg,대구광역시,수성구,25000,55000,53500,86000,ANITY00008,27,27,102,MEDIT00011,Daegu-Suseong-gu,대구광역시,MEDIT00011,ANITY00008
엑스선 촬영비와 판독료 20kg,대구광역시,중구,33000,52500,57500,100000,ANITY00008,27,27,103,MEDIT00011,Daegu-Jung-gu,대구광역시,MEDIT00011,ANITY00008
엑스선 촬영비와 판독료 20kg,인천광역시,강화군,30000,40000,43333,60000,ANITY00008,28,28,162,MEDIT00011,Incheon-Ganghwa-gun,인천광역시,MEDIT00011,ANITY00008
엑스선 촬영비와 판독료 20kg,인천광역시,계양구,22000,55000,62356,150000,ANITY00008,28,28,163,MEDIT00011,Incheon-Gyeyang-gu,인천광역시,MEDIT00011,ANITY00008
엑스선 촬영비와 판독료 20kg,인천광역시,남동구,33000,60000,59036,100000,ANITY00008,28,28,164,MEDIT00011,Incheon-Namdong-gu,인천광역시,MEDIT00011,ANITY00008
엑스선 촬영비와 판독료 20kg,인천광역시,동구,50000,63500,63500,77000,ANITY00008,28,28,165,MEDIT00011,Incheon-Dong-gu,인천광역시,MEDIT00011,ANITY00008
엑스선 촬영비와 판독료 20kg,인천광역시,미추홀구,20000,48800,50111,91400,ANITY00008,28,28,166,MEDIT00011,Incheon-Michuhol-gu,인천광역시,MEDIT00011,ANITY00008
엑스선 촬영비와 판독료 20kg,인천광역시,부평구,20000,52500,56667,110000,ANITY00008,28,28,167,MEDIT00011,Incheon-Bupyeong-gu,인천광역시,MEDIT00011,ANITY00008
엑스선 촬영비와 판독료 20kg,인천광역시,서구,20000,50000,51241,88000,ANITY00008,28,28,168,MEDIT00011,Incheon-Seo-gu,인천광역시,MEDIT00011,ANITY00008
엑스선 촬영비와 판독료 20kg,인천광역시,연수구,20000,60000,65000,165000,ANITY00008,28,28,169,MEDIT00011,Incheon-Yeonsu-gu,인천광역시,MEDIT00011,ANITY00008
엑스선 촬영비와 판독료 20kg,인천광역시,중구,22000,30000,43143,90000,ANITY00008,28,28,170,MEDIT00011,Incheon-Jung-gu,인천광역시,MEDIT00011,ANITY00008
엑스선 촬영비와 판독료 20kg,광주광역시,광산구,40000,44000,48478,85000,ANITY00008,29,29,89,MEDIT00011,Gwangju-Gwangsan-gu,광주광역시,MEDIT00011,ANITY00008
엑스선 촬영비와 판독료 20kg,광주광역시,남구,30000,50000,57059,160000,ANITY00008,29,29,90,MEDIT00011,Gwangju-Nam-gu,광주광역시,MEDIT00011,ANITY00008
엑스선 촬영비와 판독료 20kg,광주광역시,동구,30000,40000,48929,80000,ANITY00008,29,29,91,MEDIT00011,Gwangju-Dong-gu,광주광역시,MEDIT00011,ANITY00008
엑스선 촬영비와 판독료 20kg,광주광역시,북구,33000,47000,61900,250000,ANITY00008,29,29,92,MEDIT00011,Gwangju-Buk-gu,광주광역시,MEDIT00011,ANITY00008
엑스선 촬영비와 판독료 20kg,광주광역시,서구,30000,50000,50568,80000,ANITY00008,29,29,93,MEDIT00011,Gwangju-Seo-gu,광주광역시,MEDIT00011,ANITY00008
엑스선 촬영비와 판독료 20kg,대전광역시,대덕구,25000,37500,53500,165000,ANITY00008,30,30,105,MEDIT00011,Daejeon-Daedeok-gu,대전광역시,MEDIT00011,ANITY00008
엑스선 촬영비와 판독료 20kg,대전광역시,동구,36500,50000,48313,60000,ANITY00008,30,30,106,MEDIT00011,Daejeon-Dong-gu,대전광역시,MEDIT00011,ANITY00008
엑스선 촬영비와 판독료 20kg,대전광역시,서구,20000,52500,62042,150000,ANITY00008,30,30,107,MEDIT00011,Daejeon-Seo-gu,대전광역시,MEDIT00011,ANITY00008
엑스선 촬영비와 판독료 20kg,대전광역시,유성구,20000,57500,60169,100000,ANITY00008,30,30,108,MEDIT00011,Daejeon-Yuseong-gu,대전광역시,MEDIT00011,ANITY00008
엑스선 촬영비와 판독료 20kg,대전광역시,중구,30000,50000,48700,70000,ANITY00008,30,30,109,MEDIT00011,Daejeon-Jung-gu,대전광역시,MEDIT00011,ANITY00008
엑스선 촬영비와 판독료 20kg,울산광역시,남구,25000,52500,55663,100000,ANITY00008,31,31,156,MEDIT00011,Ulsan-Nam-gu,울산광역시,MEDIT00011,ANITY00008
엑스선 촬영비와 판독료 20kg,울산광역시,동구,45000,60000,57000,70000,ANITY00008,31,31,157,MEDIT00011,Ulsan-Dong-gu,울산광역시,MEDIT00011,ANITY00008
엑스선 촬영비와 판독료 20kg,울산광역시,북구,40000,57500,57625,90000,ANITY00008,31,31,158,MEDIT00011,Ulsan-Buk-gu,울산광역시,MEDIT00011,ANITY00008
엑스선 촬영비와 판독료 20kg,울산광역시,울주군,25000,42000,44125,66000,ANITY00008,31,31,159,MEDIT00011,Ulsan-Ulju-gun,울산광역시,MEDIT00011,ANITY00008
엑스선 촬영비와 판독료 20kg,울산광역시,중구,33000,60000,57667,80000,ANITY00008,31,31,160,MEDIT00011,Ulsan-Jung-gu,울산광역시,MEDIT00011,ANITY00008
엑스선 촬영비와 판독료 20kg,세종특별자치시,세종특별자치시,15000,55000,52642,80000,ANITY00008,36,36,154,MEDIT00011,Sejong-Sejong-si,세종특별자치시,MEDIT00011,ANITY00008
엑스선 촬영비와 판독료 20kg,경기도,가평군,55000,60000,61250,70000,ANITY00008,41,41,19,MEDIT00011,Gyeonggi-Gapyeong-gun,경기도,MEDIT00011,ANITY00008
엑스선 촬영비와 판독료 20kg,경기도,고양시,20000,55000,58035,187000,ANITY00008,41,41,20,MEDIT00011,Gyeonggi-Goyang-si,경기도,MEDIT00011,ANITY00008
엑스선 촬영비와 판독료 20kg,경기도,과천시,22500,47500,53313,100000,ANITY00008,41,41,21,MEDIT00011,Gyeonggi-Gwacheon,경기도,MEDIT00011,ANITY00008
엑스선 촬영비와 판독료 20kg,경기도,광명시,35000,57500,57931,90000,ANITY00008,41,41,22,MEDIT00011,Gyeonggi-Gwangmyeong,경기도,MEDIT00011,ANITY00008
엑스선 촬영비와 판독료 20kg,경기도,광주시,25000,50000,52308,100000,ANITY00008,41,41,23,MEDIT00011,Gyeonggi-Gwangju-si,경기도,MEDIT00011,ANITY00008
엑스선 촬영비와 판독료 20kg,경기도,구리시,35000,46500,54357,100000,ANITY00008,41,41,24,MEDIT00011,Gyeonggi-Guri-si,경기도,MEDIT00011,ANITY00008
엑스선 촬영비와 판독료 20kg,경기도,군포시,33000,60000,61874,100000,ANITY00008,41,41,25,MEDIT00011,Gyeonggi-Gunpo,경기도,MEDIT00011,ANITY00008
엑스선 촬영비와 판독료 20kg,경기도,김포시,25000,57500,58542,100000,ANITY00008,41,41,26,MEDIT00011,Gyeonggi-Gimpo-si,경기도,MEDIT00011,ANITY00008
엑스선 촬영비와 판독료 20kg,경기도,남양주시,20000,55000,58108,120000,ANITY00008,41,41,27,MEDIT00011,Gyeonggi-Namyangju-si,경기도,MEDIT00011,ANITY00008
엑스선 촬영비와 판독료 20kg,경기도,동두천시,30000,40000,48000,70000,ANITY00008,41,41,28,MEDIT00011,Gyeonggi-Dongducheon-si,경기도,MEDIT00011,ANITY00008
엑스선 촬영비와 판독료 20kg,경기도,부천시,25000,50000,56991,108000,ANITY00008,41,41,29,MEDIT00011,Gyeonggi-Bucheon,경기도,MEDIT00011,ANITY00008
엑스선 촬영비와 판독료 20kg,경기도,성남시,15000,51000,54508,138400,ANITY00008,41,41,30,MEDIT00011,Gyeonggi-Seongnam,경기도,MEDIT00011,ANITY00008
엑스선 촬영비와 판독료 20kg,경기도,수원시,20000,60000,58780,110000,ANITY00008,41,41,31,MEDIT00011,Gyeonggi-Suwon-si,경기도,MEDIT00011,ANITY00008
엑스선 촬영비와 판독료 20kg,경기도,시흥시,30000,50000,56226,150000,ANITY00008,41,41,32,MEDIT00011,Gyeonggi-Siheung,경기도,MEDIT00011,ANITY00008
엑스선 촬영비와 판독료 20kg,경기도,안산시,20000,50000,54571,140000,ANITY00008,41,41,33,MEDIT00011,Gyeonggi-Ansan,경기도,MEDIT00011,ANITY00008
엑스선 촬영비와 판독료 20kg,경기도,안성시,27000,50000,50583,100000,ANITY00008,41,41,34,MEDIT00011,Gyeonggi-Anseong-si,경기도,MEDIT00011,ANITY00008
엑스선 촬영비와 판독료 20kg,경기도,안양시,20000,55000,58772,178000,ANITY00008,41,41,35,MEDIT00011,Gyeonggi-Anyang,경기도,MEDIT00011,ANITY00008
엑스선 촬영비와 판독료 20kg,경기도,양주시,30000,50000,50000,70000,ANITY00008,41,41,36,MEDIT00011,Gyeonggi-Yangju-si,경기도,MEDIT00011,ANITY00008
엑스선 촬영비와 판독료 20kg,경기도,양평군,33000,50000,51286,70000,ANITY00008,41,41,37,MEDIT00011,Gyeonggi-Yangpyeong-gun,경기도,MEDIT00011,ANITY00008
엑스선 촬영비와 판독료 20kg,경기도,여주시,45000,54000,54000,63000,ANITY00008,41,41,38,MEDIT00011,Gyeonggi-Yeoju-si,경기도,MEDIT00011,ANITY00008
엑스선 촬영비와 판독료 20kg,경기도,오산시,20000,60000,59200,90000,ANITY00008,41,41,39,MEDIT00011,Gyeonggi-Osan-si,경기도,MEDIT00011,ANITY00008
엑스선 촬영비와 판독료 20kg,경기도,용인시,20000,50000,51902,100000,ANITY00008,41,41,40,MEDIT00011,Gyeonggi-Yongin-si,경기도,MEDIT00011,ANITY00008
엑스선 촬영비와 판독료 20kg,경기도,의왕시,30000,63000,64250,100000,ANITY00008,41,41,41,MEDIT00011,Gyeonggi-Uiwang,경기도,MEDIT00011,ANITY00008
엑스선 촬영비와 판독료 20kg,경기도,의정부시,22000,50000,51096,120000,ANITY00008,41,41,42,MEDIT00011,Gyeonggi-Uijeongbu-si,경기도,MEDIT00011,ANITY00008
엑스선 촬영비와 판독료 20kg,경기도,이천시,27000,50000,47857,70000,ANITY00008,41,41,43,MEDIT00011,Gyeonggi-Icheon-si,경기도,MEDIT00011,ANITY00008
엑스선 촬영비와 판독료 20kg,경기도,파주시,30000,51500,53804,100000,ANITY00008,41,41,44,MEDIT00011,Gyeonggi-Paju-si,경기도,MEDIT00011,ANITY00008
엑스선 촬영비와 판독료 20kg,경기도,평택시,22000,55000,54129,90000,ANITY00008,41,41,45,MEDIT00011,Gyeonggi-Pyeongtaek-si,경기도,MEDIT00011,ANITY00008
엑스선 촬영비와 판독료 20kg,경기도,포천시,20000,45000,44000,66000,ANITY00008,41,41,46,MEDIT00011,Gyeonggi-Pocheon-si,경기도,MEDIT00011,ANITY00008
엑스선 촬영비와 판독료 20kg,경기도,하남시,20000,55000,55000,90000,ANITY00008,41,41,47,MEDIT00011,Gyeonggi-Hanam-si,경기도,MEDIT00011,ANITY00008
엑스선 촬영비와 판독료 20kg,경기도,화성시,20000,55000,57780,120000,ANITY00008,41,41,48,MEDIT00011,Gyeonggi-Hwaseong-si,경기도,MEDIT00011,ANITY00008
엑스선 촬영비와 판독료 20kg,강원특별자치도,강릉시,10000,50000,50067,95000,ANITY00008,42,42,2,MEDIT00011,Gangwon-Gangneung-si,강원특별자치도,MEDIT00011,ANITY00008
엑스선 촬영비와 판독료 20kg,강원특별자치도,동해시,40000,60000,66667,100000,ANITY00008,42,42,4,MEDIT00011,Gangwon-Donghae-si,강원특별자치도,MEDIT00011,ANITY00008
엑스선 촬영비와 판독료 20kg,강원특별자치도,삼척시,40000,45000,45000,50000,ANITY00008,42,42,5,MEDIT00011,Gangwon-Samcheok-si,강원특별자치도,MEDIT00011,ANITY00008
엑스선 촬영비와 판독료 20kg,강원특별자치도,속초시,40000,47000,55667,100000,ANITY00008,42,42,6,MEDIT00011,Gangwon-Sokcho-si,강원특별자치도,MEDIT00011,ANITY00008
엑스선 촬영비와 판독료 20kg,강원특별자치도,양양군,30000,47500,47500,65000,ANITY00008,42,42,8,MEDIT00011,Gangwon-Yangyang-gun,강원특별자치도,MEDIT00011,ANITY00008
엑스선 촬영비와 판독료 20kg,강원특별자치도,영월군,50000,50000,50000,50000,ANITY00008,42,42,9,MEDIT00011,Gangwon-Yeongwol-gun,강원특별자치도,MEDIT00011,ANITY00008
엑스선 촬영비와 판독료 20kg,강원특별자치도,원주시,20000,40000,46083,85000,ANITY00008,42,42,10,MEDIT00011,Gangwon-Wonju-si,강원특별자치도,MEDIT00011,ANITY00008
엑스선 촬영비와 판독료 20kg,강원특별자치도,인제군,30000,50000,53333,80000,ANITY00008,42,42,11,MEDIT00011,Gangwon-Inje-gun,강원특별자치도,MEDIT00011,ANITY00008
엑스선 촬영비와 판독료 20kg,강원특별자치도,춘천시,40000,55000,56923,85000,ANITY00008,42,42,13,MEDIT00011,Gangwon-Chuncheon-si,강원특별자치도,MEDIT00011,ANITY00008
엑스선 촬영비와 판독료 20kg,강원특별자치도,태백시,20000,35000,35000,50000,ANITY00008,42,42,14,MEDIT00011,Gangwon-Taebaek-si,강원특별자치도,MEDIT00011,ANITY00008
엑스선 촬영비와 판독료 20kg,강원특별자치도,홍천군,40000,52000,51000,60000,ANITY00008,42,42,15,MEDIT00011,Gangwon-Hongcheon-gun,강원특별자치도,MEDIT00011,ANITY00008
엑스선 촬영비와 판독료 20kg,강원특별자치도,횡성군,25000,37500,37500,50000,ANITY00008,42,42,17,MEDIT00011,Gangwon-Hoengseong-gun,강원특별자치도,MEDIT00011,ANITY00008
엑스선 촬영비와 판독료 20kg,충청북도,괴산군,50000,50000,50000,50000,ANITY00008,43,43,223,MEDIT00011,Chungbuk-Goesan-gun,충청북도,MEDIT00011,ANITY00008
엑스선 촬영비와 판독료 20kg,충청북도,보은군,40000,40000,40000,40000,ANITY00008,43,43,225,MEDIT00011,Chungbuk-Boeun-gun,충청북도,MEDIT00011,ANITY00008
엑스선 촬영비와 판독료 20kg,충청북도,영동군,30000,30000,36667,50000,ANITY00008,43,43,226,MEDIT00011,Chungbuk-Yeongdong-gun,충청북도,MEDIT00011,ANITY00008
엑스선 촬영비와 판독료 20kg,충청북도,옥천군,50000,50000,53333,60000,ANITY00008,43,43,227,MEDIT00011,Chungbuk-Okcheon-gun,충청북도,MEDIT00011,ANITY00008
엑스선 촬영비와 판독료 20kg,충청북도,음성군,30000,30000,33333,40000,ANITY00008,43,43,228,MEDIT00011,Chungbuk-Eumseong-gun,충청북도,MEDIT00011,ANITY00008
엑스선 촬영비와 판독료 20kg,충청북도,제천시,30000,63000,58583,80000,ANITY00008,43,43,229,MEDIT00011,Chungbuk-Jecheon-si,충청북도,MEDIT00011,ANITY00008
엑스선 촬영비와 판독료 20kg,충청북도,증평군,40000,60000,60000,80000,ANITY00008,43,43,230,MEDIT00011,Chungbuk-Jeungpyeong-gun,충청북도,MEDIT00011,ANITY00008
엑스선 촬영비와 판독료 20kg,충청북도,진천군,33000,40000,43250,60000,ANITY00008,43,43,231,MEDIT00011,Chungbuk-Jincheon-gun,충청북도,MEDIT00011,ANITY00008
엑스선 촬영비와 판독료 20kg,충청북도,청주시,25000,55000,55898,120000,ANITY00008,43,43,232,MEDIT00011,Chungbuk-Cheongju-si,충청북도,MEDIT00011,ANITY00008
엑스선 촬영비와 판독료 20kg,충청북도,충주시,45000,53000,62800,111000,ANITY00008,43,43,233,MEDIT00011,Chungbuk-Chungju-si,충청북도,MEDIT00011,ANITY00008
엑스선 촬영비와 판독료 20kg,충청남도,계룡시,30000,31000,33667,40000,ANITY00008,44,44,207,MEDIT00011,Chungnam-Gyeryong-si,충청남도,MEDIT00011,ANITY00008
엑스선 촬영비와 판독료 20kg,충청남도,공주시,40000,45000,52500,80000,ANITY00008,44,44,208,MEDIT00011,Chungnam-Gongju-si,충청남도,MEDIT00011,ANITY00008
엑스선 촬영비와 판독료 20kg,충청남도,금산군,35000,35000,35000,35000,ANITY00008,44,44,209,MEDIT00011,Chungnam-Geumsan-gun,충청남도,MEDIT00011,ANITY00008
엑스선 촬영비와 판독료 20kg,충청남도,논산시,30000,40000,40000,50000,ANITY00008,44,44,210,MEDIT00011,Chungnam-Nonsan-si,충청남도,MEDIT00011,ANITY00008
엑스선 촬영비와 판독료 20kg,충청남도,당진시,30000,55000,55167,88000,ANITY00008,44,44,211,MEDIT00011,Chungnam-Dangjin-si,충청남도,MEDIT00011,ANITY00008
엑스선 촬영비와 판독료 20kg,충청남도,보령시,50000,50000,50000,50000,ANITY00008,44,44,212,MEDIT00011,Chungnam-Boryeong-si,충청남도,MEDIT00011,ANITY00008
엑스선 촬영비와 판독료 20kg,충청남도,부여군,40000,55000,61667,90000,ANITY00008,44,44,213,MEDIT00011,Chungnam-Buyeo-gun,충청남도,MEDIT00011,ANITY00008
엑스선 촬영비와 판독료 20kg,충청남도,서산시,30000,50000,61286,100000,ANITY00008,44,44,214,MEDIT00011,Chungnam-Seosan-si,충청남도,MEDIT00011,ANITY00008
엑스선 촬영비와 판독료 20kg,충청남도,아산시,27500,40000,50625,110000,ANITY00008,44,44,216,MEDIT00011,Chungnam-Asan-si,충청남도,MEDIT00011,ANITY00008
엑스선 촬영비와 판독료 20kg,충청남도,예산군,88000,88000,88000,88000,ANITY00008,44,44,217,MEDIT00011,Chungnam-Yesan-gun,충청남도,MEDIT00011,ANITY00008
엑스선 촬영비와 판독료 20kg,충청남도,천안시,30000,60000,59232,140000,ANITY00008,44,44,218,MEDIT00011,Chungnam-Cheonan-si,충청남도,MEDIT00011,ANITY00008
엑스선 촬영비와 판독료 20kg,충청남도,태안군,40000,55000,55000,70000,ANITY00008,44,44,220,MEDIT00011,Chungnam-Taean-gu,충청남도,MEDIT00011,ANITY00008
엑스선 촬영비와 판독료 20kg,충청남도,홍성군,44000,70000,70000,88000,ANITY00008,44,44,221,MEDIT00011,Chungnam-Hongseong-gun,충청남도,MEDIT00011,ANITY00008
엑스선 촬영비와 판독료 20kg,전북특별자치도,군산시,32000,50000,54500,90000,ANITY00008,45,45,192,MEDIT00011,Jeonbuk-Gunsan-si,전북특별자치도,MEDIT00011,ANITY00008
엑스선 촬영비와 판독료 20kg,전북특별자치도,남원시,30000,35000,35000,40000,ANITY00008,45,45,194,MEDIT00011,Jeonbuk-Namwon-si,전북특별자치도,MEDIT00011,ANITY00008
엑스선 촬영비와 판독료 20kg,전북특별자치도,부안군,15000,15000,15000,15000,ANITY00008,45,45,196,MEDIT00011,Jeonbuk-Buan-gun,전북특별자치도,MEDIT00011,ANITY00008
엑스선 촬영비와 판독료 20kg,전북특별자치도,완주군,35000,42500,42500,50000,ANITY00008,45,45,198,MEDIT00011,Jeonbuk-Wanju-gun,전북특별자치도,MEDIT00011,ANITY00008
엑스선 촬영비와 판독료 20kg,전북특별자치도,익산시,20000,44000,50857,100000,ANITY00008,45,45,199,MEDIT00011,Jeonbuk-Iksan-si,전북특별자치도,MEDIT00011,ANITY00008
엑스선 촬영비와 판독료 20kg,전북특별자치도,전주시,20000,40000,45103,140000,ANITY00008,45,45,201,MEDIT00011,Jeonbuk-Jeonju-si,전북특별자치도,MEDIT00011,ANITY00008
엑스선 촬영비와 판독료 20kg,전북특별자치도,정읍시,50000,70000,70000,90000,ANITY00008,45,45,202,MEDIT00011,Jeonbuk-Jeongeup-si,전북특별자치도,MEDIT00011,ANITY00008
엑스선 촬영비와 판독료 20kg,전라남도,고흥군,50000,50000,50000,50000,ANITY00008,46,46,172,MEDIT00011,Jeonnam-Goheung-gun,전라남도,MEDIT00011,ANITY00008
엑스선 촬영비와 판독료 20kg,전라남도,광양시,50000,50000,55000,65000,ANITY00008,46,46,174,MEDIT00011,Jeonnam-Gwangyang-si,전라남도,MEDIT00011,ANITY00008
엑스선 촬영비와 판독료 20kg,전라남도,나주시,30000,50000,53333,90000,ANITY00008,46,46,176,MEDIT00011,Jeonnam-Naju-si,전라남도,MEDIT00011,ANITY00008
엑스선 촬영비와 판독료 20kg,전라남도,목포시,70000,75000,75000,80000,ANITY00008,46,46,178,MEDIT00011,Jeonnam-Mokpo-si,전라남도,MEDIT00011,ANITY00008
엑스선 촬영비와 판독료 20kg,전라남도,무안군,50000,50000,57500,80000,ANITY00008,46,46,179,MEDIT00011,Jeonnam-Muan-gun,전라남도,MEDIT00011,ANITY00008
엑스선 촬영비와 판독료 20kg,전라남도,순천시,30000,48750,49250,70000,ANITY00008,46,46,180,MEDIT00011,Jeonnam-Suncheon-si,전라남도,MEDIT00011,ANITY00008
엑스선 촬영비와 판독료 20kg,전라남도,여수시,20000,40000,44667,80000,ANITY00008,46,46,181,MEDIT00011,Jeonnam-Yeosu-si,전라남도,MEDIT00011,ANITY00008
엑스선 촬영비와 판독료 20kg,전라남도,영광군,60000,60000,60000,60000,ANITY00008,46,46,182,MEDIT00011,Jeonnam-Yeonggwang-gun,전라남도,MEDIT00011,ANITY00008
엑스선 촬영비와 판독료 20kg,전라남도,장흥군,20000,20000,20000,20000,ANITY00008,46,46,186,MEDIT00011,Jeonnam-Jangheung-gun,전라남도,MEDIT00011,ANITY00008
엑스선 촬영비와 판독료 20kg,전라남도,해남군,35000,40000,38333,40000,ANITY00008,46,46,188,MEDIT00011,Jeonnam-Haenam-gun,전라남도,MEDIT00011,ANITY00008
엑스선 촬영비와 판독료 20kg,전라남도,화순군,20000,35000,41667,70000,ANITY00008,46,46,189,MEDIT00011,Jeonnam-Hwasun-gun,전라남도,MEDIT00011,ANITY00008
엑스선 촬영비와 판독료 20kg,경상북도,경산시,15000,40000,46313,80000,ANITY00008,47,47,69,MEDIT00011,Gyeongbuk-Gyeongsan-si,경상북도,MEDIT00011,ANITY00008
엑스선 촬영비와 판독료 20kg,경상북도,경주시,40000,60000,58455,80000,ANITY00008,47,47,70,MEDIT00011,Gyeongbuk-Gyeongju-si,경상북도,MEDIT00011,ANITY00008
엑스선 촬영비와 판독료 20kg,경상북도,구미시,25000,40000,45043,80000,ANITY00008,47,47,72,MEDIT00011,Gyeongbuk-Gumi-si,경상북도,MEDIT00011,ANITY00008
엑스선 촬영비와 판독료 20kg,경상북도,김천시,20000,30000,31333,44000,ANITY00008,47,47,73,MEDIT00011,Gyeongbuk-Gimcheon-si,경상북도,MEDIT00011,ANITY00008
엑스선 촬영비와 판독료 20kg,경상북도,문경시,40000,40000,40000,40000,ANITY00008,47,47,74,MEDIT00011,Gyeongbuk-Mungyeong-si,경상북도,MEDIT00011,ANITY00008
엑스선 촬영비와 판독료 20kg,경상북도,상주시,40000,40000,43333,50000,ANITY00008,47,47,75,MEDIT00011,Gyeongbuk-Sangju-si,경상북도,MEDIT00011,ANITY00008
엑스선 촬영비와 판독료 20kg,경상북도,성주군,100000,105000,105000,110000,ANITY00008,47,47,76,MEDIT00011,Gyeongbuk-Seongju-gun,경상북도,MEDIT00011,ANITY00008
엑스선 촬영비와 판독료 20kg,경상북도,안동시,30000,46500,49333,85000,ANITY00008,47,47,77,MEDIT00011,Gyeongbuk-Andong-si,경상북도,MEDIT00011,ANITY00008
엑스선 촬영비와 판독료 20kg,경상북도,영덕군,50000,55000,55000,60000,ANITY00008,47,47,78,MEDIT00011,Gyeongbuk-Yeongdeok-gun,경상북도,MEDIT00011,ANITY00008
엑스선 촬영비와 판독료 20kg,경상북도,영주시,25000,40000,40000,55000,ANITY00008,47,47,79,MEDIT00011,Gyeongbuk-Yeongju-si,경상북도,MEDIT00011,ANITY00008
엑스선 촬영비와 판독료 20kg,경상북도,영천시,34000,47000,47000,60000,ANITY00008,47,47,80,MEDIT00011,Gyeongbuk-Yeongcheon-si,경상북도,MEDIT00011,ANITY00008
엑스선 촬영비와 판독료 20kg,경상북도,예천군,20000,20000,20000,20000,ANITY00008,47,47,81,MEDIT00011,Gyeongbuk-Yecheon-gun,경상북도,MEDIT00011,ANITY00008
엑스선 촬영비와 판독료 20kg,경상북도,청도군,33000,50000,44333,50000,ANITY00008,47,47,84,MEDIT00011,Gyeongbuk-Cheongdo-gun,경상북도,MEDIT00011,ANITY00008
엑스선 촬영비와 판독료 20kg,경상북도,칠곡군,50000,57500,60500,77000,ANITY00008,47,47,86,MEDIT00011,Gyeongbuk-Chilgok-gun,경상북도,MEDIT00011,ANITY00008
엑스선 촬영비와 판독료 20kg,경상북도,포항시,15000,50000,54440,120000,ANITY00008,47,47,87,MEDIT00011,Gyeongbuk-Pohang-si,경상북도,MEDIT00011,ANITY00008
엑스선 촬영비와 판독료 20kg,경상남도,거제시,20000,52500,54500,80000,ANITY00008,48,48,50,MEDIT00011,Gyeongnam-Geoje-si,경상남도,MEDIT00011,ANITY00008
엑스선 촬영비와 판독료 20kg,경상남도,거창군,44000,44000,44000,44000,ANITY00008,48,48,51,MEDIT00011,Gyeongnam-Geochang-gun,경상남도,MEDIT00011,ANITY00008
엑스선 촬영비와 판독료 20kg,경상남도,김해시,30000,44500,51500,88000,ANITY00008,48,48,53,MEDIT00011,Gyeongnam-Gimhae-si,경상남도,MEDIT00011,ANITY00008
엑스선 촬영비와 판독료 20kg,경상남도,밀양시,40000,50000,52000,60000,ANITY00008,48,48,55,MEDIT00011,Gyeongnam-Miryang-si,경상남도,MEDIT00011,ANITY00008
엑스선 촬영비와 판독료 20kg,경상남도,사천시,15000,42000,41833,77000,ANITY00008,48,48,56,MEDIT00011,Gyeongnam-Sacheon-si,경상남도,MEDIT00011,ANITY00008
엑스선 촬영비와 판독료 20kg,경상남도,산청군,40000,45000,45000,50000,ANITY00008,48,48,57,MEDIT00011,Gyeongnam-Sancheong-gun,경상남도,MEDIT00011,ANITY00008
엑스선 촬영비와 판독료 20kg,경상남도,양산시,20000,50000,55500,100000,ANITY00008,48,48,58,MEDIT00011,Gyeongnam-Yangsan-si,경상남도,MEDIT00011,ANITY00008
엑스선 촬영비와 판독료 20kg,경상남도,진주시,25000,44000,48313,100000,ANITY00008,48,48,60,MEDIT00011,Gyeongnam-Jinju-si,경상남도,MEDIT00011,ANITY00008
엑스선 촬영비와 판독료 20kg,경상남도,창녕군,60000,80000,73333,80000,ANITY00008,48,48,61,MEDIT00011,Gyeongnam-Changnyeong-gun,경상남도,MEDIT00011,ANITY00008
엑스선 촬영비와 판독료 20kg,경상남도,창원시,25000,50000,60000,144000,ANITY00008,48,48,62,MEDIT00011,Gyeongnam-Changwon-si,경상남도,MEDIT00011,ANITY00008
엑스선 촬영비와 판독료 20kg,경상남도,통영시,45000,55000,60667,99000,ANITY00008,48,48,63,MEDIT00011,Gyeongnam-Tongyeong-si,경상남도,MEDIT00011,ANITY00008
엑스선 촬영비와 판독료 20kg,경상남도,하동군,60000,65000,65000,70000,ANITY00008,48,48,64,MEDIT00011,Gyeongnam-Hadong-gun,경상남도,MEDIT00011,ANITY00008
엑스선 촬영비와 판독료 20kg,경상남도,함안군,20000,20000,20000,20000,ANITY00008,48,48,65,MEDIT00011,Gyeongnam-Haman-gun,경상남도,MEDIT00011,ANITY00008
엑스선 촬영비와 판독료 20kg,경상남도,합천군,57600,57600,57600,57600,ANITY00008,48,48,67,MEDIT00011,Gyeongnam-Hapcheon-gu,경상남도,MEDIT00011,ANITY00008
엑스선 촬영비와 판독료 20kg,제주특별자치도,서귀포시,20000,44000,48205,85000,ANITY00008,50,50,204,MEDIT00011,Jeju-Seogwipo,제주특별자치도,MEDIT00011,ANITY00008
엑스선 촬영비와 판독료 20kg,제주특별자치도,제주시,19600,47000,48265,90000,ANITY00008,50,50,205,MEDIT00011,Jeju-Jeju-si,제주특별자치도,MEDIT00011,ANITY00008
초음파 검사비와 판독료 5kg,서울특별시,강남구,30000,80000,94007,200000,ANITY00006,11,11,128,MEDIT00015,seoul-Gangnam-gu,서울특별시,MEDIT00015,ANITY00006
초음파 검사비와 판독료 5kg,서울특별시,강동구,20000,60000,61673,132000,ANITY00006,11,11,129,MEDIT00015,seoul-Gangdong-gu,서울특별시,MEDIT00015,ANITY00006
초음파 검사비와 판독료 5kg,서울특별시,강북구,10000,40000,48875,140000,ANITY00006,11,11,130,MEDIT00015,seoul-Gangbuk-gu,서울특별시,MEDIT00015,ANITY00006
초음파 검사비와 판독료 5kg,서울특별시,강서구,20000,60000,62587,120000,ANITY00006,11,11,131,MEDIT00015,seoul-Gangseo-gu,서울특별시,MEDIT00015,ANITY00006
초음파 검사비와 판독료 5kg,서울특별시,관악구,25000,55000,58905,150000,ANITY00006,11,11,132,MEDIT00015,seoul-Gwanak-gu,서울특별시,MEDIT00015,ANITY00006
초음파 검사비와 판독료 5kg,서울특별시,광진구,20000,57500,65900,220000,ANITY00006,11,11,133,MEDIT00015,seoul-Gwangjin-gu,서울특별시,MEDIT00015,ANITY00006
초음파 검사비와 판독료 5kg,서울특별시,구로구,20000,52500,51338,115000,ANITY00006,11,11,134,MEDIT00015,seoul-Guro-gu,서울특별시,MEDIT00015,ANITY00006
초음파 검사비와 판독료 5kg,서울특별시,금천구,20000,50000,59000,150000,ANITY00006,11,11,135,MEDIT00015,seoul-Geumcheon-gu,서울특별시,MEDIT00015,ANITY00006
초음파 검사비와 판독료 5kg,서울특별시,노원구,20000,55000,62153,120000,ANITY00006,11,11,136,MEDIT00015,seoul-Nowon-gu,서울특별시,MEDIT00015,ANITY00006
초음파 검사비와 판독료 5kg,서울특별시,도봉구,30000,50000,53743,93500,ANITY00006,11,11,137,MEDIT00015,seoul-Dobong-gu,서울특별시,MEDIT00015,ANITY00006
초음파 검사비와 판독료 5kg,서울특별시,동대문구,30000,55500,63750,174000,ANITY00006,11,11,138,MEDIT00015,seoul-Dongdaemun-gu,서울특별시,MEDIT00015,ANITY00006
초음파 검사비와 판독료 5kg,서울특별시,동작구,33000,70000,69053,150000,ANITY00006,11,11,139,MEDIT00015,seoul-Dongjak-gu,서울특별시,MEDIT00015,ANITY00006
초음파 검사비와 판독료 5kg,서울특별시,마포구,11000,60000,65135,182000,ANITY00006,11,11,140,MEDIT00015,seoul-Mapo-gu,서울특별시,MEDIT00015,ANITY00006
초음파 검사비와 판독료 5kg,서울특별시,서대문구,15000,55000,56762,100000,ANITY00006,11,11,141,MEDIT00015,seoul-Seodaemun-gu,서울특별시,MEDIT00015,ANITY00006
초음파 검사비와 판독료 5kg,서울특별시,서초구,25000,60000,69944,200000,ANITY00006,11,11,142,MEDIT00015,seoul-Seocho-gu,서울특별시,MEDIT00015,ANITY00006
초음파 검사비와 판독료 5kg,서울특별시,성동구,20000,55000,69348,120000,ANITY00006,11,11,143,MEDIT00015,seoul-Seongdong-gu,서울특별시,MEDIT00015,ANITY00006
초음파 검사비와 판독료 5kg,서울특별시,성북구,20000,50000,59310,173000,ANITY00006,11,11,144,MEDIT00015,seoul-Seongbuk-gu,서울특별시,MEDIT00015,ANITY00006
초음파 검사비와 판독료 5kg,서울특별시,송파구,20000,63500,71742,190000,ANITY00006,11,11,145,MEDIT00015,seoul-Songpa-gu,서울특별시,MEDIT00015,ANITY00006
초음파 검사비와 판독료 5kg,서울특별시,양천구,20000,60000,60846,159700,ANITY00006,11,11,146,MEDIT00015,seoul-Yangcheon-gu,서울특별시,MEDIT00015,ANITY00006
초음파 검사비와 판독료 5kg,서울특별시,영등포구,20000,60000,62219,125000,ANITY00006,11,11,147,MEDIT00015,seoul-Yeongdeungpo-gu,서울특별시,MEDIT00015,ANITY00006
초음파 검사비와 판독료 5kg,서울특별시,용산구,40000,60000,68091,105000,ANITY00006,11,11,148,MEDIT00015,seoul-Yongsan-gu,서울특별시,MEDIT00015,ANITY00006
초음파 검사비와 판독료 5kg,서울특별시,은평구,16500,60000,59814,150000,ANITY00006,11,11,149,MEDIT00015,seoul-Eunpyeong-gu,서울특별시,MEDIT00015,ANITY00006
초음파 검사비와 판독료 5kg,서울특별시,종로구,45000,80000,83750,120000,ANITY00006,11,11,150,MEDIT00015,seoul-Jongno-gu,서울특별시,MEDIT00015,ANITY00006
초음파 검사비와 판독료 5kg,서울특별시,중구,40000,75000,87235,150000,ANITY00006,11,11,151,MEDIT00015,seoul-jung-gu,서울특별시,MEDIT00015,ANITY00006
초음파 검사비와 판독료 5kg,서울특별시,중랑구,30000,55000,63111,120000,ANITY00006,11,11,152,MEDIT00015,seoul-Jungnang-gu,서울특별시,MEDIT00015,ANITY00006
초음파 검사비와 판독료 5kg,부산광역시,강서구,25000,46800,45860,60000,ANITY00006,26,26,111,MEDIT00015,Busan-Gangseo-gu,부산광역시,MEDIT00015,ANITY00006
초음파 검사비와 판독료 5kg,부산광역시,금정구,30000,50000,60353,130000,ANITY00006,26,26,112,MEDIT00015,Busan-Geumjeong-gu,부산광역시,MEDIT00015,ANITY00006
초음파 검사비와 판독료 5kg,부산광역시,기장군,30000,60000,65667,120000,ANITY00006,26,26,113,MEDIT00015,Busan-Gijang-gun,부산광역시,MEDIT00015,ANITY00006
초음파 검사비와 판독료 5kg,부산광역시,남구,25000,70000,72462,110000,ANITY00006,26,26,114,MEDIT00015,Busan-Nam-gu,부산광역시,MEDIT00015,ANITY00006
초음파 검사비와 판독료 5kg,부산광역시,동구,50000,58000,58000,66000,ANITY00006,26,26,115,MEDIT00015,Busan-Dong-gu,부산광역시,MEDIT00015,ANITY00006
초음파 검사비와 판독료 5kg,부산광역시,동래구,20000,50000,60200,142100,ANITY00006,26,26,116,MEDIT00015,Busan-Dongrae-gu,부산광역시,MEDIT00015,ANITY00006
초음파 검사비와 판독료 5kg,부산광역시,부산진구,20000,50000,49889,110000,ANITY00006,26,26,117,MEDIT00015,Busan-Busanjin-gu,부산광역시,MEDIT00015,ANITY00006
초음파 검사비와 판독료 5kg,부산광역시,북구,20000,50000,52165,88000,ANITY00006,26,26,118,MEDIT00015,Busan-Buk-gu,부산광역시,MEDIT00015,ANITY00006
초음파 검사비와 판독료 5kg,부산광역시,사상구,25000,50000,52444,99000,ANITY00006,26,26,119,MEDIT00015,Busan-Sasang-gu,부산광역시,MEDIT00015,ANITY00006
초음파 검사비와 판독료 5kg,부산광역시,사하구,30000,44500,51357,140000,ANITY00006,26,26,120,MEDIT00015,Busan-Saha-gu,부산광역시,MEDIT00015,ANITY00006
초음파 검사비와 판독료 5kg,부산광역시,서구,30000,40000,43200,60000,ANITY00006,26,26,121,MEDIT00015,Busan-Seo-gu,부산광역시,MEDIT00015,ANITY00006
초음파 검사비와 판독료 5kg,부산광역시,수영구,30000,50000,57434,100000,ANITY00006,26,26,122,MEDIT00015,Busan-Suyeong-gu,부산광역시,MEDIT00015,ANITY00006
초음파 검사비와 판독료 5kg,부산광역시,연제구,20000,40000,45038,100000,ANITY00006,26,26,123,MEDIT00015,Busan-Yeonje-gu,부산광역시,MEDIT00015,ANITY00006
초음파 검사비와 판독료 5kg,부산광역시,영도구,50000,60500,67750,100000,ANITY00006,26,26,124,MEDIT00015,Busan-Yeongdo-gu,부산광역시,MEDIT00015,ANITY00006
초음파 검사비와 판독료 5kg,부산광역시,중구,20000,40000,36667,50000,ANITY00006,26,26,125,MEDIT00015,Busan-Jung-gu,부산광역시,MEDIT00015,ANITY00006
초음파 검사비와 판독료 5kg,부산광역시,해운대구,20000,47500,49694,91000,ANITY00006,26,26,126,MEDIT00015,Busan-Haeundae-gu,부산광역시,MEDIT00015,ANITY00006
초음파 검사비와 판독료 5kg,대구광역시,남구,30000,50000,54286,80000,ANITY00006,27,27,96,MEDIT00015,Daegu-Nam-gu,대구광역시,MEDIT00015,ANITY00006
초음파 검사비와 판독료 5kg,대구광역시,달서구,20000,50000,57590,140000,ANITY00006,27,27,97,MEDIT00015,Daegu-Dalseo-gu,대구광역시,MEDIT00015,ANITY00006
초음파 검사비와 판독료 5kg,대구광역시,달성군,20000,50000,56429,120000,ANITY00006,27,27,98,MEDIT00015,Daegu-Dal-Sung-gun,대구광역시,MEDIT00015,ANITY00006
초음파 검사비와 판독료 5kg,대구광역시,동구,30000,45000,48529,100000,ANITY00006,27,27,99,MEDIT00015,Daegu-Dong-gu,대구광역시,MEDIT00015,ANITY00006
초음파 검사비와 판독료 5kg,대구광역시,북구,30000,50000,55760,120000,ANITY00006,27,27,100,MEDIT00015,Daegu-Buk-gu,대구광역시,MEDIT00015,ANITY00006
초음파 검사비와 판독료 5kg,대구광역시,서구,20000,30000,47667,99000,ANITY00006,27,27,101,MEDIT00015,Daegu-Seo-gu,대구광역시,MEDIT00015,ANITY00006
초음파 검사비와 판독료 5kg,대구광역시,수성구,30000,55000,63424,111000,ANITY00006,27,27,102,MEDIT00015,Daegu-Suseong-gu,대구광역시,MEDIT00015,ANITY00006
초음파 검사비와 판독료 5kg,대구광역시,중구,30000,55000,54154,100000,ANITY00006,27,27,103,MEDIT00015,Daegu-Jung-gu,대구광역시,MEDIT00015,ANITY00006
초음파 검사비와 판독료 5kg,인천광역시,강화군,30000,30000,31667,35000,ANITY00006,28,28,162,MEDIT00015,Incheon-Ganghwa-gun,인천광역시,MEDIT00015,ANITY00006
초음파 검사비와 판독료 5kg,인천광역시,계양구,25000,52500,53451,99000,ANITY00006,28,28,163,MEDIT00015,Incheon-Gyeyang-gu,인천광역시,MEDIT00015,ANITY00006
초음파 검사비와 판독료 5kg,인천광역시,남동구,20000,52500,57344,150000,ANITY00006,28,28,164,MEDIT00015,Incheon-Namdong-gu,인천광역시,MEDIT00015,ANITY00006
초음파 검사비와 판독료 5kg,인천광역시,동구,70000,84500,84500,99000,ANITY00006,28,28,165,MEDIT00015,Incheon-Dong-gu,인천광역시,MEDIT00015,ANITY00006
초음파 검사비와 판독료 5kg,인천광역시,미추홀구,30000,52500,55309,88000,ANITY00006,28,28,166,MEDIT00015,Incheon-Michuhol-gu,인천광역시,MEDIT00015,ANITY00006
초음파 검사비와 판독료 5kg,인천광역시,부평구,20000,55000,56250,120000,ANITY00006,28,28,167,MEDIT00015,Incheon-Bupyeong-gu,인천광역시,MEDIT00015,ANITY00006
초음파 검사비와 판독료 5kg,인천광역시,서구,33000,55000,56666,88000,ANITY00006,28,28,168,MEDIT00015,Incheon-Seo-gu,인천광역시,MEDIT00015,ANITY00006
초음파 검사비와 판독료 5kg,인천광역시,연수구,12000,51500,56605,155000,ANITY00006,28,28,169,MEDIT00015,Incheon-Yeonsu-gu,인천광역시,MEDIT00015,ANITY00006
초음파 검사비와 판독료 5kg,인천광역시,중구,25000,52500,49000,77000,ANITY00006,28,28,170,MEDIT00015,Incheon-Jung-gu,인천광역시,MEDIT00015,ANITY00006
초음파 검사비와 판독료 5kg,광주광역시,광산구,30000,44000,54500,150000,ANITY00006,29,29,89,MEDIT00015,Gwangju-Gwangsan-gu,광주광역시,MEDIT00015,ANITY00006
초음파 검사비와 판독료 5kg,광주광역시,남구,30000,52500,64722,220000,ANITY00006,29,29,90,MEDIT00015,Gwangju-Nam-gu,광주광역시,MEDIT00015,ANITY00006
초음파 검사비와 판독료 5kg,광주광역시,동구,22000,36500,48750,140000,ANITY00006,29,29,91,MEDIT00015,Gwangju-Dong-gu,광주광역시,MEDIT00015,ANITY00006
초음파 검사비와 판독료 5kg,광주광역시,북구,30000,50000,54913,100000,ANITY00006,29,29,92,MEDIT00015,Gwangju-Buk-gu,광주광역시,MEDIT00015,ANITY00006
초음파 검사비와 판독료 5kg,광주광역시,서구,25000,44000,50960,110000,ANITY00006,29,29,93,MEDIT00015,Gwangju-Seo-gu,광주광역시,MEDIT00015,ANITY00006
초음파 검사비와 판독료 5kg,대전광역시,대덕구,25000,50000,55556,150000,ANITY00006,30,30,105,MEDIT00015,Daejeon-Daedeok-gu,대전광역시,MEDIT00015,ANITY00006
초음파 검사비와 판독료 5kg,대전광역시,동구,20000,47000,44250,77000,ANITY00006,30,30,106,MEDIT00015,Daejeon-Dong-gu,대전광역시,MEDIT00015,ANITY00006
초음파 검사비와 판독료 5kg,대전광역시,서구,20000,57500,61533,160000,ANITY00006,30,30,107,MEDIT00015,Daejeon-Seo-gu,대전광역시,MEDIT00015,ANITY00006
초음파 검사비와 판독료 5kg,대전광역시,유성구,20000,53450,57650,132000,ANITY00006,30,30,108,MEDIT00015,Daejeon-Yuseong-gu,대전광역시,MEDIT00015,ANITY00006
초음파 검사비와 판독료 5kg,대전광역시,중구,25000,35000,48308,100000,ANITY00006,30,30,109,MEDIT00015,Daejeon-Jung-gu,대전광역시,MEDIT00015,ANITY00006
초음파 검사비와 판독료 5kg,울산광역시,남구,25000,50000,60375,120000,ANITY00006,31,31,156,MEDIT00015,Ulsan-Nam-gu,울산광역시,MEDIT00015,ANITY00006
초음파 검사비와 판독료 5kg,울산광역시,동구,30000,50000,50000,80000,ANITY00006,31,31,157,MEDIT00015,Ulsan-Dong-gu,울산광역시,MEDIT00015,ANITY00006
초음파 검사비와 판독료 5kg,울산광역시,북구,20000,41500,45000,77000,ANITY00006,31,31,158,MEDIT00015,Ulsan-Buk-gu,울산광역시,MEDIT00015,ANITY00006
초음파 검사비와 판독료 5kg,울산광역시,울주군,22000,45000,44375,70000,ANITY00006,31,31,159,MEDIT00015,Ulsan-Ulju-gun,울산광역시,MEDIT00015,ANITY00006
초음파 검사비와 판독료 5kg,울산광역시,중구,30000,52500,54667,100000,ANITY00006,31,31,160,MEDIT00015,Ulsan-Jung-gu,울산광역시,MEDIT00015,ANITY00006
초음파 검사비와 판독료 5kg,세종특별자치시,세종특별자치시,30000,50000,56221,112200,ANITY00006,36,36,154,MEDIT00015,Sejong-Sejong-si,세종특별자치시,MEDIT00015,ANITY00006
초음파 검사비와 판독료 5kg,경기도,가평군,30000,33000,37667,50000,ANITY00006,41,41,19,MEDIT00015,Gyeonggi-Gapyeong-gun,경기도,MEDIT00015,ANITY00006
초음파 검사비와 판독료 5kg,경기도,고양시,22000,58600,64646,130000,ANITY00006,41,41,20,MEDIT00015,Gyeonggi-Goyang-si,경기도,MEDIT00015,ANITY00006
초음파 검사비와 판독료 5kg,경기도,과천시,30000,90000,75000,125000,ANITY00006,41,41,21,MEDIT00015,Gyeonggi-Gwacheon,경기도,MEDIT00015,ANITY00006
초음파 검사비와 판독료 5kg,경기도,광명시,27000,63000,68067,130000,ANITY00006,41,41,22,MEDIT00015,Gyeonggi-Gwangmyeong,경기도,MEDIT00015,ANITY00006
초음파 검사비와 판독료 5kg,경기도,광주시,20000,55000,54125,120000,ANITY00006,41,41,23,MEDIT00015,Gyeonggi-Gwangju-si,경기도,MEDIT00015,ANITY00006
초음파 검사비와 판독료 5kg,경기도,구리시,33000,47500,73375,200000,ANITY00006,41,41,24,MEDIT00015,Gyeonggi-Guri-si,경기도,MEDIT00015,ANITY00006
초음파 검사비와 판독료 5kg,경기도,군포시,30000,60000,68326,135000,ANITY00006,41,41,25,MEDIT00015,Gyeonggi-Gunpo,경기도,MEDIT00015,ANITY00006
초음파 검사비와 판독료 5kg,경기도,김포시,30000,57500,61764,145000,ANITY00006,41,41,26,MEDIT00015,Gyeonggi-Gimpo-si,경기도,MEDIT00015,ANITY00006
초음파 검사비와 판독료 5kg,경기도,남양주시,20000,52500,61011,165000,ANITY00006,41,41,27,MEDIT00015,Gyeonggi-Namyangju-si,경기도,MEDIT00015,ANITY00006
초음파 검사비와 판독료 5kg,경기도,동두천시,20000,30000,46000,110000,ANITY00006,41,41,28,MEDIT00015,Gyeonggi-Dongducheon-si,경기도,MEDIT00015,ANITY00006
초음파 검사비와 판독료 5kg,경기도,부천시,10000,50000,59682,130000,ANITY00006,41,41,29,MEDIT00015,Gyeonggi-Bucheon,경기도,MEDIT00015,ANITY00006
초음파 검사비와 판독료 5kg,경기도,성남시,16500,60000,67775,173000,ANITY00006,41,41,30,MEDIT00015,Gyeonggi-Seongnam,경기도,MEDIT00015,ANITY00006
초음파 검사비와 판독료 5kg,경기도,수원시,20000,55000,64050,234000,ANITY00006,41,41,31,MEDIT00015,Gyeonggi-Suwon-si,경기도,MEDIT00015,ANITY00006
초음파 검사비와 판독료 5kg,경기도,시흥시,30000,55000,56300,100000,ANITY00006,41,41,32,MEDIT00015,Gyeonggi-Siheung,경기도,MEDIT00015,ANITY00006
초음파 검사비와 판독료 5kg,경기도,안산시,20000,55500,56900,90000,ANITY00006,41,41,33,MEDIT00015,Gyeonggi-Ansan,경기도,MEDIT00015,ANITY00006
초음파 검사비와 판독료 5kg,경기도,안성시,20000,45000,51818,99000,ANITY00006,41,41,34,MEDIT00015,Gyeonggi-Anseong-si,경기도,MEDIT00015,ANITY00006
초음파 검사비와 판독료 5kg,경기도,안양시,10000,55000,62976,160000,ANITY00006,41,41,35,MEDIT00015,Gyeonggi-Anyang,경기도,MEDIT00015,ANITY00006
초음파 검사비와 판독료 5kg,경기도,양주시,30000,45000,57200,130000,ANITY00006,41,41,36,MEDIT00015,Gyeonggi-Yangju-si,경기도,MEDIT00015,ANITY00006
초음파 검사비와 판독료 5kg,경기도,양평군,20000,35000,42500,88000,ANITY00006,41,41,37,MEDIT00015,Gyeonggi-Yangpyeong-gun,경기도,MEDIT00015,ANITY00006
초음파 검사비와 판독료 5kg,경기도,여주시,20000,33000,32667,45000,ANITY00006,41,41,38,MEDIT00015,Gyeonggi-Yeoju-si,경기도,MEDIT00015,ANITY00006
초음파 검사비와 판독료 5kg,경기도,오산시,30000,57500,60875,100000,ANITY00006,41,41,39,MEDIT00015,Gyeonggi-Osan-si,경기도,MEDIT00015,ANITY00006
초음파 검사비와 판독료 5kg,경기도,용인시,20000,55000,56836,160000,ANITY00006,41,41,40,MEDIT00015,Gyeonggi-Yongin-si,경기도,MEDIT00015,ANITY00006
초음파 검사비와 판독료 5kg,경기도,의왕시,35000,66000,65571,100000,ANITY00006,41,41,41,MEDIT00015,Gyeonggi-Uiwang,경기도,MEDIT00015,ANITY00006
초음파 검사비와 판독료 5kg,경기도,의정부시,20000,44500,54671,130000,ANITY00006,41,41,42,MEDIT00015,Gyeonggi-Uijeongbu-si,경기도,MEDIT00015,ANITY00006
초음파 검사비와 판독료 5kg,경기도,이천시,10000,38000,41467,70000,ANITY00006,41,41,43,MEDIT00015,Gyeonggi-Icheon-si,경기도,MEDIT00015,ANITY00006
초음파 검사비와 판독료 5kg,경기도,파주시,30000,55000,58140,100000,ANITY00006,41,41,44,MEDIT00015,Gyeonggi-Paju-si,경기도,MEDIT00015,ANITY00006
초음파 검사비와 판독료 5kg,경기도,평택시,20000,50000,58719,135000,ANITY00006,41,41,45,MEDIT00015,Gyeonggi-Pyeongtaek-si,경기도,MEDIT00015,ANITY00006
초음파 검사비와 판독료 5kg,경기도,포천시,20000,37500,36250,50000,ANITY00006,41,41,46,MEDIT00015,Gyeonggi-Pocheon-si,경기도,MEDIT00015,ANITY00006
초음파 검사비와 판독료 5kg,경기도,하남시,10000,55000,57690,150000,ANITY00006,41,41,47,MEDIT00015,Gyeonggi-Hanam-si,경기도,MEDIT00015,ANITY00006
초음파 검사비와 판독료 5kg,경기도,화성시,20000,57500,64682,250000,ANITY00006,41,41,48,MEDIT00015,Gyeonggi-Hwaseong-si,경기도,MEDIT00015,ANITY00006
초음파 검사비와 판독료 5kg,강원특별자치도,강릉시,25000,50000,52333,100000,ANITY00006,42,42,2,MEDIT00015,Gangwon-Gangneung-si,강원특별자치도,MEDIT00015,ANITY00006
초음파 검사비와 판독료 5kg,강원특별자치도,고성군,30000,30000,30000,30000,ANITY00006,42,42,3,MEDIT00015,Gangwon-Gosung-gun,강원특별자치도,MEDIT00015,ANITY00006
초음파 검사비와 판독료 5kg,강원특별자치도,동해시,35000,40000,41250,50000,ANITY00006,42,42,4,MEDIT00015,Gangwon-Donghae-si,강원특별자치도,MEDIT00015,ANITY00006
초음파 검사비와 판독료 5kg,강원특별자치도,삼척시,20000,25000,25000,30000,ANITY00006,42,42,5,MEDIT00015,Gangwon-Samcheok-si,강원특별자치도,MEDIT00015,ANITY00006
초음파 검사비와 판독료 5kg,강원특별자치도,속초시,30000,52500,66833,150000,ANITY00006,42,42,6,MEDIT00015,Gangwon-Sokcho-si,강원특별자치도,MEDIT00015,ANITY00006
초음파 검사비와 판독료 5kg,강원특별자치도,양양군,30000,57500,57500,85000,ANITY00006,42,42,8,MEDIT00015,Gangwon-Yangyang-gun,강원특별자치도,MEDIT00015,ANITY00006
초음파 검사비와 판독료 5kg,강원특별자치도,영월군,35000,37500,37500,40000,ANITY00006,42,42,9,MEDIT00015,Gangwon-Yeongwol-gun,강원특별자치도,MEDIT00015,ANITY00006
초음파 검사비와 판독료 5kg,강원특별자치도,원주시,20000,45000,49800,100000,ANITY00006,42,42,10,MEDIT00015,Gangwon-Wonju-si,강원특별자치도,MEDIT00015,ANITY00006
초음파 검사비와 판독료 5kg,강원특별자치도,인제군,30000,30000,31667,35000,ANITY00006,42,42,11,MEDIT00015,Gangwon-Inje-gun,강원특별자치도,MEDIT00015,ANITY00006
초음파 검사비와 판독료 5kg,강원특별자치도,춘천시,25000,40000,42800,88000,ANITY00006,42,42,13,MEDIT00015,Gangwon-Chuncheon-si,강원특별자치도,MEDIT00015,ANITY00006
초음파 검사비와 판독료 5kg,강원특별자치도,태백시,40000,65000,65000,90000,ANITY00006,42,42,14,MEDIT00015,Gangwon-Taebaek-si,강원특별자치도,MEDIT00015,ANITY00006
초음파 검사비와 판독료 5kg,강원특별자치도,홍천군,33000,35000,38250,50000,ANITY00006,42,42,15,MEDIT00015,Gangwon-Hongcheon-gun,강원특별자치도,MEDIT00015,ANITY00006
초음파 검사비와 판독료 5kg,강원특별자치도,횡성군,30000,30000,30000,30000,ANITY00006,42,42,17,MEDIT00015,Gangwon-Hoengseong-gun,강원특별자치도,MEDIT00015,ANITY00006
초음파 검사비와 판독료 5kg,충청북도,보은군,20000,20000,20000,20000,ANITY00006,43,43,225,MEDIT00015,Chungbuk-Boeun-gun,충청북도,MEDIT00015,ANITY00006
초음파 검사비와 판독료 5kg,충청북도,영동군,10000,10000,10000,10000,ANITY00006,43,43,226,MEDIT00015,Chungbuk-Yeongdong-gun,충청북도,MEDIT00015,ANITY00006
초음파 검사비와 판독료 5kg,충청북도,옥천군,30000,40000,40000,50000,ANITY00006,43,43,227,MEDIT00015,Chungbuk-Okcheon-gun,충청북도,MEDIT00015,ANITY00006
초음파 검사비와 판독료 5kg,충청북도,음성군,20000,40000,33333,40000,ANITY00006,43,43,228,MEDIT00015,Chungbuk-Eumseong-gun,충청북도,MEDIT00015,ANITY00006
초음파 검사비와 판독료 5kg,충청북도,제천시,30000,46750,47917,70000,ANITY00006,43,43,229,MEDIT00015,Chungbuk-Jecheon-si,충청북도,MEDIT00015,ANITY00006
초음파 검사비와 판독료 5kg,충청북도,증평군,25000,42500,42500,60000,ANITY00006,43,43,230,MEDIT00015,Chungbuk-Jeungpyeong-gun,충청북도,MEDIT00015,ANITY00006
초음파 검사비와 판독료 5kg,충청북도,진천군,33000,55000,54800,70000,ANITY00006,43,43,231,MEDIT00015,Chungbuk-Jincheon-gun,충청북도,MEDIT00015,ANITY00006
초음파 검사비와 판독료 5kg,충청북도,청주시,20000,50000,57017,180000,ANITY00006,43,43,232,MEDIT00015,Chungbuk-Cheongju-si,충청북도,MEDIT00015,ANITY00006
초음파 검사비와 판독료 5kg,충청북도,충주시,20000,47500,51250,80000,ANITY00006,43,43,233,MEDIT00015,Chungbuk-Chungju-si,충청북도,MEDIT00015,ANITY00006
초음파 검사비와 판독료 5kg,충청남도,계룡시,15000,20000,18333,20000,ANITY00006,44,44,207,MEDIT00015,Chungnam-Gyeryong-si,충청남도,MEDIT00015,ANITY00006
초음파 검사비와 판독료 5kg,충청남도,공주시,30000,52500,51250,70000,ANITY00006,44,44,208,MEDIT00015,Chungnam-Gongju-si,충청남도,MEDIT00015,ANITY00006
초음파 검사비와 판독료 5kg,충청남도,금산군,35000,42500,42500,50000,ANITY00006,44,44,209,MEDIT00015,Chungnam-Geumsan-gun,충청남도,MEDIT00015,ANITY00006
초음파 검사비와 판독료 5kg,충청남도,논산시,40000,40000,40000,40000,ANITY00006,44,44,210,MEDIT00015,Chungnam-Nonsan-si,충청남도,MEDIT00015,ANITY00006
초음파 검사비와 판독료 5kg,충청남도,당진시,30000,60500,61500,90000,ANITY00006,44,44,211,MEDIT00015,Chungnam-Dangjin-si,충청남도,MEDIT00015,ANITY00006
초음파 검사비와 판독료 5kg,충청남도,보령시,40000,40000,40000,40000,ANITY00006,44,44,212,MEDIT00015,Chungnam-Boryeong-si,충청남도,MEDIT00015,ANITY00006
초음파 검사비와 판독료 5kg,충청남도,부여군,20000,33000,34333,50000,ANITY00006,44,44,213,MEDIT00015,Chungnam-Buyeo-gun,충청남도,MEDIT00015,ANITY00006
초음파 검사비와 판독료 5kg,충청남도,서산시,25000,30000,37500,60000,ANITY00006,44,44,214,MEDIT00015,Chungnam-Seosan-si,충청남도,MEDIT00015,ANITY00006
초음파 검사비와 판독료 5kg,충청남도,아산시,30000,50000,51385,88000,ANITY00006,44,44,216,MEDIT00015,Chungnam-Asan-si,충청남도,MEDIT00015,ANITY00006
초음파 검사비와 판독료 5kg,충청남도,예산군,50000,58000,58000,66000,ANITY00006,44,44,217,MEDIT00015,Chungnam-Yesan-gun,충청남도,MEDIT00015,ANITY00006
초음파 검사비와 판독료 5kg,충청남도,천안시,20000,55000,63280,150000,ANITY00006,44,44,218,MEDIT00015,Chungnam-Cheonan-si,충청남도,MEDIT00015,ANITY00006
초음파 검사비와 판독료 5kg,충청남도,태안군,35000,42500,42500,50000,ANITY00006,44,44,220,MEDIT00015,Chungnam-Taean-gu,충청남도,MEDIT00015,ANITY00006
초음파 검사비와 판독료 5kg,충청남도,홍성군,20000,42500,47167,88000,ANITY00006,44,44,221,MEDIT00015,Chungnam-Hongseong-gun,충청남도,MEDIT00015,ANITY00006
초음파 검사비와 판독료 5kg,전북특별자치도,군산시,30000,50000,48000,70000,ANITY00006,45,45,192,MEDIT00015,Jeonbuk-Gunsan-si,전북특별자치도,MEDIT00015,ANITY00006
초음파 검사비와 판독료 5kg,전북특별자치도,남원시,40000,40000,40000,40000,ANITY00006,45,45,194,MEDIT00015,Jeonbuk-Namwon-si,전북특별자치도,MEDIT00015,ANITY00006
초음파 검사비와 판독료 5kg,전북특별자치도,부안군,20000,25000,25000,30000,ANITY00006,45,45,196,MEDIT00015,Jeonbuk-Buan-gun,전북특별자치도,MEDIT00015,ANITY00006
초음파 검사비와 판독료 5kg,전북특별자치도,완주군,30000,31500,31500,33000,ANITY00006,45,45,198,MEDIT00015,Jeonbuk-Wanju-gun,전북특별자치도,MEDIT00015,ANITY00006
초음파 검사비와 판독료 5kg,전북특별자치도,익산시,20000,60000,60333,170000,ANITY00006,45,45,199,MEDIT00015,Jeonbuk-Iksan-si,전북특별자치도,MEDIT00015,ANITY00006
초음파 검사비와 판독료 5kg,전북특별자치도,전주시,20000,47500,49176,100000,ANITY00006,45,45,201,MEDIT00015,Jeonbuk-Jeonju-si,전북특별자치도,MEDIT00015,ANITY00006
초음파 검사비와 판독료 5kg,전북특별자치도,정읍시,40000,55000,55000,70000,ANITY00006,45,45,202,MEDIT00015,Jeonbuk-Jeongeup-si,전북특별자치도,MEDIT00015,ANITY00006
초음파 검사비와 판독료 5kg,전라남도,고흥군,60000,60000,60000,60000,ANITY00006,46,46,172,MEDIT00015,Jeonnam-Goheung-gun,전라남도,MEDIT00015,ANITY00006
초음파 검사비와 판독료 5kg,전라남도,광양시,30000,50000,50000,70000,ANITY00006,46,46,174,MEDIT00015,Jeonnam-Gwangyang-si,전라남도,MEDIT00015,ANITY00006
초음파 검사비와 판독료 5kg,전라남도,나주시,20000,30000,30400,42000,ANITY00006,46,46,176,MEDIT00015,Jeonnam-Naju-si,전라남도,MEDIT00015,ANITY00006
초음파 검사비와 판독료 5kg,전라남도,목포시,30000,47500,51250,80000,ANITY00006,46,46,178,MEDIT00015,Jeonnam-Mokpo-si,전라남도,MEDIT00015,ANITY00006
초음파 검사비와 판독료 5kg,전라남도,무안군,40000,50000,49000,65000,ANITY00006,46,46,179,MEDIT00015,Jeonnam-Muan-gun,전라남도,MEDIT00015,ANITY00006
초음파 검사비와 판독료 5kg,전라남도,순천시,40000,50000,55091,95000,ANITY00006,46,46,180,MEDIT00015,Jeonnam-Suncheon-si,전라남도,MEDIT00015,ANITY00006
초음파 검사비와 판독료 5kg,전라남도,여수시,10000,40000,53667,150000,ANITY00006,46,46,181,MEDIT00015,Jeonnam-Yeosu-si,전라남도,MEDIT00015,ANITY00006
초음파 검사비와 판독료 5kg,전라남도,영광군,30000,30000,30000,30000,ANITY00006,46,46,182,MEDIT00015,Jeonnam-Yeonggwang-gun,전라남도,MEDIT00015,ANITY00006
초음파 검사비와 판독료 5kg,전라남도,해남군,30000,40000,40000,50000,ANITY00006,46,46,188,MEDIT00015,Jeonnam-Haenam-gun,전라남도,MEDIT00015,ANITY00006
초음파 검사비와 판독료 5kg,전라남도,화순군,50000,65000,65000,80000,ANITY00006,46,46,189,MEDIT00015,Jeonnam-Hwasun-gun,전라남도,MEDIT00015,ANITY00006
초음파 검사비와 판독료 5kg,경상북도,경산시,15000,40000,44267,100000,ANITY00006,47,47,69,MEDIT00015,Gyeongbuk-Gyeongsan-si,경상북도,MEDIT00015,ANITY00006
초음파 검사비와 판독료 5kg,경상북도,경주시,20000,50000,53000,100000,ANITY00006,47,47,70,MEDIT00015,Gyeongbuk-Gyeongju-si,경상북도,MEDIT00015,ANITY00006
초음파 검사비와 판독료 5kg,경상북도,구미시,30000,40000,50261,200000,ANITY00006,47,47,72,MEDIT00015,Gyeongbuk-Gumi-si,경상북도,MEDIT00015,ANITY00006
초음파 검사비와 판독료 5kg,경상북도,김천시,55000,60000,59000,60000,ANITY00006,47,47,73,MEDIT00015,Gyeongbuk-Gimcheon-si,경상북도,MEDIT00015,ANITY00006
초음파 검사비와 판독료 5kg,경상북도,문경시,40000,45000,45000,50000,ANITY00006,47,47,74,MEDIT00015,Gyeongbuk-Mungyeong-si,경상북도,MEDIT00015,ANITY00006
초음파 검사비와 판독료 5kg,경상북도,상주시,30000,45000,41667,50000,ANITY00006,47,47,75,MEDIT00015,Gyeongbuk-Sangju-si,경상북도,MEDIT00015,ANITY00006
초음파 검사비와 판독료 5kg,경상북도,성주군,42000,71000,71000,100000,ANITY00006,47,47,76,MEDIT00015,Gyeongbuk-Seongju-gun,경상북도,MEDIT00015,ANITY00006
초음파 검사비와 판독료 5kg,경상북도,안동시,30000,39000,49500,90000,ANITY00006,47,47,77,MEDIT00015,Gyeongbuk-Andong-si,경상북도,MEDIT00015,ANITY00006
초음파 검사비와 판독료 5kg,경상북도,영덕군,40000,40000,40000,40000,ANITY00006,47,47,78,MEDIT00015,Gyeongbuk-Yeongdeok-gun,경상북도,MEDIT00015,ANITY00006
초음파 검사비와 판독료 5kg,경상북도,영주시,20000,31500,32000,45000,ANITY00006,47,47,79,MEDIT00015,Gyeongbuk-Yeongju-si,경상북도,MEDIT00015,ANITY00006
초음파 검사비와 판독료 5kg,경상북도,영천시,23000,39000,39000,55000,ANITY00006,47,47,80,MEDIT00015,Gyeongbuk-Yeongcheon-si,경상북도,MEDIT00015,ANITY00006
초음파 검사비와 판독료 5kg,경상북도,예천군,55000,55000,55000,55000,ANITY00006,47,47,81,MEDIT00015,Gyeongbuk-Yecheon-gun,경상북도,MEDIT00015,ANITY00006
초음파 검사비와 판독료 5kg,경상북도,청도군,55000,55000,55000,55000,ANITY00006,47,47,84,MEDIT00015,Gyeongbuk-Cheongdo-gun,경상북도,MEDIT00015,ANITY00006
초음파 검사비와 판독료 5kg,경상북도,칠곡군,33000,40000,39250,44000,ANITY00006,47,47,86,MEDIT00015,Gyeongbuk-Chilgok-gun,경상북도,MEDIT00015,ANITY00006
초음파 검사비와 판독료 5kg,경상북도,포항시,20000,52500,54692,110000,ANITY00006,47,47,87,MEDIT00015,Gyeongbuk-Pohang-si,경상북도,MEDIT00015,ANITY00006
초음파 검사비와 판독료 5kg,경상남도,거제시,20000,47500,49700,80000,ANITY00006,48,48,50,MEDIT00015,Gyeongnam-Geoje-si,경상남도,MEDIT00015,ANITY00006
초음파 검사비와 판독료 5kg,경상남도,거창군,50000,50000,50000,50000,ANITY00006,48,48,51,MEDIT00015,Gyeongnam-Geochang-gun,경상남도,MEDIT00015,ANITY00006
초음파 검사비와 판독료 5kg,경상남도,김해시,20000,49750,47797,90000,ANITY00006,48,48,53,MEDIT00015,Gyeongnam-Gimhae-si,경상남도,MEDIT00015,ANITY00006
초음파 검사비와 판독료 5kg,경상남도,남해군,10000,10000,10000,10000,ANITY00006,48,48,54,MEDIT00015,Gyeongnam-Namhae-gun,경상남도,MEDIT00015,ANITY00006
초음파 검사비와 판독료 5kg,경상남도,밀양시,20000,35000,40000,70000,ANITY00006,48,48,55,MEDIT00015,Gyeongnam-Miryang-si,경상남도,MEDIT00015,ANITY00006
초음파 검사비와 판독료 5kg,경상남도,사천시,22000,44000,43400,66000,ANITY00006,48,48,56,MEDIT00015,Gyeongnam-Sacheon-si,경상남도,MEDIT00015,ANITY00006
초음파 검사비와 판독료 5kg,경상남도,산청군,30000,65000,65000,100000,ANITY00006,48,48,57,MEDIT00015,Gyeongnam-Sancheong-gun,경상남도,MEDIT00015,ANITY00006
초음파 검사비와 판독료 5kg,경상남도,양산시,22000,52500,55295,99000,ANITY00006,48,48,58,MEDIT00015,Gyeongnam-Yangsan-si,경상남도,MEDIT00015,ANITY00006
초음파 검사비와 판독료 5kg,경상남도,진주시,20000,55000,58158,100000,ANITY00006,48,48,60,MEDIT00015,Gyeongnam-Jinju-si,경상남도,MEDIT00015,ANITY00006
초음파 검사비와 판독료 5kg,경상남도,창녕군,35000,50000,55000,80000,ANITY00006,48,48,61,MEDIT00015,Gyeongnam-Changnyeong-gun,경상남도,MEDIT00015,ANITY00006
초음파 검사비와 판독료 5kg,경상남도,창원시,20000,60000,58308,100000,ANITY00006,48,48,62,MEDIT00015,Gyeongnam-Changwon-si,경상남도,MEDIT00015,ANITY00006
초음파 검사비와 판독료 5kg,경상남도,통영시,20000,25000,33667,60000,ANITY00006,48,48,63,MEDIT00015,Gyeongnam-Tongyeong-si,경상남도,MEDIT00015,ANITY00006
초음파 검사비와 판독료 5kg,경상남도,하동군,80000,80000,80000,80000,ANITY00006,48,48,64,MEDIT00015,Gyeongnam-Hadong-gun,경상남도,MEDIT00015,ANITY00006
초음파 검사비와 판독료 5kg,경상남도,함안군,25000,25000,25000,25000,ANITY00006,48,48,65,MEDIT00015,Gyeongnam-Haman-gun,경상남도,MEDIT00015,ANITY00006
초음파 검사비와 판독료 5kg,경상남도,합천군,90000,90000,90000,90000,ANITY00006,48,48,67,MEDIT00015,Gyeongnam-Hapcheon-gu,경상남도,MEDIT00015,ANITY00006
초음파 검사비와 판독료 5kg,제주특별자치도,서귀포시,20000,33000,46667,140000,ANITY00006,50,50,204,MEDIT00015,Jeju-Seogwipo,제주특별자치도,MEDIT00015,ANITY00006
초음파 검사비와 판독료 5kg,제주특별자치도,제주시,10000,60000,59329,150000,ANITY00006,50,50,205,MEDIT00015,Jeju-Jeju-si,제주특별자치도,MEDIT00015,ANITY00006
초음파 검사비와 판독료 10kg,서울특별시,강남구,30000,92500,103521,227000,ANITY00007,11,11,128,MEDIT00015,seoul-Gangnam-gu,서울특별시,MEDIT00015,ANITY00007
초음파 검사비와 판독료 10kg,서울특별시,강동구,20000,66000,70367,187000,ANITY00007,11,11,129,MEDIT00015,seoul-Gangdong-gu,서울특별시,MEDIT00015,ANITY00007
초음파 검사비와 판독료 10kg,서울특별시,강북구,10000,47000,56200,180000,ANITY00007,11,11,130,MEDIT00015,seoul-Gangbuk-gu,서울특별시,MEDIT00015,ANITY00007
초음파 검사비와 판독료 10kg,서울특별시,강서구,25000,70000,69376,150000,ANITY00007,11,11,131,MEDIT00015,seoul-Gangseo-gu,서울특별시,MEDIT00015,ANITY00007
초음파 검사비와 판독료 10kg,서울특별시,관악구,25000,55000,61810,150000,ANITY00007,11,11,132,MEDIT00015,seoul-Gwanak-gu,서울특별시,MEDIT00015,ANITY00007
초음파 검사비와 판독료 10kg,서울특별시,광진구,20000,70000,73556,242000,ANITY00007,11,11,133,MEDIT00015,seoul-Gwangjin-gu,서울특별시,MEDIT00015,ANITY00007
초음파 검사비와 판독료 10kg,서울특별시,구로구,20000,55000,59460,125000,ANITY00007,11,11,134,MEDIT00015,seoul-Guro-gu,서울특별시,MEDIT00015,ANITY00007
초음파 검사비와 판독료 10kg,서울특별시,금천구,20000,55000,63846,150000,ANITY00007,11,11,135,MEDIT00015,seoul-Geumcheon-gu,서울특별시,MEDIT00015,ANITY00007
초음파 검사비와 판독료 10kg,서울특별시,노원구,20000,60000,67485,120000,ANITY00007,11,11,136,MEDIT00015,seoul-Nowon-gu,서울특별시,MEDIT00015,ANITY00007
초음파 검사비와 판독료 10kg,서울특별시,도봉구,30000,50000,56250,123500,ANITY00007,11,11,137,MEDIT00015,seoul-Dobong-gu,서울특별시,MEDIT00015,ANITY00007
초음파 검사비와 판독료 10kg,서울특별시,동대문구,30000,58000,65786,174000,ANITY00007,11,11,138,MEDIT00015,seoul-Dongdaemun-gu,서울특별시,MEDIT00015,ANITY00007
초음파 검사비와 판독료 10kg,서울특별시,동작구,33000,70000,73842,170000,ANITY00007,11,11,139,MEDIT00015,seoul-Dongjak-gu,서울특별시,MEDIT00015,ANITY00007
초음파 검사비와 판독료 10kg,서울특별시,마포구,11000,60000,73754,212400,ANITY00007,11,11,140,MEDIT00015,seoul-Mapo-gu,서울특별시,MEDIT00015,ANITY00007
초음파 검사비와 판독료 10kg,서울특별시,서대문구,15000,60000,61158,100000,ANITY00007,11,11,141,MEDIT00015,seoul-Seodaemun-gu,서울특별시,MEDIT00015,ANITY00007
초음파 검사비와 판독료 10kg,서울특별시,서초구,25000,70000,75651,230000,ANITY00007,11,11,142,MEDIT00015,seoul-Seocho-gu,서울특별시,MEDIT00015,ANITY00007
초음파 검사비와 판독료 10kg,서울특별시,성동구,30000,70000,76182,150000,ANITY00007,11,11,143,MEDIT00015,seoul-Seongdong-gu,서울특별시,MEDIT00015,ANITY00007
초음파 검사비와 판독료 10kg,서울특별시,성북구,20000,55000,64310,173000,ANITY00007,11,11,144,MEDIT00015,seoul-Seongbuk-gu,서울특별시,MEDIT00015,ANITY00007
초음파 검사비와 판독료 10kg,서울특별시,송파구,20000,69000,79470,227000,ANITY00007,11,11,145,MEDIT00015,seoul-Songpa-gu,서울특별시,MEDIT00015,ANITY00007
초음파 검사비와 판독료 10kg,서울특별시,양천구,20000,57500,66925,159700,ANITY00007,11,11,146,MEDIT00015,seoul-Yangcheon-gu,서울특별시,MEDIT00015,ANITY00007
초음파 검사비와 판독료 10kg,서울특별시,영등포구,20000,60000,67375,150000,ANITY00007,11,11,147,MEDIT00015,seoul-Yeongdeungpo-gu,서울특별시,MEDIT00015,ANITY00007
초음파 검사비와 판독료 10kg,서울특별시,용산구,40000,60000,71591,110000,ANITY00007,11,11,148,MEDIT00015,seoul-Yongsan-gu,서울특별시,MEDIT00015,ANITY00007
초음파 검사비와 판독료 10kg,서울특별시,은평구,16500,60000,63591,180000,ANITY00007,11,11,149,MEDIT00015,seoul-Eunpyeong-gu,서울특별시,MEDIT00015,ANITY00007
초음파 검사비와 판독료 10kg,서울특별시,종로구,45000,85000,85625,120000,ANITY00007,11,11,150,MEDIT00015,seoul-Jongno-gu,서울특별시,MEDIT00015,ANITY00007
초음파 검사비와 판독료 10kg,서울특별시,중구,40000,90000,95176,200000,ANITY00007,11,11,151,MEDIT00015,seoul-jung-gu,서울특별시,MEDIT00015,ANITY00007
초음파 검사비와 판독료 10kg,서울특별시,중랑구,30000,60000,68792,160000,ANITY00007,11,11,152,MEDIT00015,seoul-Jungnang-gu,서울특별시,MEDIT00015,ANITY00007
초음파 검사비와 판독료 10kg,부산광역시,강서구,30000,48600,49289,75000,ANITY00007,26,26,111,MEDIT00015,Busan-Gangseo-gu,부산광역시,MEDIT00015,ANITY00007
초음파 검사비와 판독료 10kg,부산광역시,금정구,30000,50000,50909,70000,ANITY00007,26,26,112,MEDIT00015,Busan-Geumjeong-gu,부산광역시,MEDIT00015,ANITY00007
초음파 검사비와 판독료 10kg,부산광역시,기장군,30000,60000,68273,160000,ANITY00007,26,26,113,MEDIT00015,Busan-Gijang-gun,부산광역시,MEDIT00015,ANITY00007
초음파 검사비와 판독료 10kg,부산광역시,남구,25000,90000,89231,150000,ANITY00007,26,26,114,MEDIT00015,Busan-Nam-gu,부산광역시,MEDIT00015,ANITY00007
초음파 검사비와 판독료 10kg,부산광역시,동구,77000,88500,88500,100000,ANITY00007,26,26,115,MEDIT00015,Busan-Dong-gu,부산광역시,MEDIT00015,ANITY00007
초음파 검사비와 판독료 10kg,부산광역시,동래구,45000,60000,69390,152100,ANITY00007,26,26,116,MEDIT00015,Busan-Dongrae-gu,부산광역시,MEDIT00015,ANITY00007
초음파 검사비와 판독료 10kg,부산광역시,부산진구,25000,50000,55148,120000,ANITY00007,26,26,117,MEDIT00015,Busan-Busanjin-gu,부산광역시,MEDIT00015,ANITY00007
초음파 검사비와 판독료 10kg,부산광역시,북구,20000,52500,58188,110000,ANITY00007,26,26,118,MEDIT00015,Busan-Buk-gu,부산광역시,MEDIT00015,ANITY00007
초음파 검사비와 판독료 10kg,부산광역시,사상구,25000,50000,52444,99000,ANITY00007,26,26,119,MEDIT00015,Busan-Sasang-gu,부산광역시,MEDIT00015,ANITY00007
초음파 검사비와 판독료 10kg,부산광역시,사하구,30000,45000,56077,170000,ANITY00007,26,26,120,MEDIT00015,Busan-Saha-gu,부산광역시,MEDIT00015,ANITY00007
초음파 검사비와 판독료 10kg,부산광역시,서구,30000,40000,43200,60000,ANITY00007,26,26,121,MEDIT00015,Busan-Seo-gu,부산광역시,MEDIT00015,ANITY00007
초음파 검사비와 판독료 10kg,부산광역시,수영구,30000,60000,67807,150000,ANITY00007,26,26,122,MEDIT00015,Busan-Suyeong-gu,부산광역시,MEDIT00015,ANITY00007
초음파 검사비와 판독료 10kg,부산광역시,연제구,25000,45000,52222,110000,ANITY00007,26,26,123,MEDIT00015,Busan-Yeonje-gu,부산광역시,MEDIT00015,ANITY00007
초음파 검사비와 판독료 10kg,부산광역시,영도구,50000,55000,57000,66000,ANITY00007,26,26,124,MEDIT00015,Busan-Yeongdo-gu,부산광역시,MEDIT00015,ANITY00007
초음파 검사비와 판독료 10kg,부산광역시,중구,20000,40000,36667,50000,ANITY00007,26,26,125,MEDIT00015,Busan-Jung-gu,부산광역시,MEDIT00015,ANITY00007
초음파 검사비와 판독료 10kg,부산광역시,해운대구,20000,50000,55203,103000,ANITY00007,26,26,126,MEDIT00015,Busan-Haeundae-gu,부산광역시,MEDIT00015,ANITY00007
초음파 검사비와 판독료 10kg,대구광역시,남구,30000,70000,57143,80000,ANITY00007,27,27,96,MEDIT00015,Daegu-Nam-gu,대구광역시,MEDIT00015,ANITY00007
초음파 검사비와 판독료 10kg,대구광역시,달서구,30000,55000,65692,170000,ANITY00007,27,27,97,MEDIT00015,Daegu-Dalseo-gu,대구광역시,MEDIT00015,ANITY00007
초음파 검사비와 판독료 10kg,대구광역시,달성군,20000,55000,61429,120000,ANITY00007,27,27,98,MEDIT00015,Daegu-Dal-Sung-gun,대구광역시,MEDIT00015,ANITY00007
초음파 검사비와 판독료 10kg,대구광역시,동구,30000,50000,52188,130000,ANITY00007,27,27,99,MEDIT00015,Daegu-Dong-gu,대구광역시,MEDIT00015,ANITY00007
초음파 검사비와 판독료 10kg,대구광역시,북구,30000,57500,61625,120000,ANITY00007,27,27,100,MEDIT00015,Daegu-Buk-gu,대구광역시,MEDIT00015,ANITY00007
초음파 검사비와 판독료 10kg,대구광역시,서구,25000,30000,49333,99000,ANITY00007,27,27,101,MEDIT00015,Daegu-Seo-gu,대구광역시,MEDIT00015,ANITY00007
초음파 검사비와 판독료 10kg,대구광역시,수성구,30000,60000,72742,150000,ANITY00007,27,27,102,MEDIT00015,Daegu-Suseong-gu,대구광역시,MEDIT00015,ANITY00007
초음파 검사비와 판독료 10kg,대구광역시,중구,30000,55000,60583,100000,ANITY00007,27,27,103,MEDIT00015,Daegu-Jung-gu,대구광역시,MEDIT00015,ANITY00007
초음파 검사비와 판독료 10kg,인천광역시,강화군,30000,30000,33333,40000,ANITY00007,28,28,162,MEDIT00015,Incheon-Ganghwa-gun,인천광역시,MEDIT00015,ANITY00007
초음파 검사비와 판독료 10kg,인천광역시,계양구,25000,55000,65859,150000,ANITY00007,28,28,163,MEDIT00015,Incheon-Gyeyang-gu,인천광역시,MEDIT00015,ANITY00007
초음파 검사비와 판독료 10kg,인천광역시,남동구,20000,55000,61581,170000,ANITY00007,28,28,164,MEDIT00015,Incheon-Namdong-gu,인천광역시,MEDIT00015,ANITY00007
초음파 검사비와 판독료 10kg,인천광역시,동구,70000,90000,90000,110000,ANITY00007,28,28,165,MEDIT00015,Incheon-Dong-gu,인천광역시,MEDIT00015,ANITY00007
초음파 검사비와 판독료 10kg,인천광역시,미추홀구,30000,60000,59762,112000,ANITY00007,28,28,166,MEDIT00015,Incheon-Michuhol-gu,인천광역시,MEDIT00015,ANITY00007
초음파 검사비와 판독료 10kg,인천광역시,부평구,20000,55000,63548,120000,ANITY00007,28,28,167,MEDIT00015,Incheon-Bupyeong-gu,인천광역시,MEDIT00015,ANITY00007
초음파 검사비와 판독료 10kg,인천광역시,서구,35000,60000,62055,110000,ANITY00007,28,28,168,MEDIT00015,Incheon-Seo-gu,인천광역시,MEDIT00015,ANITY00007
초음파 검사비와 판독료 10kg,인천광역시,연수구,12000,53000,61324,175000,ANITY00007,28,28,169,MEDIT00015,Incheon-Yeonsu-gu,인천광역시,MEDIT00015,ANITY00007
초음파 검사비와 판독료 10kg,인천광역시,중구,25000,52500,56250,110000,ANITY00007,28,28,170,MEDIT00015,Incheon-Jung-gu,인천광역시,MEDIT00015,ANITY00007
초음파 검사비와 판독료 10kg,광주광역시,광산구,30000,44000,58520,180000,ANITY00007,29,29,89,MEDIT00015,Gwangju-Gwangsan-gu,광주광역시,MEDIT00015,ANITY00007
초음파 검사비와 판독료 10kg,광주광역시,남구,30000,52500,69167,250000,ANITY00007,29,29,90,MEDIT00015,Gwangju-Nam-gu,광주광역시,MEDIT00015,ANITY00007
초음파 검사비와 판독료 10kg,광주광역시,동구,22000,40000,60625,160000,ANITY00007,29,29,91,MEDIT00015,Gwangju-Dong-gu,광주광역시,MEDIT00015,ANITY00007
초음파 검사비와 판독료 10kg,광주광역시,북구,30000,55000,60952,100000,ANITY00007,29,29,92,MEDIT00015,Gwangju-Buk-gu,광주광역시,MEDIT00015,ANITY00007
초음파 검사비와 판독료 10kg,광주광역시,서구,25000,50000,54261,110000,ANITY00007,29,29,93,MEDIT00015,Gwangju-Seo-gu,광주광역시,MEDIT00015,ANITY00007
초음파 검사비와 판독료 10kg,대전광역시,대덕구,30000,50000,59375,150000,ANITY00007,30,30,105,MEDIT00015,Daejeon-Daedeok-gu,대전광역시,MEDIT00015,ANITY00007
초음파 검사비와 판독료 10kg,대전광역시,동구,30000,50000,49182,77000,ANITY00007,30,30,106,MEDIT00015,Daejeon-Dong-gu,대전광역시,MEDIT00015,ANITY00007
초음파 검사비와 판독료 10kg,대전광역시,서구,20000,60000,68862,200000,ANITY00007,30,30,107,MEDIT00015,Daejeon-Seo-gu,대전광역시,MEDIT00015,ANITY00007
초음파 검사비와 판독료 10kg,대전광역시,유성구,30000,60000,66156,132000,ANITY00007,30,30,108,MEDIT00015,Daejeon-Yuseong-gu,대전광역시,MEDIT00015,ANITY00007
초음파 검사비와 판독료 10kg,대전광역시,중구,30000,34000,51500,110000,ANITY00007,30,30,109,MEDIT00015,Daejeon-Jung-gu,대전광역시,MEDIT00015,ANITY00007
초음파 검사비와 판독료 10kg,울산광역시,남구,25000,52500,63583,144000,ANITY00007,31,31,156,MEDIT00015,Ulsan-Nam-gu,울산광역시,MEDIT00015,ANITY00007
초음파 검사비와 판독료 10kg,울산광역시,동구,50000,60000,62500,80000,ANITY00007,31,31,157,MEDIT00015,Ulsan-Dong-gu,울산광역시,MEDIT00015,ANITY00007
초음파 검사비와 판독료 10kg,울산광역시,북구,20000,41500,51375,100000,ANITY00007,31,31,158,MEDIT00015,Ulsan-Buk-gu,울산광역시,MEDIT00015,ANITY00007
초음파 검사비와 판독료 10kg,울산광역시,울주군,30000,50000,52250,70000,ANITY00007,31,31,159,MEDIT00015,Ulsan-Ulju-gun,울산광역시,MEDIT00015,ANITY00007
초음파 검사비와 판독료 10kg,울산광역시,중구,30000,60000,61545,100000,ANITY00007,31,31,160,MEDIT00015,Ulsan-Jung-gu,울산광역시,MEDIT00015,ANITY00007
초음파 검사비와 판독료 10kg,세종특별자치시,세종특별자치시,30000,60000,62642,157200,ANITY00007,36,36,154,MEDIT00015,Sejong-Sejong-si,세종특별자치시,MEDIT00015,ANITY00007
초음파 검사비와 판독료 10kg,경기도,가평군,30000,44000,41333,50000,ANITY00007,41,41,19,MEDIT00015,Gyeonggi-Gapyeong-gun,경기도,MEDIT00015,ANITY00007
초음파 검사비와 판독료 10kg,경기도,고양시,22000,68000,71046,165000,ANITY00007,41,41,20,MEDIT00015,Gyeonggi-Goyang-si,경기도,MEDIT00015,ANITY00007
초음파 검사비와 판독료 10kg,경기도,과천시,30000,100000,85000,150000,ANITY00007,41,41,21,MEDIT00015,Gyeonggi-Gwacheon,경기도,MEDIT00015,ANITY00007
초음파 검사비와 판독료 10kg,경기도,광명시,27000,80000,73067,130000,ANITY00007,41,41,22,MEDIT00015,Gyeonggi-Gwangmyeong,경기도,MEDIT00015,ANITY00007
초음파 검사비와 판독료 10kg,경기도,광주시,20000,60000,58292,140000,ANITY00007,41,41,23,MEDIT00015,Gyeonggi-Gwangju-si,경기도,MEDIT00015,ANITY00007
초음파 검사비와 판독료 10kg,경기도,구리시,33000,50000,80133,200000,ANITY00007,41,41,24,MEDIT00015,Gyeonggi-Guri-si,경기도,MEDIT00015,ANITY00007
초음파 검사비와 판독료 10kg,경기도,군포시,35000,65000,77079,156788,ANITY00007,41,41,25,MEDIT00015,Gyeonggi-Gunpo,경기도,MEDIT00015,ANITY00007
초음파 검사비와 판독료 10kg,경기도,김포시,30000,60250,69958,145000,ANITY00007,41,41,26,MEDIT00015,Gyeonggi-Gimpo-si,경기도,MEDIT00015,ANITY00007
초음파 검사비와 판독료 10kg,경기도,남양주시,20000,60000,66526,165000,ANITY00007,41,41,27,MEDIT00015,Gyeonggi-Namyangju-si,경기도,MEDIT00015,ANITY00007
초음파 검사비와 판독료 10kg,경기도,동두천시,30000,30000,56667,110000,ANITY00007,41,41,28,MEDIT00015,Gyeonggi-Dongducheon-si,경기도,MEDIT00015,ANITY00007
초음파 검사비와 판독료 10kg,경기도,부천시,15000,60000,65661,140000,ANITY00007,41,41,29,MEDIT00015,Gyeonggi-Bucheon,경기도,MEDIT00015,ANITY00007
초음파 검사비와 판독료 10kg,경기도,성남시,16500,66000,73601,191600,ANITY00007,41,41,30,MEDIT00015,Gyeonggi-Seongnam,경기도,MEDIT00015,ANITY00007
초음파 검사비와 판독료 10kg,경기도,수원시,20000,60000,71574,234000,ANITY00007,41,41,31,MEDIT00015,Gyeonggi-Suwon-si,경기도,MEDIT00015,ANITY00007
초음파 검사비와 판독료 10kg,경기도,시흥시,30000,57500,64400,132000,ANITY00007,41,41,32,MEDIT00015,Gyeonggi-Siheung,경기도,MEDIT00015,ANITY00007
초음파 검사비와 판독료 10kg,경기도,안산시,20000,58000,63633,120000,ANITY00007,41,41,33,MEDIT00015,Gyeonggi-Ansan,경기도,MEDIT00015,ANITY00007
초음파 검사비와 판독료 10kg,경기도,안성시,24000,50000,54273,99000,ANITY00007,41,41,34,MEDIT00015,Gyeonggi-Anseong-si,경기도,MEDIT00015,ANITY00007
초음파 검사비와 판독료 10kg,경기도,안양시,10000,60000,68952,180000,ANITY00007,41,41,35,MEDIT00015,Gyeonggi-Anyang,경기도,MEDIT00015,ANITY00007
초음파 검사비와 판독료 10kg,경기도,양주시,35000,50000,61300,130000,ANITY00007,41,41,36,MEDIT00015,Gyeonggi-Yangju-si,경기도,MEDIT00015,ANITY00007
초음파 검사비와 판독료 10kg,경기도,양평군,20000,40000,48750,100000,ANITY00007,41,41,37,MEDIT00015,Gyeonggi-Yangpyeong-gun,경기도,MEDIT00015,ANITY00007
초음파 검사비와 판독료 10kg,경기도,여주시,20000,33000,32667,45000,ANITY00007,41,41,38,MEDIT00015,Gyeonggi-Yeoju-si,경기도,MEDIT00015,ANITY00007
초음파 검사비와 판독료 10kg,경기도,오산시,30000,68000,64375,100000,ANITY00007,41,41,39,MEDIT00015,Gyeonggi-Osan-si,경기도,MEDIT00015,ANITY00007
초음파 검사비와 판독료 10kg,경기도,용인시,20000,57000,63333,190000,ANITY00007,41,41,40,MEDIT00015,Gyeonggi-Yongin-si,경기도,MEDIT00015,ANITY00007
초음파 검사비와 판독료 10kg,경기도,의왕시,35000,66000,75857,150000,ANITY00007,41,41,41,MEDIT00015,Gyeonggi-Uiwang,경기도,MEDIT00015,ANITY00007
초음파 검사비와 판독료 10kg,경기도,의정부시,25000,50000,59104,150000,ANITY00007,41,41,42,MEDIT00015,Gyeonggi-Uijeongbu-si,경기도,MEDIT00015,ANITY00007
초음파 검사비와 판독료 10kg,경기도,이천시,20000,40000,46667,88000,ANITY00007,41,41,43,MEDIT00015,Gyeonggi-Icheon-si,경기도,MEDIT00015,ANITY00007
초음파 검사비와 판독료 10kg,경기도,파주시,33000,62500,65438,130000,ANITY00007,41,41,44,MEDIT00015,Gyeonggi-Paju-si,경기도,MEDIT00015,ANITY00007
초음파 검사비와 판독료 10kg,경기도,평택시,15000,50000,64367,140000,ANITY00007,41,41,45,MEDIT00015,Gyeonggi-Pyeongtaek-si,경기도,MEDIT00015,ANITY00007
초음파 검사비와 판독료 10kg,경기도,포천시,20000,45000,45000,70000,ANITY00007,41,41,46,MEDIT00015,Gyeonggi-Pocheon-si,경기도,MEDIT00015,ANITY00007
초음파 검사비와 판독료 10kg,경기도,하남시,10000,60000,64034,150000,ANITY00007,41,41,47,MEDIT00015,Gyeonggi-Hanam-si,경기도,MEDIT00015,ANITY00007
초음파 검사비와 판독료 10kg,경기도,화성시,20000,70000,74198,250000,ANITY00007,41,41,48,MEDIT00015,Gyeonggi-Hwaseong-si,경기도,MEDIT00015,ANITY00007
초음파 검사비와 판독료 10kg,강원특별자치도,강릉시,30000,60000,58571,100000,ANITY00007,42,42,2,MEDIT00015,Gangwon-Gangneung-si,강원특별자치도,MEDIT00015,ANITY00007
초음파 검사비와 판독료 10kg,강원특별자치도,고성군,30000,30000,30000,30000,ANITY00007,42,42,3,MEDIT00015,Gangwon-Gosung-gun,강원특별자치도,MEDIT00015,ANITY00007
초음파 검사비와 판독료 10kg,강원특별자치도,동해시,40000,40000,43333,50000,ANITY00007,42,42,4,MEDIT00015,Gangwon-Donghae-si,강원특별자치도,MEDIT00015,ANITY00007
초음파 검사비와 판독료 10kg,강원특별자치도,삼척시,20000,25000,25000,30000,ANITY00007,42,42,5,MEDIT00015,Gangwon-Samcheok-si,강원특별자치도,MEDIT00015,ANITY00007
초음파 검사비와 판독료 10kg,강원특별자치도,속초시,30000,52500,70167,170000,ANITY00007,42,42,6,MEDIT00015,Gangwon-Sokcho-si,강원특별자치도,MEDIT00015,ANITY00007
초음파 검사비와 판독료 10kg,강원특별자치도,양양군,30000,57500,57500,85000,ANITY00007,42,42,8,MEDIT00015,Gangwon-Yangyang-gun,강원특별자치도,MEDIT00015,ANITY00007
초음파 검사비와 판독료 10kg,강원특별자치도,영월군,35000,37500,37500,40000,ANITY00007,42,42,9,MEDIT00015,Gangwon-Yeongwol-gun,강원특별자치도,MEDIT00015,ANITY00007
초음파 검사비와 판독료 10kg,강원특별자치도,원주시,20000,45000,51840,120000,ANITY00007,42,42,10,MEDIT00015,Gangwon-Wonju-si,강원특별자치도,MEDIT00015,ANITY00007
초음파 검사비와 판독료 10kg,강원특별자치도,인제군,30000,30000,31667,35000,ANITY00007,42,42,11,MEDIT00015,Gangwon-Inje-gun,강원특별자치도,MEDIT00015,ANITY00007
초음파 검사비와 판독료 10kg,강원특별자치도,춘천시,25000,55000,52429,88000,ANITY00007,42,42,13,MEDIT00015,Gangwon-Chuncheon-si,강원특별자치도,MEDIT00015,ANITY00007
초음파 검사비와 판독료 10kg,강원특별자치도,태백시,40000,65000,65000,90000,ANITY00007,42,42,14,MEDIT00015,Gangwon-Taebaek-si,강원특별자치도,MEDIT00015,ANITY00007
초음파 검사비와 판독료 10kg,강원특별자치도,홍천군,33000,37500,39500,50000,ANITY00007,42,42,15,MEDIT00015,Gangwon-Hongcheon-gun,강원특별자치도,MEDIT00015,ANITY00007
초음파 검사비와 판독료 10kg,강원특별자치도,횡성군,30000,30000,30000,30000,ANITY00007,42,42,17,MEDIT00015,Gangwon-Hoengseong-gun,강원특별자치도,MEDIT00015,ANITY00007
초음파 검사비와 판독료 10kg,충청북도,보은군,20000,20000,20000,20000,ANITY00007,43,43,225,MEDIT00015,Chungbuk-Boeun-gun,충청북도,MEDIT00015,ANITY00007
초음파 검사비와 판독료 10kg,충청북도,영동군,10000,10000,10000,10000,ANITY00007,43,43,226,MEDIT00015,Chungbuk-Yeongdong-gun,충청북도,MEDIT00015,ANITY00007
초음파 검사비와 판독료 10kg,충청북도,옥천군,30000,45000,45000,60000,ANITY00007,43,43,227,MEDIT00015,Chungbuk-Okcheon-gun,충청북도,MEDIT00015,ANITY00007
초음파 검사비와 판독료 10kg,충청북도,음성군,20000,40000,33333,40000,ANITY00007,43,43,228,MEDIT00015,Chungbuk-Eumseong-gun,충청북도,MEDIT00015,ANITY00007
초음파 검사비와 판독료 10kg,충청북도,제천시,30000,55000,56583,80000,ANITY00007,43,43,229,MEDIT00015,Chungbuk-Jecheon-si,충청북도,MEDIT00015,ANITY00007
초음파 검사비와 판독료 10kg,충청북도,증평군,25000,52500,52500,80000,ANITY00007,43,43,230,MEDIT00015,Chungbuk-Jeungpyeong-gun,충청북도,MEDIT00015,ANITY00007
초음파 검사비와 판독료 10kg,충청북도,진천군,33000,66000,57000,70000,ANITY00007,43,43,231,MEDIT00015,Chungbuk-Jincheon-gun,충청북도,MEDIT00015,ANITY00007
초음파 검사비와 판독료 10kg,충청북도,청주시,20000,60000,65377,220000,ANITY00007,43,43,232,MEDIT00015,Chungbuk-Cheongju-si,충청북도,MEDIT00015,ANITY00007
초음파 검사비와 판독료 10kg,충청북도,충주시,20000,52500,55000,100000,ANITY00007,43,43,233,MEDIT00015,Chungbuk-Chungju-si,충청북도,MEDIT00015,ANITY00007
초음파 검사비와 판독료 10kg,충청남도,계룡시,15000,20000,21667,30000,ANITY00007,44,44,207,MEDIT00015,Chungnam-Gyeryong-si,충청남도,MEDIT00015,ANITY00007
초음파 검사비와 판독료 10kg,충청남도,공주시,30000,35000,45000,70000,ANITY00007,44,44,208,MEDIT00015,Chungnam-Gongju-si,충청남도,MEDIT00015,ANITY00007
초음파 검사비와 판독료 10kg,충청남도,금산군,35000,42500,42500,50000,ANITY00007,44,44,209,MEDIT00015,Chungnam-Geumsan-gun,충청남도,MEDIT00015,ANITY00007
초음파 검사비와 판독료 10kg,충청남도,논산시,40000,47500,47500,55000,ANITY00007,44,44,210,MEDIT00015,Chungnam-Nonsan-si,충청남도,MEDIT00015,ANITY00007
초음파 검사비와 판독료 10kg,충청남도,당진시,30000,74000,75167,130000,ANITY00007,44,44,211,MEDIT00015,Chungnam-Dangjin-si,충청남도,MEDIT00015,ANITY00007
초음파 검사비와 판독료 10kg,충청남도,보령시,40000,45000,45000,50000,ANITY00007,44,44,212,MEDIT00015,Chungnam-Boryeong-si,충청남도,MEDIT00015,ANITY00007
초음파 검사비와 판독료 10kg,충청남도,부여군,20000,33000,37667,60000,ANITY00007,44,44,213,MEDIT00015,Chungnam-Buyeo-gun,충청남도,MEDIT00015,ANITY00007
초음파 검사비와 판독료 10kg,충청남도,서산시,25000,35000,41667,70000,ANITY00007,44,44,214,MEDIT00015,Chungnam-Seosan-si,충청남도,MEDIT00015,ANITY00007
초음파 검사비와 판독료 10kg,충청남도,아산시,30000,50000,56250,110000,ANITY00007,44,44,216,MEDIT00015,Chungnam-Asan-si,충청남도,MEDIT00015,ANITY00007
초음파 검사비와 판독료 10kg,충청남도,예산군,88000,88000,88000,88000,ANITY00007,44,44,217,MEDIT00015,Chungnam-Yesan-gun,충청남도,MEDIT00015,ANITY00007
초음파 검사비와 판독료 10kg,충청남도,천안시,20000,55000,65133,150000,ANITY00007,44,44,218,MEDIT00015,Chungnam-Cheonan-si,충청남도,MEDIT00015,ANITY00007
초음파 검사비와 판독료 10kg,충청남도,태안군,35000,52500,52500,70000,ANITY00007,44,44,220,MEDIT00015,Chungnam-Taean-gu,충청남도,MEDIT00015,ANITY00007
초음파 검사비와 판독료 10kg,충청남도,홍성군,20000,42500,47167,88000,ANITY00007,44,44,221,MEDIT00015,Chungnam-Hongseong-gun,충청남도,MEDIT00015,ANITY00007
초음파 검사비와 판독료 10kg,전북특별자치도,군산시,30000,57500,57250,80000,ANITY00007,45,45,192,MEDIT00015,Jeonbuk-Gunsan-si,전북특별자치도,MEDIT00015,ANITY00007
초음파 검사비와 판독료 10kg,전북특별자치도,남원시,50000,50000,50000,50000,ANITY00007,45,45,194,MEDIT00015,Jeonbuk-Namwon-si,전북특별자치도,MEDIT00015,ANITY00007
초음파 검사비와 판독료 10kg,전북특별자치도,부안군,20000,25000,25000,30000,ANITY00007,45,45,196,MEDIT00015,Jeonbuk-Buan-gun,전북특별자치도,MEDIT00015,ANITY00007
초음파 검사비와 판독료 10kg,전북특별자치도,완주군,30000,31500,31500,33000,ANITY00007,45,45,198,MEDIT00015,Jeonbuk-Wanju-gun,전북특별자치도,MEDIT00015,ANITY00007
초음파 검사비와 판독료 10kg,전북특별자치도,익산시,25000,52000,48625,70000,ANITY00007,45,45,199,MEDIT00015,Jeonbuk-Iksan-si,전북특별자치도,MEDIT00015,ANITY00007
초음파 검사비와 판독료 10kg,전북특별자치도,전주시,20000,50000,51706,120000,ANITY00007,45,45,201,MEDIT00015,Jeonbuk-Jeonju-si,전북특별자치도,MEDIT00015,ANITY00007
초음파 검사비와 판독료 10kg,전북특별자치도,정읍시,40000,55000,55000,70000,ANITY00007,45,45,202,MEDIT00015,Jeonbuk-Jeongeup-si,전북특별자치도,MEDIT00015,ANITY00007
초음파 검사비와 판독료 10kg,전라남도,고흥군,60000,60000,60000,60000,ANITY00007,46,46,172,MEDIT00015,Jeonnam-Goheung-gun,전라남도,MEDIT00015,ANITY00007
초음파 검사비와 판독료 10kg,전라남도,광양시,50000,50000,56667,70000,ANITY00007,46,46,174,MEDIT00015,Jeonnam-Gwangyang-si,전라남도,MEDIT00015,ANITY00007
초음파 검사비와 판독료 10kg,전라남도,나주시,20000,30000,31400,42000,ANITY00007,46,46,176,MEDIT00015,Jeonnam-Naju-si,전라남도,MEDIT00015,ANITY00007
초음파 검사비와 판독료 10kg,전라남도,목포시,45000,62500,62500,80000,ANITY00007,46,46,178,MEDIT00015,Jeonnam-Mokpo-si,전라남도,MEDIT00015,ANITY00007
초음파 검사비와 판독료 10kg,전라남도,무안군,40000,50000,49000,65000,ANITY00007,46,46,179,MEDIT00015,Jeonnam-Muan-gun,전라남도,MEDIT00015,ANITY00007
초음파 검사비와 판독료 10kg,전라남도,순천시,40000,55000,59727,95000,ANITY00007,46,46,180,MEDIT00015,Jeonnam-Suncheon-si,전라남도,MEDIT00015,ANITY00007
초음파 검사비와 판독료 10kg,전라남도,여수시,15000,40000,55333,150000,ANITY00007,46,46,181,MEDIT00015,Jeonnam-Yeosu-si,전라남도,MEDIT00015,ANITY00007
초음파 검사비와 판독료 10kg,전라남도,영광군,40000,40000,40000,40000,ANITY00007,46,46,182,MEDIT00015,Jeonnam-Yeonggwang-gun,전라남도,MEDIT00015,ANITY00007
초음파 검사비와 판독료 10kg,전라남도,해남군,30000,40000,40000,50000,ANITY00007,46,46,188,MEDIT00015,Jeonnam-Haenam-gun,전라남도,MEDIT00015,ANITY00007
초음파 검사비와 판독료 10kg,전라남도,화순군,60000,70000,70000,80000,ANITY00007,46,46,189,MEDIT00015,Jeonnam-Hwasun-gun,전라남도,MEDIT00015,ANITY00007
초음파 검사비와 판독료 10kg,경상북도,경산시,15000,47500,48857,100000,ANITY00007,47,47,69,MEDIT00015,Gyeongbuk-Gyeongsan-si,경상북도,MEDIT00015,ANITY00007
초음파 검사비와 판독료 10kg,경상북도,경주시,20000,50000,66143,150000,ANITY00007,47,47,70,MEDIT00015,Gyeongbuk-Gyeongju-si,경상북도,MEDIT00015,ANITY00007
초음파 검사비와 판독료 10kg,경상북도,구미시,30000,50000,57429,250000,ANITY00007,47,47,72,MEDIT00015,Gyeongbuk-Gumi-si,경상북도,MEDIT00015,ANITY00007
초음파 검사비와 판독료 10kg,경상북도,김천시,55000,60000,59000,60000,ANITY00007,47,47,73,MEDIT00015,Gyeongbuk-Gimcheon-si,경상북도,MEDIT00015,ANITY00007
초음파 검사비와 판독료 10kg,경상북도,문경시,40000,45000,45000,50000,ANITY00007,47,47,74,MEDIT00015,Gyeongbuk-Mungyeong-si,경상북도,MEDIT00015,ANITY00007
초음파 검사비와 판독료 10kg,경상북도,상주시,40000,55000,65000,100000,ANITY00007,47,47,75,MEDIT00015,Gyeongbuk-Sangju-si,경상북도,MEDIT00015,ANITY00007
초음파 검사비와 판독료 10kg,경상북도,성주군,70000,100000,100000,130000,ANITY00007,47,47,76,MEDIT00015,Gyeongbuk-Seongju-gun,경상북도,MEDIT00015,ANITY00007
초음파 검사비와 판독료 10kg,경상북도,안동시,33000,40000,54500,105000,ANITY00007,47,47,77,MEDIT00015,Gyeongbuk-Andong-si,경상북도,MEDIT00015,ANITY00007
초음파 검사비와 판독료 10kg,경상북도,영덕군,40000,40000,40000,40000,ANITY00007,47,47,78,MEDIT00015,Gyeongbuk-Yeongdeok-gun,경상북도,MEDIT00015,ANITY00007
초음파 검사비와 판독료 10kg,경상북도,영주시,20000,31500,35750,60000,ANITY00007,47,47,79,MEDIT00015,Gyeongbuk-Yeongju-si,경상북도,MEDIT00015,ANITY00007
초음파 검사비와 판독료 10kg,경상북도,영천시,23000,44500,44500,66000,ANITY00007,47,47,80,MEDIT00015,Gyeongbuk-Yeongcheon-si,경상북도,MEDIT00015,ANITY00007
초음파 검사비와 판독료 10kg,경상북도,예천군,55000,55000,55000,55000,ANITY00007,47,47,81,MEDIT00015,Gyeongbuk-Yecheon-gun,경상북도,MEDIT00015,ANITY00007
초음파 검사비와 판독료 10kg,경상북도,청도군,55000,55000,55000,55000,ANITY00007,47,47,84,MEDIT00015,Gyeongbuk-Cheongdo-gun,경상북도,MEDIT00015,ANITY00007
초음파 검사비와 판독료 10kg,경상북도,칠곡군,33000,42000,41750,50000,ANITY00007,47,47,86,MEDIT00015,Gyeongbuk-Chilgok-gun,경상북도,MEDIT00015,ANITY00007
초음파 검사비와 판독료 10kg,경상북도,포항시,25000,55000,62520,120000,ANITY00007,47,47,87,MEDIT00015,Gyeongbuk-Pohang-si,경상북도,MEDIT00015,ANITY00007
초음파 검사비와 판독료 10kg,경상남도,거제시,20000,55000,51333,80000,ANITY00007,48,48,50,MEDIT00015,Gyeongnam-Geoje-si,경상남도,MEDIT00015,ANITY00007
초음파 검사비와 판독료 10kg,경상남도,거창군,60000,60000,60000,60000,ANITY00007,48,48,51,MEDIT00015,Gyeongnam-Geochang-gun,경상남도,MEDIT00015,ANITY00007
초음파 검사비와 판독료 10kg,경상남도,김해시,30000,50000,52887,90000,ANITY00007,48,48,53,MEDIT00015,Gyeongnam-Gimhae-si,경상남도,MEDIT00015,ANITY00007
초음파 검사비와 판독료 10kg,경상남도,남해군,10000,10000,10000,10000,ANITY00007,48,48,54,MEDIT00015,Gyeongnam-Namhae-gun,경상남도,MEDIT00015,ANITY00007
초음파 검사비와 판독료 10kg,경상남도,밀양시,20000,35000,40000,70000,ANITY00007,48,48,55,MEDIT00015,Gyeongnam-Miryang-si,경상남도,MEDIT00015,ANITY00007
초음파 검사비와 판독료 10kg,경상남도,사천시,22000,44000,47800,88000,ANITY00007,48,48,56,MEDIT00015,Gyeongnam-Sacheon-si,경상남도,MEDIT00015,ANITY00007
초음파 검사비와 판독료 10kg,경상남도,산청군,30000,65000,65000,100000,ANITY00007,48,48,57,MEDIT00015,Gyeongnam-Sancheong-gun,경상남도,MEDIT00015,ANITY00007
초음파 검사비와 판독료 10kg,경상남도,양산시,22000,57500,62225,110000,ANITY00007,48,48,58,MEDIT00015,Gyeongnam-Yangsan-si,경상남도,MEDIT00015,ANITY00007
초음파 검사비와 판독료 10kg,경상남도,진주시,20000,60000,61722,120000,ANITY00007,48,48,60,MEDIT00015,Gyeongnam-Jinju-si,경상남도,MEDIT00015,ANITY00007
초음파 검사비와 판독료 10kg,경상남도,창녕군,55000,60000,65000,80000,ANITY00007,48,48,61,MEDIT00015,Gyeongnam-Changnyeong-gun,경상남도,MEDIT00015,ANITY00007
초음파 검사비와 판독료 10kg,경상남도,창원시,20000,70000,62063,110000,ANITY00007,48,48,62,MEDIT00015,Gyeongnam-Changwon-si,경상남도,MEDIT00015,ANITY00007
초음파 검사비와 판독료 10kg,경상남도,통영시,22000,25000,42400,70000,ANITY00007,48,48,63,MEDIT00015,Gyeongnam-Tongyeong-si,경상남도,MEDIT00015,ANITY00007
초음파 검사비와 판독료 10kg,경상남도,하동군,80000,80000,80000,80000,ANITY00007,48,48,64,MEDIT00015,Gyeongnam-Hadong-gun,경상남도,MEDIT00015,ANITY00007
초음파 검사비와 판독료 10kg,경상남도,함안군,25000,25000,25000,25000,ANITY00007,48,48,65,MEDIT00015,Gyeongnam-Haman-gun,경상남도,MEDIT00015,ANITY00007
초음파 검사비와 판독료 10kg,경상남도,합천군,117000,117000,117000,117000,ANITY00007,48,48,67,MEDIT00015,Gyeongnam-Hapcheon-gu,경상남도,MEDIT00015,ANITY00007
초음파 검사비와 판독료 10kg,제주특별자치도,서귀포시,20000,35000,53000,140000,ANITY00007,50,50,204,MEDIT00015,Jeju-Seogwipo,제주특별자치도,MEDIT00015,ANITY00007
초음파 검사비와 판독료 10kg,제주특별자치도,제주시,10000,60000,65085,175000,ANITY00007,50,50,205,MEDIT00015,Jeju-Jeju-si,제주특별자치도,MEDIT00015,ANITY00007
초음파 검사비와 판독료 20kg,서울특별시,강남구,33000,100000,119967,284000,ANITY00008,11,11,128,MEDIT00015,seoul-Gangnam-gu,서울특별시,MEDIT00015,ANITY00008
초음파 검사비와 판독료 20kg,서울특별시,강동구,20000,84000,90545,200000,ANITY00008,11,11,129,MEDIT00015,seoul-Gangdong-gu,서울특별시,MEDIT00015,ANITY00008
초음파 검사비와 판독료 20kg,서울특별시,강북구,10000,50000,73471,260000,ANITY00008,11,11,130,MEDIT00015,seoul-Gangbuk-gu,서울특별시,MEDIT00015,ANITY00008
초음파 검사비와 판독료 20kg,서울특별시,강서구,33000,77000,90340,250000,ANITY00008,11,11,131,MEDIT00015,seoul-Gangseo-gu,서울특별시,MEDIT00015,ANITY00008
초음파 검사비와 판독료 20kg,서울특별시,관악구,30000,55000,74400,150000,ANITY00008,11,11,132,MEDIT00015,seoul-Gwanak-gu,서울특별시,MEDIT00015,ANITY00008
초음파 검사비와 판독료 20kg,서울특별시,광진구,30000,80000,87783,264000,ANITY00008,11,11,133,MEDIT00015,seoul-Gwangjin-gu,서울특별시,MEDIT00015,ANITY00008
초음파 검사비와 판독료 20kg,서울특별시,구로구,20000,60000,70491,156000,ANITY00008,11,11,134,MEDIT00015,seoul-Guro-gu,서울특별시,MEDIT00015,ANITY00008
초음파 검사비와 판독료 20kg,서울특별시,금천구,20000,55000,64545,170000,ANITY00008,11,11,135,MEDIT00015,seoul-Geumcheon-gu,서울특별시,MEDIT00015,ANITY00008
초음파 검사비와 판독료 20kg,서울특별시,노원구,30000,68000,75731,160000,ANITY00008,11,11,136,MEDIT00015,seoul-Nowon-gu,서울특별시,MEDIT00015,ANITY00008
초음파 검사비와 판독료 20kg,서울특별시,도봉구,30000,55000,65300,153500,ANITY00008,11,11,137,MEDIT00015,seoul-Dobong-gu,서울특별시,MEDIT00015,ANITY00008
초음파 검사비와 판독료 20kg,서울특별시,동대문구,30000,70000,78848,208800,ANITY00008,11,11,138,MEDIT00015,seoul-Dongdaemun-gu,서울특별시,MEDIT00015,ANITY00008
초음파 검사비와 판독료 20kg,서울특별시,동작구,33000,80000,81529,190000,ANITY00008,11,11,139,MEDIT00015,seoul-Dongjak-gu,서울특별시,MEDIT00015,ANITY00008
초음파 검사비와 판독료 20kg,서울특별시,마포구,11000,80000,94414,249000,ANITY00008,11,11,140,MEDIT00015,seoul-Mapo-gu,서울특별시,MEDIT00015,ANITY00008
초음파 검사비와 판독료 20kg,서울특별시,서대문구,15000,60000,67647,120000,ANITY00008,11,11,141,MEDIT00015,seoul-Seodaemun-gu,서울특별시,MEDIT00015,ANITY00008
초음파 검사비와 판독료 20kg,서울특별시,서초구,25000,80000,91071,290000,ANITY00008,11,11,142,MEDIT00015,seoul-Seocho-gu,서울특별시,MEDIT00015,ANITY00008
초음파 검사비와 판독료 20kg,서울특별시,성동구,30000,100000,95158,200000,ANITY00008,11,11,143,MEDIT00015,seoul-Seongdong-gu,서울특별시,MEDIT00015,ANITY00008
초음파 검사비와 판독료 20kg,서울특별시,성북구,20000,88000,78383,222800,ANITY00008,11,11,144,MEDIT00015,seoul-Seongbuk-gu,서울특별시,MEDIT00015,ANITY00008
초음파 검사비와 판독료 20kg,서울특별시,송파구,25000,74500,98036,264000,ANITY00008,11,11,145,MEDIT00015,seoul-Songpa-gu,서울특별시,MEDIT00015,ANITY00008
초음파 검사비와 판독료 20kg,서울특별시,양천구,20000,66000,79726,200000,ANITY00008,11,11,146,MEDIT00015,seoul-Yangcheon-gu,서울특별시,MEDIT00015,ANITY00008
초음파 검사비와 판독료 20kg,서울특별시,영등포구,20000,60000,75966,200000,ANITY00008,11,11,147,MEDIT00015,seoul-Yeongdeungpo-gu,서울특별시,MEDIT00015,ANITY00008
초음파 검사비와 판독료 20kg,서울특별시,용산구,40000,73500,85400,150000,ANITY00008,11,11,148,MEDIT00015,seoul-Yongsan-gu,서울특별시,MEDIT00015,ANITY00008
초음파 검사비와 판독료 20kg,서울특별시,은평구,16500,60000,74183,220000,ANITY00008,11,11,149,MEDIT00015,seoul-Eunpyeong-gu,서울특별시,MEDIT00015,ANITY00008
초음파 검사비와 판독료 20kg,서울특별시,종로구,45000,100000,105833,200000,ANITY00008,11,11,150,MEDIT00015,seoul-Jongno-gu,서울특별시,MEDIT00015,ANITY00008
초음파 검사비와 판독료 20kg,서울특별시,중구,50000,99000,118200,200000,ANITY00008,11,11,151,MEDIT00015,seoul-jung-gu,서울특별시,MEDIT00015,ANITY00008
초음파 검사비와 판독료 20kg,서울특별시,중랑구,40000,70000,87706,170000,ANITY00008,11,11,152,MEDIT00015,seoul-Jungnang-gu,서울특별시,MEDIT00015,ANITY00008
초음파 검사비와 판독료 20kg,부산광역시,강서구,45000,55000,59200,100000,ANITY00008,26,26,111,MEDIT00015,Busan-Gangseo-gu,부산광역시,MEDIT00015,ANITY00008
초음파 검사비와 판독료 20kg,부산광역시,금정구,45000,60000,59556,80000,ANITY00008,26,26,112,MEDIT00015,Busan-Geumjeong-gu,부산광역시,MEDIT00015,ANITY00008
초음파 검사비와 판독료 20kg,부산광역시,기장군,30000,60000,82000,210000,ANITY00008,26,26,113,MEDIT00015,Busan-Gijang-gun,부산광역시,MEDIT00015,ANITY00008
초음파 검사비와 판독료 20kg,부산광역시,남구,25000,120000,111818,170000,ANITY00008,26,26,114,MEDIT00015,Busan-Nam-gu,부산광역시,MEDIT00015,ANITY00008
초음파 검사비와 판독료 20kg,부산광역시,동구,88000,88000,88000,88000,ANITY00008,26,26,115,MEDIT00015,Busan-Dong-gu,부산광역시,MEDIT00015,ANITY00008
초음파 검사비와 판독료 20kg,부산광역시,동래구,45000,60000,76789,172100,ANITY00008,26,26,116,MEDIT00015,Busan-Dongrae-gu,부산광역시,MEDIT00015,ANITY00008
초음파 검사비와 판독료 20kg,부산광역시,부산진구,25000,55000,67826,150000,ANITY00008,26,26,117,MEDIT00015,Busan-Busanjin-gu,부산광역시,MEDIT00015,ANITY00008
초음파 검사비와 판독료 20kg,부산광역시,북구,20000,55000,63467,150000,ANITY00008,26,26,118,MEDIT00015,Busan-Buk-gu,부산광역시,MEDIT00015,ANITY00008
초음파 검사비와 판독료 20kg,부산광역시,사상구,25000,44000,52750,99000,ANITY00008,26,26,119,MEDIT00015,Busan-Sasang-gu,부산광역시,MEDIT00015,ANITY00008
초음파 검사비와 판독료 20kg,부산광역시,사하구,44000,50000,67182,190000,ANITY00008,26,26,120,MEDIT00015,Busan-Saha-gu,부산광역시,MEDIT00015,ANITY00008
초음파 검사비와 판독료 20kg,부산광역시,서구,30000,50000,48000,60000,ANITY00008,26,26,121,MEDIT00015,Busan-Seo-gu,부산광역시,MEDIT00015,ANITY00008
초음파 검사비와 판독료 20kg,부산광역시,수영구,30000,70000,81625,210000,ANITY00008,26,26,122,MEDIT00015,Busan-Suyeong-gu,부산광역시,MEDIT00015,ANITY00008
초음파 검사비와 판독료 20kg,부산광역시,연제구,30000,60000,70000,150000,ANITY00008,26,26,123,MEDIT00015,Busan-Yeonje-gu,부산광역시,MEDIT00015,ANITY00008
초음파 검사비와 판독료 20kg,부산광역시,영도구,50000,66000,62000,70000,ANITY00008,26,26,124,MEDIT00015,Busan-Yeongdo-gu,부산광역시,MEDIT00015,ANITY00008
초음파 검사비와 판독료 20kg,부산광역시,중구,30000,40000,50000,80000,ANITY00008,26,26,125,MEDIT00015,Busan-Jung-gu,부산광역시,MEDIT00015,ANITY00008
초음파 검사비와 판독료 20kg,부산광역시,해운대구,20000,65000,67480,151000,ANITY00008,26,26,126,MEDIT00015,Busan-Haeundae-gu,부산광역시,MEDIT00015,ANITY00008
초음파 검사비와 판독료 20kg,대구광역시,남구,40000,70000,67143,100000,ANITY00008,27,27,96,MEDIT00015,Daegu-Nam-gu,대구광역시,MEDIT00015,ANITY00008
초음파 검사비와 판독료 20kg,대구광역시,달서구,30000,70000,83727,220000,ANITY00008,27,27,97,MEDIT00015,Daegu-Dalseo-gu,대구광역시,MEDIT00015,ANITY00008
초음파 검사비와 판독료 20kg,대구광역시,달성군,20000,62500,72071,150000,ANITY00008,27,27,98,MEDIT00015,Daegu-Dal-Sung-gun,대구광역시,MEDIT00015,ANITY00008
초음파 검사비와 판독료 20kg,대구광역시,동구,30000,60000,67692,160000,ANITY00008,27,27,99,MEDIT00015,Daegu-Dong-gu,대구광역시,MEDIT00015,ANITY00008
초음파 검사비와 판독료 20kg,대구광역시,북구,40000,70000,78524,150000,ANITY00008,27,27,100,MEDIT00015,Daegu-Buk-gu,대구광역시,MEDIT00015,ANITY00008
초음파 검사비와 판독료 20kg,대구광역시,서구,30000,55000,65000,150000,ANITY00008,27,27,101,MEDIT00015,Daegu-Seo-gu,대구광역시,MEDIT00015,ANITY00008
초음파 검사비와 판독료 20kg,대구광역시,수성구,30000,77500,85615,200000,ANITY00008,27,27,102,MEDIT00015,Daegu-Suseong-gu,대구광역시,MEDIT00015,ANITY00008
초음파 검사비와 판독료 20kg,대구광역시,중구,30000,55000,67182,120000,ANITY00008,27,27,103,MEDIT00015,Daegu-Jung-gu,대구광역시,MEDIT00015,ANITY00008
초음파 검사비와 판독료 20kg,인천광역시,강화군,30000,45000,41667,50000,ANITY00008,28,28,162,MEDIT00015,Incheon-Ganghwa-gun,인천광역시,MEDIT00015,ANITY00008
초음파 검사비와 판독료 20kg,인천광역시,계양구,25000,55000,79146,150000,ANITY00008,28,28,163,MEDIT00015,Incheon-Gyeyang-gu,인천광역시,MEDIT00015,ANITY00008
초음파 검사비와 판독료 20kg,인천광역시,남동구,20000,69000,73500,200000,ANITY00008,28,28,164,MEDIT00015,Incheon-Namdong-gu,인천광역시,MEDIT00015,ANITY00008
초음파 검사비와 판독료 20kg,인천광역시,동구,100000,132500,132500,165000,ANITY00008,28,28,165,MEDIT00015,Incheon-Dong-gu,인천광역시,MEDIT00015,ANITY00008
초음파 검사비와 판독료 20kg,인천광역시,미추홀구,40000,70000,78335,194700,ANITY00008,28,28,166,MEDIT00015,Incheon-Michuhol-gu,인천광역시,MEDIT00015,ANITY00008
초음파 검사비와 판독료 20kg,인천광역시,부평구,20000,70000,81136,150000,ANITY00008,28,28,167,MEDIT00015,Incheon-Bupyeong-gu,인천광역시,MEDIT00015,ANITY00008
초음파 검사비와 판독료 20kg,인천광역시,서구,35000,75000,74122,150000,ANITY00008,28,28,168,MEDIT00015,Incheon-Seo-gu,인천광역시,MEDIT00015,ANITY00008
초음파 검사비와 판독료 20kg,인천광역시,연수구,18000,60000,79471,200000,ANITY00008,28,28,169,MEDIT00015,Incheon-Yeonsu-gu,인천광역시,MEDIT00015,ANITY00008
초음파 검사비와 판독료 20kg,인천광역시,중구,25000,47500,57500,100000,ANITY00008,28,28,170,MEDIT00015,Incheon-Jung-gu,인천광역시,MEDIT00015,ANITY00008
초음파 검사비와 판독료 20kg,광주광역시,광산구,30000,44000,62286,200000,ANITY00008,29,29,89,MEDIT00015,Gwangju-Gwangsan-gu,광주광역시,MEDIT00015,ANITY00008
초음파 검사비와 판독료 20kg,광주광역시,남구,30000,55000,74389,290000,ANITY00008,29,29,90,MEDIT00015,Gwangju-Nam-gu,광주광역시,MEDIT00015,ANITY00008
초음파 검사비와 판독료 20kg,광주광역시,동구,22000,50000,70000,180000,ANITY00008,29,29,91,MEDIT00015,Gwangju-Dong-gu,광주광역시,MEDIT00015,ANITY00008
초음파 검사비와 판독료 20kg,광주광역시,북구,40000,63000,71000,200000,ANITY00008,29,29,92,MEDIT00015,Gwangju-Buk-gu,광주광역시,MEDIT00015,ANITY00008
초음파 검사비와 판독료 20kg,광주광역시,서구,25000,60500,61850,110000,ANITY00008,29,29,93,MEDIT00015,Gwangju-Seo-gu,광주광역시,MEDIT00015,ANITY00008
초음파 검사비와 판독료 20kg,대전광역시,대덕구,30000,50000,62857,150000,ANITY00008,30,30,105,MEDIT00015,Daejeon-Daedeok-gu,대전광역시,MEDIT00015,ANITY00008
초음파 검사비와 판독료 20kg,대전광역시,동구,30000,57500,60500,99000,ANITY00008,30,30,106,MEDIT00015,Daejeon-Dong-gu,대전광역시,MEDIT00015,ANITY00008
초음파 검사비와 판독료 20kg,대전광역시,서구,20000,70000,94435,260000,ANITY00008,30,30,107,MEDIT00015,Daejeon-Seo-gu,대전광역시,MEDIT00015,ANITY00008
초음파 검사비와 판독료 20kg,대전광역시,유성구,30000,80000,83495,150000,ANITY00008,30,30,108,MEDIT00015,Daejeon-Yuseong-gu,대전광역시,MEDIT00015,ANITY00008
초음파 검사비와 판독료 20kg,대전광역시,중구,30000,47500,66800,150000,ANITY00008,30,30,109,MEDIT00015,Daejeon-Jung-gu,대전광역시,MEDIT00015,ANITY00008
초음파 검사비와 판독료 20kg,울산광역시,남구,25000,70000,80206,168000,ANITY00008,31,31,156,MEDIT00015,Ulsan-Nam-gu,울산광역시,MEDIT00015,ANITY00008
초음파 검사비와 판독료 20kg,울산광역시,동구,60000,65000,71667,90000,ANITY00008,31,31,157,MEDIT00015,Ulsan-Dong-gu,울산광역시,MEDIT00015,ANITY00008
초음파 검사비와 판독료 20kg,울산광역시,북구,20000,45000,60875,155000,ANITY00008,31,31,158,MEDIT00015,Ulsan-Buk-gu,울산광역시,MEDIT00015,ANITY00008
초음파 검사비와 판독료 20kg,울산광역시,울주군,30000,65000,61000,90000,ANITY00008,31,31,159,MEDIT00015,Ulsan-Ulju-gun,울산광역시,MEDIT00015,ANITY00008
초음파 검사비와 판독료 20kg,울산광역시,중구,40000,67500,68800,100000,ANITY00008,31,31,160,MEDIT00015,Ulsan-Jung-gu,울산광역시,MEDIT00015,ANITY00008
초음파 검사비와 판독료 20kg,세종특별자치시,세종특별자치시,30000,60000,78153,236100,ANITY00008,36,36,154,MEDIT00015,Sejong-Sejong-si,세종특별자치시,MEDIT00015,ANITY00008
초음파 검사비와 판독료 20kg,경기도,가평군,30000,42500,42500,55000,ANITY00008,41,41,19,MEDIT00015,Gyeonggi-Gapyeong-gun,경기도,MEDIT00015,ANITY00008
초음파 검사비와 판독료 20kg,경기도,고양시,22000,80000,88773,270000,ANITY00008,41,41,20,MEDIT00015,Gyeonggi-Goyang-si,경기도,MEDIT00015,ANITY00008
초음파 검사비와 판독료 20kg,경기도,과천시,30000,87500,97500,200000,ANITY00008,41,41,21,MEDIT00015,Gyeonggi-Gwacheon,경기도,MEDIT00015,ANITY00008
초음파 검사비와 판독료 20kg,경기도,광명시,27000,100000,93600,175000,ANITY00008,41,41,22,MEDIT00015,Gyeonggi-Gwangmyeong,경기도,MEDIT00015,ANITY00008
초음파 검사비와 판독료 20kg,경기도,광주시,20000,60000,70750,200000,ANITY00008,41,41,23,MEDIT00015,Gyeonggi-Gwangju-si,경기도,MEDIT00015,ANITY00008
초음파 검사비와 판독료 20kg,경기도,구리시,33000,60500,99571,300000,ANITY00008,41,41,24,MEDIT00015,Gyeonggi-Guri-si,경기도,MEDIT00015,ANITY00008
초음파 검사비와 판독료 20kg,경기도,군포시,44000,80000,89532,156788,ANITY00008,41,41,25,MEDIT00015,Gyeonggi-Gunpo,경기도,MEDIT00015,ANITY00008
초음파 검사비와 판독료 20kg,경기도,김포시,30000,80000,93574,250000,ANITY00008,41,41,26,MEDIT00015,Gyeonggi-Gimpo-si,경기도,MEDIT00015,ANITY00008
초음파 검사비와 판독료 20kg,경기도,남양주시,20000,70000,84064,221000,ANITY00008,41,41,27,MEDIT00015,Gyeonggi-Namyangju-si,경기도,MEDIT00015,ANITY00008
초음파 검사비와 판독료 20kg,경기도,동두천시,30000,30000,70000,150000,ANITY00008,41,41,28,MEDIT00015,Gyeonggi-Dongducheon-si,경기도,MEDIT00015,ANITY00008
초음파 검사비와 판독료 20kg,경기도,부천시,15000,70000,80612,310000,ANITY00008,41,41,29,MEDIT00015,Gyeonggi-Bucheon,경기도,MEDIT00015,ANITY00008
초음파 검사비와 판독료 20kg,경기도,성남시,16500,88000,91725,222500,ANITY00008,41,41,30,MEDIT00015,Gyeonggi-Seongnam,경기도,MEDIT00015,ANITY00008
초음파 검사비와 판독료 20kg,경기도,수원시,20000,80000,93817,325000,ANITY00008,41,41,31,MEDIT00015,Gyeonggi-Suwon-si,경기도,MEDIT00015,ANITY00008
초음파 검사비와 판독료 20kg,경기도,시흥시,30000,70000,82720,165000,ANITY00008,41,41,32,MEDIT00015,Gyeonggi-Siheung,경기도,MEDIT00015,ANITY00008
초음파 검사비와 판독료 20kg,경기도,안산시,20000,60000,74760,150000,ANITY00008,41,41,33,MEDIT00015,Gyeonggi-Ansan,경기도,MEDIT00015,ANITY00008
초음파 검사비와 판독료 20kg,경기도,안성시,27000,50000,61909,110000,ANITY00008,41,41,34,MEDIT00015,Gyeonggi-Anseong-si,경기도,MEDIT00015,ANITY00008
초음파 검사비와 판독료 20kg,경기도,안양시,30000,80000,88067,205000,ANITY00008,41,41,35,MEDIT00015,Gyeonggi-Anyang,경기도,MEDIT00015,ANITY00008
초음파 검사비와 판독료 20kg,경기도,양주시,40000,60000,76556,130000,ANITY00008,41,41,36,MEDIT00015,Gyeonggi-Yangju-si,경기도,MEDIT00015,ANITY00008
초음파 검사비와 판독료 20kg,경기도,양평군,20000,50000,55714,100000,ANITY00008,41,41,37,MEDIT00015,Gyeonggi-Yangpyeong-gun,경기도,MEDIT00015,ANITY00008
초음파 검사비와 판독료 20kg,경기도,여주시,20000,33000,32667,45000,ANITY00008,41,41,38,MEDIT00015,Gyeonggi-Yeoju-si,경기도,MEDIT00015,ANITY00008
초음파 검사비와 판독료 20kg,경기도,오산시,30000,70000,70077,100000,ANITY00008,41,41,39,MEDIT00015,Gyeonggi-Osan-si,경기도,MEDIT00015,ANITY00008
초음파 검사비와 판독료 20kg,경기도,용인시,20000,55000,66946,220000,ANITY00008,41,41,40,MEDIT00015,Gyeonggi-Yongin-si,경기도,MEDIT00015,ANITY00008
초음파 검사비와 판독료 20kg,경기도,의왕시,40000,73000,94333,200000,ANITY00008,41,41,41,MEDIT00015,Gyeonggi-Uiwang,경기도,MEDIT00015,ANITY00008
초음파 검사비와 판독료 20kg,경기도,의정부시,30000,55000,66038,170000,ANITY00008,41,41,42,MEDIT00015,Gyeonggi-Uijeongbu-si,경기도,MEDIT00015,ANITY00008
초음파 검사비와 판독료 20kg,경기도,이천시,20000,50000,55071,132000,ANITY00008,41,41,43,MEDIT00015,Gyeonggi-Icheon-si,경기도,MEDIT00015,ANITY00008
초음파 검사비와 판독료 20kg,경기도,파주시,33000,71500,79452,180000,ANITY00008,41,41,44,MEDIT00015,Gyeonggi-Paju-si,경기도,MEDIT00015,ANITY00008
초음파 검사비와 판독료 20kg,경기도,평택시,25000,68000,82500,180000,ANITY00008,41,41,45,MEDIT00015,Gyeonggi-Pyeongtaek-si,경기도,MEDIT00015,ANITY00008
초음파 검사비와 판독료 20kg,경기도,포천시,20000,50000,47500,70000,ANITY00008,41,41,46,MEDIT00015,Gyeonggi-Pocheon-si,경기도,MEDIT00015,ANITY00008
초음파 검사비와 판독료 20kg,경기도,하남시,20000,70000,80280,200000,ANITY00008,41,41,47,MEDIT00015,Gyeonggi-Hanam-si,경기도,MEDIT00015,ANITY00008
초음파 검사비와 판독료 20kg,경기도,화성시,20000,89000,97455,250000,ANITY00008,41,41,48,MEDIT00015,Gyeonggi-Hwaseong-si,경기도,MEDIT00015,ANITY00008
초음파 검사비와 판독료 20kg,강원특별자치도,강릉시,30000,55000,65833,160000,ANITY00008,42,42,2,MEDIT00015,Gangwon-Gangneung-si,강원특별자치도,MEDIT00015,ANITY00008
초음파 검사비와 판독료 20kg,강원특별자치도,고성군,30000,30000,30000,30000,ANITY00008,42,42,3,MEDIT00015,Gangwon-Gosung-gun,강원특별자치도,MEDIT00015,ANITY00008
초음파 검사비와 판독료 20kg,강원특별자치도,동해시,40000,40000,43333,50000,ANITY00008,42,42,4,MEDIT00015,Gangwon-Donghae-si,강원특별자치도,MEDIT00015,ANITY00008
초음파 검사비와 판독료 20kg,강원특별자치도,삼척시,30000,30000,30000,30000,ANITY00008,42,42,5,MEDIT00015,Gangwon-Samcheok-si,강원특별자치도,MEDIT00015,ANITY00008
초음파 검사비와 판독료 20kg,강원특별자치도,속초시,30000,52500,75167,200000,ANITY00008,42,42,6,MEDIT00015,Gangwon-Sokcho-si,강원특별자치도,MEDIT00015,ANITY00008
초음파 검사비와 판독료 20kg,강원특별자치도,양양군,30000,75000,75000,120000,ANITY00008,42,42,8,MEDIT00015,Gangwon-Yangyang-gun,강원특별자치도,MEDIT00015,ANITY00008
초음파 검사비와 판독료 20kg,강원특별자치도,영월군,35000,47500,47500,60000,ANITY00008,42,42,9,MEDIT00015,Gangwon-Yeongwol-gun,강원특별자치도,MEDIT00015,ANITY00008
초음파 검사비와 판독료 20kg,강원특별자치도,원주시,20000,45000,57261,160000,ANITY00008,42,42,10,MEDIT00015,Gangwon-Wonju-si,강원특별자치도,MEDIT00015,ANITY00008
초음파 검사비와 판독료 20kg,강원특별자치도,인제군,30000,35000,38333,50000,ANITY00008,42,42,11,MEDIT00015,Gangwon-Inje-gun,강원특별자치도,MEDIT00015,ANITY00008
초음파 검사비와 판독료 20kg,강원특별자치도,춘천시,25000,65000,66333,110000,ANITY00008,42,42,13,MEDIT00015,Gangwon-Chuncheon-si,강원특별자치도,MEDIT00015,ANITY00008
초음파 검사비와 판독료 20kg,강원특별자치도,태백시,40000,65000,65000,90000,ANITY00008,42,42,14,MEDIT00015,Gangwon-Taebaek-si,강원특별자치도,MEDIT00015,ANITY00008
초음파 검사비와 판독료 20kg,강원특별자치도,홍천군,35000,47000,44750,50000,ANITY00008,42,42,15,MEDIT00015,Gangwon-Hongcheon-gun,강원특별자치도,MEDIT00015,ANITY00008
초음파 검사비와 판독료 20kg,강원특별자치도,횡성군,30000,30000,30000,30000,ANITY00008,42,42,17,MEDIT00015,Gangwon-Hoengseong-gun,강원특별자치도,MEDIT00015,ANITY00008
초음파 검사비와 판독료 20kg,충청북도,보은군,20000,20000,20000,20000,ANITY00008,43,43,225,MEDIT00015,Chungbuk-Boeun-gun,충청북도,MEDIT00015,ANITY00008
초음파 검사비와 판독료 20kg,충청북도,영동군,10000,10000,10000,10000,ANITY00008,43,43,226,MEDIT00015,Chungbuk-Yeongdong-gun,충청북도,MEDIT00015,ANITY00008
초음파 검사비와 판독료 20kg,충청북도,옥천군,30000,50000,50000,70000,ANITY00008,43,43,227,MEDIT00015,Chungbuk-Okcheon-gun,충청북도,MEDIT00015,ANITY00008
초음파 검사비와 판독료 20kg,충청북도,음성군,20000,40000,33333,40000,ANITY00008,43,43,228,MEDIT00015,Chungbuk-Eumseong-gun,충청북도,MEDIT00015,ANITY00008
초음파 검사비와 판독료 20kg,충청북도,제천시,30000,66000,63583,100000,ANITY00008,43,43,229,MEDIT00015,Chungbuk-Jecheon-si,충청북도,MEDIT00015,ANITY00008
초음파 검사비와 판독료 20kg,충청북도,증평군,25000,62500,62500,100000,ANITY00008,43,43,230,MEDIT00015,Chungbuk-Jeungpyeong-gun,충청북도,MEDIT00015,ANITY00008
초음파 검사비와 판독료 20kg,충청북도,진천군,33000,60000,62250,96000,ANITY00008,43,43,231,MEDIT00015,Chungbuk-Jincheon-gun,충청북도,MEDIT00015,ANITY00008
초음파 검사비와 판독료 20kg,충청북도,청주시,20000,66000,76235,280000,ANITY00008,43,43,232,MEDIT00015,Chungbuk-Cheongju-si,충청북도,MEDIT00015,ANITY00008
초음파 검사비와 판독료 20kg,충청북도,충주시,40000,69000,71333,120000,ANITY00008,43,43,233,MEDIT00015,Chungbuk-Chungju-si,충청북도,MEDIT00015,ANITY00008
초음파 검사비와 판독료 20kg,충청남도,계룡시,15000,20000,21667,30000,ANITY00008,44,44,207,MEDIT00015,Chungnam-Gyeryong-si,충청남도,MEDIT00015,ANITY00008
초음파 검사비와 판독료 20kg,충청남도,공주시,30000,35000,45000,70000,ANITY00008,44,44,208,MEDIT00015,Chungnam-Gongju-si,충청남도,MEDIT00015,ANITY00008
초음파 검사비와 판독료 20kg,충청남도,금산군,35000,42500,42500,50000,ANITY00008,44,44,209,MEDIT00015,Chungnam-Geumsan-gun,충청남도,MEDIT00015,ANITY00008
초음파 검사비와 판독료 20kg,충청남도,논산시,40000,50000,50000,60000,ANITY00008,44,44,210,MEDIT00015,Chungnam-Nonsan-si,충청남도,MEDIT00015,ANITY00008
초음파 검사비와 판독료 20kg,충청남도,당진시,30000,88000,90167,160000,ANITY00008,44,44,211,MEDIT00015,Chungnam-Dangjin-si,충청남도,MEDIT00015,ANITY00008
초음파 검사비와 판독료 20kg,충청남도,보령시,50000,50000,50000,50000,ANITY00008,44,44,212,MEDIT00015,Chungnam-Boryeong-si,충청남도,MEDIT00015,ANITY00008
초음파 검사비와 판독료 20kg,충청남도,부여군,20000,33000,44333,80000,ANITY00008,44,44,213,MEDIT00015,Chungnam-Buyeo-gun,충청남도,MEDIT00015,ANITY00008
초음파 검사비와 판독료 20kg,충청남도,서산시,25000,35000,48333,100000,ANITY00008,44,44,214,MEDIT00015,Chungnam-Seosan-si,충청남도,MEDIT00015,ANITY00008
초음파 검사비와 판독료 20kg,충청남도,아산시,30000,55000,65200,140000,ANITY00008,44,44,216,MEDIT00015,Chungnam-Asan-si,충청남도,MEDIT00015,ANITY00008
초음파 검사비와 판독료 20kg,충청남도,예산군,88000,88000,88000,88000,ANITY00008,44,44,217,MEDIT00015,Chungnam-Yesan-gun,충청남도,MEDIT00015,ANITY00008
초음파 검사비와 판독료 20kg,충청남도,천안시,20000,55000,82670,250800,ANITY00008,44,44,218,MEDIT00015,Chungnam-Cheonan-si,충청남도,MEDIT00015,ANITY00008
초음파 검사비와 판독료 20kg,충청남도,태안군,35000,67500,67500,100000,ANITY00008,44,44,220,MEDIT00015,Chungnam-Taean-gu,충청남도,MEDIT00015,ANITY00008
초음파 검사비와 판독료 20kg,충청남도,홍성군,30000,55000,73000,170000,ANITY00008,44,44,221,MEDIT00015,Chungnam-Hongseong-gun,충청남도,MEDIT00015,ANITY00008
초음파 검사비와 판독료 20kg,전북특별자치도,군산시,30000,68500,61167,90000,ANITY00008,45,45,192,MEDIT00015,Jeonbuk-Gunsan-si,전북특별자치도,MEDIT00015,ANITY00008
초음파 검사비와 판독료 20kg,전북특별자치도,남원시,60000,60000,60000,60000,ANITY00008,45,45,194,MEDIT00015,Jeonbuk-Namwon-si,전북특별자치도,MEDIT00015,ANITY00008
초음파 검사비와 판독료 20kg,전북특별자치도,부안군,30000,30000,30000,30000,ANITY00008,45,45,196,MEDIT00015,Jeonbuk-Buan-gun,전북특별자치도,MEDIT00015,ANITY00008
초음파 검사비와 판독료 20kg,전북특별자치도,완주군,30000,31500,31500,33000,ANITY00008,45,45,198,MEDIT00015,Jeonbuk-Wanju-gun,전북특별자치도,MEDIT00015,ANITY00008
초음파 검사비와 판독료 20kg,전북특별자치도,익산시,28000,52000,49250,70000,ANITY00008,45,45,199,MEDIT00015,Jeonbuk-Iksan-si,전북특별자치도,MEDIT00015,ANITY00008
초음파 검사비와 판독료 20kg,전북특별자치도,전주시,20000,50000,55794,150000,ANITY00008,45,45,201,MEDIT00015,Jeonbuk-Jeonju-si,전북특별자치도,MEDIT00015,ANITY00008
초음파 검사비와 판독료 20kg,전북특별자치도,정읍시,40000,55000,55000,70000,ANITY00008,45,45,202,MEDIT00015,Jeonbuk-Jeongeup-si,전북특별자치도,MEDIT00015,ANITY00008
초음파 검사비와 판독료 20kg,전라남도,고흥군,60000,60000,60000,60000,ANITY00008,46,46,172,MEDIT00015,Jeonnam-Goheung-gun,전라남도,MEDIT00015,ANITY00008
초음파 검사비와 판독료 20kg,전라남도,광양시,50000,50000,56667,70000,ANITY00008,46,46,174,MEDIT00015,Jeonnam-Gwangyang-si,전라남도,MEDIT00015,ANITY00008
초음파 검사비와 판독료 20kg,전라남도,나주시,30000,40000,37400,45000,ANITY00008,46,46,176,MEDIT00015,Jeonnam-Naju-si,전라남도,MEDIT00015,ANITY00008
초음파 검사비와 판독료 20kg,전라남도,목포시,80000,80000,80000,80000,ANITY00008,46,46,178,MEDIT00015,Jeonnam-Mokpo-si,전라남도,MEDIT00015,ANITY00008
초음파 검사비와 판독료 20kg,전라남도,무안군,40000,50000,51250,65000,ANITY00008,46,46,179,MEDIT00015,Jeonnam-Muan-gun,전라남도,MEDIT00015,ANITY00008
초음파 검사비와 판독료 20kg,전라남도,순천시,40000,65000,70800,100000,ANITY00008,46,46,180,MEDIT00015,Jeonnam-Suncheon-si,전라남도,MEDIT00015,ANITY00008
초음파 검사비와 판독료 20kg,전라남도,여수시,15000,45000,67000,200000,ANITY00008,46,46,181,MEDIT00015,Jeonnam-Yeosu-si,전라남도,MEDIT00015,ANITY00008
초음파 검사비와 판독료 20kg,전라남도,영광군,50000,50000,50000,50000,ANITY00008,46,46,182,MEDIT00015,Jeonnam-Yeonggwang-gun,전라남도,MEDIT00015,ANITY00008
초음파 검사비와 판독료 20kg,전라남도,해남군,30000,40000,40000,50000,ANITY00008,46,46,188,MEDIT00015,Jeonnam-Haenam-gun,전라남도,MEDIT00015,ANITY00008
초음파 검사비와 판독료 20kg,전라남도,화순군,70000,70000,70000,70000,ANITY00008,46,46,189,MEDIT00015,Jeonnam-Hwasun-gun,전라남도,MEDIT00015,ANITY00008
초음파 검사비와 판독료 20kg,경상북도,경산시,15000,45000,48769,80000,ANITY00008,47,47,69,MEDIT00015,Gyeongbuk-Gyeongsan-si,경상북도,MEDIT00015,ANITY00008
초음파 검사비와 판독료 20kg,경상북도,경주시,20000,60000,80571,200000,ANITY00008,47,47,70,MEDIT00015,Gyeongbuk-Gyeongju-si,경상북도,MEDIT00015,ANITY00008
초음파 검사비와 판독료 20kg,경상북도,구미시,30000,50000,65316,270000,ANITY00008,47,47,72,MEDIT00015,Gyeongbuk-Gumi-si,경상북도,MEDIT00015,ANITY00008
초음파 검사비와 판독료 20kg,경상북도,김천시,55000,60000,69000,90000,ANITY00008,47,47,73,MEDIT00015,Gyeongbuk-Gimcheon-si,경상북도,MEDIT00015,ANITY00008
초음파 검사비와 판독료 20kg,경상북도,문경시,40000,45000,45000,50000,ANITY00008,47,47,74,MEDIT00015,Gyeongbuk-Mungyeong-si,경상북도,MEDIT00015,ANITY00008
초음파 검사비와 판독료 20kg,경상북도,상주시,50000,55000,68333,100000,ANITY00008,47,47,75,MEDIT00015,Gyeongbuk-Sangju-si,경상북도,MEDIT00015,ANITY00008
초음파 검사비와 판독료 20kg,경상북도,성주군,150000,150000,150000,150000,ANITY00008,47,47,76,MEDIT00015,Gyeongbuk-Seongju-gun,경상북도,MEDIT00015,ANITY00008
초음파 검사비와 판독료 20kg,경상북도,안동시,33000,40000,58250,120000,ANITY00008,47,47,77,MEDIT00015,Gyeongbuk-Andong-si,경상북도,MEDIT00015,ANITY00008
초음파 검사비와 판독료 20kg,경상북도,영덕군,40000,40000,40000,40000,ANITY00008,47,47,78,MEDIT00015,Gyeongbuk-Yeongdeok-gun,경상북도,MEDIT00015,ANITY00008
초음파 검사비와 판독료 20kg,경상북도,영주시,20000,31500,38250,70000,ANITY00008,47,47,79,MEDIT00015,Gyeongbuk-Yeongju-si,경상북도,MEDIT00015,ANITY00008
초음파 검사비와 판독료 20kg,경상북도,영천시,23000,55500,55500,88000,ANITY00008,47,47,80,MEDIT00015,Gyeongbuk-Yeongcheon-si,경상북도,MEDIT00015,ANITY00008
초음파 검사비와 판독료 20kg,경상북도,청도군,55000,55000,55000,55000,ANITY00008,47,47,84,MEDIT00015,Gyeongbuk-Cheongdo-gun,경상북도,MEDIT00015,ANITY00008
초음파 검사비와 판독료 20kg,경상북도,칠곡군,33000,44000,44000,55000,ANITY00008,47,47,86,MEDIT00015,Gyeongbuk-Chilgok-gun,경상북도,MEDIT00015,ANITY00008
초음파 검사비와 판독료 20kg,경상북도,포항시,25000,68000,72864,170000,ANITY00008,47,47,87,MEDIT00015,Gyeongbuk-Pohang-si,경상북도,MEDIT00015,ANITY00008
초음파 검사비와 판독료 20kg,경상남도,거제시,30000,66000,59889,88000,ANITY00008,48,48,50,MEDIT00015,Gyeongnam-Geoje-si,경상남도,MEDIT00015,ANITY00008
초음파 검사비와 판독료 20kg,경상남도,거창군,70000,70000,70000,70000,ANITY00008,48,48,51,MEDIT00015,Gyeongnam-Geochang-gun,경상남도,MEDIT00015,ANITY00008
초음파 검사비와 판독료 20kg,경상남도,김해시,30000,60000,63276,120000,ANITY00008,48,48,53,MEDIT00015,Gyeongnam-Gimhae-si,경상남도,MEDIT00015,ANITY00008
초음파 검사비와 판독료 20kg,경상남도,남해군,10000,10000,10000,10000,ANITY00008,48,48,54,MEDIT00015,Gyeongnam-Namhae-gun,경상남도,MEDIT00015,ANITY00008
초음파 검사비와 판독료 20kg,경상남도,밀양시,30000,50000,46667,60000,ANITY00008,48,48,55,MEDIT00015,Gyeongnam-Miryang-si,경상남도,MEDIT00015,ANITY00008
초음파 검사비와 판독료 20kg,경상남도,사천시,22000,44000,58800,143000,ANITY00008,48,48,56,MEDIT00015,Gyeongnam-Sacheon-si,경상남도,MEDIT00015,ANITY00008
초음파 검사비와 판독료 20kg,경상남도,산청군,30000,65000,65000,100000,ANITY00008,48,48,57,MEDIT00015,Gyeongnam-Sancheong-gun,경상남도,MEDIT00015,ANITY00008
초음파 검사비와 판독료 20kg,경상남도,양산시,30000,66000,78176,150000,ANITY00008,48,48,58,MEDIT00015,Gyeongnam-Yangsan-si,경상남도,MEDIT00015,ANITY00008
초음파 검사비와 판독료 20kg,경상남도,진주시,20000,66000,69471,140000,ANITY00008,48,48,60,MEDIT00015,Gyeongnam-Jinju-si,경상남도,MEDIT00015,ANITY00008
초음파 검사비와 판독료 20kg,경상남도,창녕군,55000,60000,65000,80000,ANITY00008,48,48,61,MEDIT00015,Gyeongnam-Changnyeong-gun,경상남도,MEDIT00015,ANITY00008
초음파 검사비와 판독료 20kg,경상남도,창원시,20000,70000,70035,165000,ANITY00008,48,48,62,MEDIT00015,Gyeongnam-Changwon-si,경상남도,MEDIT00015,ANITY00008
초음파 검사비와 판독료 20kg,경상남도,통영시,22000,25000,48400,100000,ANITY00008,48,48,63,MEDIT00015,Gyeongnam-Tongyeong-si,경상남도,MEDIT00015,ANITY00008
초음파 검사비와 판독료 20kg,경상남도,하동군,80000,80000,80000,80000,ANITY00008,48,48,64,MEDIT00015,Gyeongnam-Hadong-gun,경상남도,MEDIT00015,ANITY00008
초음파 검사비와 판독료 20kg,경상남도,함안군,25000,25000,25000,25000,ANITY00008,48,48,65,MEDIT00015,Gyeongnam-Haman-gun,경상남도,MEDIT00015,ANITY00008
초음파 검사비와 판독료 20kg,경상남도,합천군,144000,144000,144000,144000,ANITY00008,48,48,67,MEDIT00015,Gyeongnam-Hapcheon-gu,경상남도,MEDIT00015,ANITY00008
초음파 검사비와 판독료 20kg,제주특별자치도,서귀포시,20000,50000,62500,140000,ANITY00008,50,50,204,MEDIT00015,Jeju-Seogwipo,제주특별자치도,MEDIT00015,ANITY00008
초음파 검사비와 판독료 20kg,제주특별자치도,제주시,10000,66000,72987,210000,ANITY00008,50,50,205,MEDIT00015,Jeju-Jeju-si,제주특별자치도,MEDIT00015,ANITY00008
CT비와 판독료 5kg,서울특별시,강남구,300000,600000,561111,800000,ANITY00006,11,11,128,MEDIT00016,seoul-Gangnam-gu,서울특별시,MEDIT00016,ANITY00006
CT비와 판독료 5kg,서울특별시,강서구,400000,400000,420000,460000,ANITY00006,11,11,131,MEDIT00016,seoul-Gangseo-gu,서울특별시,MEDIT00016,ANITY00006
CT비와 판독료 5kg,서울특별시,관악구,300000,525000,525000,750000,ANITY00006,11,11,132,MEDIT00016,seoul-Gwanak-gu,서울특별시,MEDIT00016,ANITY00006
CT비와 판독료 5kg,서울특별시,광진구,400000,425000,425000,450000,ANITY00006,11,11,133,MEDIT00016,seoul-Gwangjin-gu,서울특별시,MEDIT00016,ANITY00006
CT비와 판독료 5kg,서울특별시,노원구,530000,600000,576667,600000,ANITY00006,11,11,136,MEDIT00016,seoul-Nowon-gu,서울특별시,MEDIT00016,ANITY00006
CT비와 판독료 5kg,서울특별시,동대문구,500000,525000,525000,550000,ANITY00006,11,11,138,MEDIT00016,seoul-Dongdaemun-gu,서울특별시,MEDIT00016,ANITY00006
CT비와 판독료 5kg,서울특별시,마포구,450000,460000,493675,604700,ANITY00006,11,11,140,MEDIT00016,seoul-Mapo-gu,서울특별시,MEDIT00016,ANITY00006
CT비와 판독료 5kg,서울특별시,서초구,350000,400000,400000,450000,ANITY00006,11,11,142,MEDIT00016,seoul-Seocho-gu,서울특별시,MEDIT00016,ANITY00006
CT비와 판독료 5kg,서울특별시,송파구,380000,500000,506000,650000,ANITY00006,11,11,145,MEDIT00016,seoul-Songpa-gu,서울특별시,MEDIT00016,ANITY00006
CT비와 판독료 5kg,서울특별시,양천구,549000,550000,566333,600000,ANITY00006,11,11,146,MEDIT00016,seoul-Yangcheon-gu,서울특별시,MEDIT00016,ANITY00006
CT비와 판독료 5kg,서울특별시,중구,550000,700000,640000,700000,ANITY00006,11,11,151,MEDIT00016,seoul-jung-gu,서울특별시,MEDIT00016,ANITY00006
CT비와 판독료 5kg,부산광역시,금정구,400000,450000,450000,500000,ANITY00006,26,26,112,MEDIT00016,Busan-Geumjeong-gu,부산광역시,MEDIT00016,ANITY00006
CT비와 판독료 5kg,부산광역시,남구,300000,400000,370000,450000,ANITY00006,26,26,114,MEDIT00016,Busan-Nam-gu,부산광역시,MEDIT00016,ANITY00006
CT비와 판독료 5kg,부산광역시,동래구,385000,385000,456667,600000,ANITY00006,26,26,116,MEDIT00016,Busan-Dongrae-gu,부산광역시,MEDIT00016,ANITY00006
CT비와 판독료 5kg,부산광역시,연제구,500000,550000,583333,700000,ANITY00006,26,26,123,MEDIT00016,Busan-Yeonje-gu,부산광역시,MEDIT00016,ANITY00006
CT비와 판독료 5kg,대구광역시,달서구,350000,600000,564286,600000,ANITY00006,27,27,97,MEDIT00016,Daegu-Dalseo-gu,대구광역시,MEDIT00016,ANITY00006
CT비와 판독료 5kg,대구광역시,북구,500000,550000,550000,600000,ANITY00006,27,27,100,MEDIT00016,Daegu-Buk-gu,대구광역시,MEDIT00016,ANITY00006
CT비와 판독료 5kg,대구광역시,수성구,400000,650000,616667,700000,ANITY00006,27,27,102,MEDIT00016,Daegu-Suseong-gu,대구광역시,MEDIT00016,ANITY00006
CT비와 판독료 5kg,인천광역시,부평구,400000,500000,483333,550000,ANITY00006,28,28,167,MEDIT00016,Incheon-Bupyeong-gu,인천광역시,MEDIT00016,ANITY00006
CT비와 판독료 5kg,인천광역시,서구,500000,575000,575000,650000,ANITY00006,28,28,168,MEDIT00016,Incheon-Seo-gu,인천광역시,MEDIT00016,ANITY00006
CT비와 판독료 5kg,인천광역시,연수구,385000,535000,490000,550000,ANITY00006,28,28,169,MEDIT00016,Incheon-Yeonsu-gu,인천광역시,MEDIT00016,ANITY00006
CT비와 판독료 5kg,광주광역시,광산구,550000,600000,640000,770000,ANITY00006,29,29,89,MEDIT00016,Gwangju-Gwangsan-gu,광주광역시,MEDIT00016,ANITY00006
CT비와 판독료 5kg,광주광역시,남구,550000,775000,775000,1000000,ANITY00006,29,29,90,MEDIT00016,Gwangju-Nam-gu,광주광역시,MEDIT00016,ANITY00006
CT비와 판독료 5kg,대전광역시,서구,300000,600000,500000,600000,ANITY00006,30,30,107,MEDIT00016,Daejeon-Seo-gu,대전광역시,MEDIT00016,ANITY00006
CT비와 판독료 5kg,대전광역시,유성구,473000,486500,486500,500000,ANITY00006,30,30,108,MEDIT00016,Daejeon-Yuseong-gu,대전광역시,MEDIT00016,ANITY00006
CT비와 판독료 5kg,울산광역시,남구,430500,500000,502625,580000,ANITY00006,31,31,156,MEDIT00016,Ulsan-Nam-gu,울산광역시,MEDIT00016,ANITY00006
CT비와 판독료 5kg,경기도,고양시,400000,575000,579375,735000,ANITY00006,41,41,20,MEDIT00016,Gyeonggi-Goyang-si,경기도,MEDIT00016,ANITY00006
CT비와 판독료 5kg,경기도,광주시,450000,475000,475000,500000,ANITY00006,41,41,23,MEDIT00016,Gyeonggi-Gwangju-si,경기도,MEDIT00016,ANITY00006
CT비와 판독료 5kg,경기도,군포시,550000,568081,672694,900000,ANITY00006,41,41,25,MEDIT00016,Gyeonggi-Gunpo,경기도,MEDIT00016,ANITY00006
CT비와 판독료 5kg,경기도,김포시,600000,600000,600000,600000,ANITY00006,41,41,26,MEDIT00016,Gyeonggi-Gimpo-si,경기도,MEDIT00016,ANITY00006
CT비와 판독료 5kg,경기도,남양주시,500000,550000,583333,700000,ANITY00006,41,41,27,MEDIT00016,Gyeonggi-Namyangju-si,경기도,MEDIT00016,ANITY00006
CT비와 판독료 5kg,경기도,부천시,350000,475000,493333,700000,ANITY00006,41,41,29,MEDIT00016,Gyeonggi-Bucheon,경기도,MEDIT00016,ANITY00006
CT비와 판독료 5kg,경기도,성남시,483000,650000,648111,1000000,ANITY00006,41,41,30,MEDIT00016,Gyeonggi-Seongnam,경기도,MEDIT00016,ANITY00006
CT비와 판독료 5kg,경기도,수원시,300000,517500,508750,935000,ANITY00006,41,41,31,MEDIT00016,Gyeonggi-Suwon-si,경기도,MEDIT00016,ANITY00006
CT비와 판독료 5kg,경기도,시흥시,550000,556000,556000,562000,ANITY00006,41,41,32,MEDIT00016,Gyeonggi-Siheung,경기도,MEDIT00016,ANITY00006
CT비와 판독료 5kg,경기도,안산시,500000,500000,500000,500000,ANITY00006,41,41,33,MEDIT00016,Gyeonggi-Ansan,경기도,MEDIT00016,ANITY00006
CT비와 판독료 5kg,경기도,안양시,257000,550000,531400,700000,ANITY00006,41,41,35,MEDIT00016,Gyeonggi-Anyang,경기도,MEDIT00016,ANITY00006
CT비와 판독료 5kg,경기도,의정부시,500000,525000,550000,650000,ANITY00006,41,41,42,MEDIT00016,Gyeonggi-Uijeongbu-si,경기도,MEDIT00016,ANITY00006
CT비와 판독료 5kg,경기도,평택시,385000,500000,528333,700000,ANITY00006,41,41,45,MEDIT00016,Gyeonggi-Pyeongtaek-si,경기도,MEDIT00016,ANITY00006
CT비와 판독료 5kg,경기도,화성시,500000,575000,575000,650000,ANITY00006,41,41,48,MEDIT00016,Gyeonggi-Hwaseong-si,경기도,MEDIT00016,ANITY00006
CT비와 판독료 5kg,강원특별자치도,춘천시,457000,516500,516500,576000,ANITY00006,42,42,13,MEDIT00016,Gangwon-Chuncheon-si,강원특별자치도,MEDIT00016,ANITY00006
CT비와 판독료 5kg,충청북도,청주시,349300,500000,499767,650000,ANITY00006,43,43,232,MEDIT00016,Chungbuk-Cheongju-si,충청북도,MEDIT00016,ANITY00006
CT비와 판독료 5kg,충청남도,천안시,392000,550000,535500,650000,ANITY00006,44,44,218,MEDIT00016,Chungnam-Cheonan-si,충청남도,MEDIT00016,ANITY00006
CT비와 판독료 5kg,전북특별자치도,전주시,430000,590000,540000,600000,ANITY00006,45,45,201,MEDIT00016,Jeonbuk-Jeonju-si,전북특별자치도,MEDIT00016,ANITY00006
CT비와 판독료 5kg,경상북도,포항시,500000,700000,633333,700000,ANITY00006,47,47,87,MEDIT00016,Gyeongbuk-Pohang-si,경상북도,MEDIT00016,ANITY00006
CT비와 판독료 5kg,경상남도,양산시,462000,525525,525525,589050,ANITY00006,48,48,58,MEDIT00016,Gyeongnam-Yangsan-si,경상남도,MEDIT00016,ANITY00006
CT비와 판독료 5kg,경상남도,창원시,297000,350000,382333,500000,ANITY00006,48,48,62,MEDIT00016,Gyeongnam-Changwon-si,경상남도,MEDIT00016,ANITY00006
CT비와 판독료 5kg,제주특별자치도,제주시,350000,450000,540000,820000,ANITY00006,50,50,205,MEDIT00016,Jeju-Jeju-si,제주특별자치도,MEDIT00016,ANITY00006
CT비와 판독료 10kg,서울특별시,강남구,300000,650000,625556,900000,ANITY00007,11,11,128,MEDIT00016,seoul-Gangnam-gu,서울특별시,MEDIT00016,ANITY00007
CT비와 판독료 10kg,서울특별시,강서구,450000,450000,453333,460000,ANITY00007,11,11,131,MEDIT00016,seoul-Gangseo-gu,서울특별시,MEDIT00016,ANITY00007
CT비와 판독료 10kg,서울특별시,관악구,300000,525000,525000,750000,ANITY00007,11,11,132,MEDIT00016,seoul-Gwanak-gu,서울특별시,MEDIT00016,ANITY00007
CT비와 판독료 10kg,서울특별시,광진구,400000,425000,425000,450000,ANITY00007,11,11,133,MEDIT00016,seoul-Gwangjin-gu,서울특별시,MEDIT00016,ANITY00007
CT비와 판독료 10kg,서울특별시,노원구,600000,600000,626667,680000,ANITY00007,11,11,136,MEDIT00016,seoul-Nowon-gu,서울특별시,MEDIT00016,ANITY00007
CT비와 판독료 10kg,서울특별시,동대문구,500000,580000,580000,660000,ANITY00007,11,11,138,MEDIT00016,seoul-Dongdaemun-gu,서울특별시,MEDIT00016,ANITY00007
CT비와 판독료 10kg,서울특별시,마포구,450000,560000,556925,657700,ANITY00007,11,11,140,MEDIT00016,seoul-Mapo-gu,서울특별시,MEDIT00016,ANITY00007
CT비와 판독료 10kg,서울특별시,서초구,395000,472500,472500,550000,ANITY00007,11,11,142,MEDIT00016,seoul-Seocho-gu,서울특별시,MEDIT00016,ANITY00007
CT비와 판독료 10kg,서울특별시,송파구,380000,500000,536000,700000,ANITY00007,11,11,145,MEDIT00016,seoul-Songpa-gu,서울특별시,MEDIT00016,ANITY00007
CT비와 판독료 10kg,서울특별시,양천구,549000,550000,566333,600000,ANITY00007,11,11,146,MEDIT00016,seoul-Yangcheon-gu,서울특별시,MEDIT00016,ANITY00007
CT비와 판독료 10kg,서울특별시,중구,600000,700000,660000,700000,ANITY00007,11,11,151,MEDIT00016,seoul-jung-gu,서울특별시,MEDIT00016,ANITY00007
CT비와 판독료 10kg,부산광역시,남구,350000,400000,420000,550000,ANITY00007,26,26,114,MEDIT00016,Busan-Nam-gu,부산광역시,MEDIT00016,ANITY00007
CT비와 판독료 10kg,부산광역시,연제구,550000,625000,625000,700000,ANITY00007,26,26,123,MEDIT00016,Busan-Yeonje-gu,부산광역시,MEDIT00016,ANITY00007
CT비와 판독료 10kg,대구광역시,달서구,450000,700000,635714,700000,ANITY00007,27,27,97,MEDIT00016,Daegu-Dalseo-gu,대구광역시,MEDIT00016,ANITY00007
CT비와 판독료 10kg,대구광역시,북구,500000,550000,550000,600000,ANITY00007,27,27,100,MEDIT00016,Daegu-Buk-gu,대구광역시,MEDIT00016,ANITY00007
CT비와 판독료 10kg,대구광역시,수성구,550000,700000,691667,800000,ANITY00007,27,27,102,MEDIT00016,Daegu-Suseong-gu,대구광역시,MEDIT00016,ANITY00007
CT비와 판독료 10kg,인천광역시,부평구,450000,500000,533333,650000,ANITY00007,28,28,167,MEDIT00016,Incheon-Bupyeong-gu,인천광역시,MEDIT00016,ANITY00007
CT비와 판독료 10kg,인천광역시,서구,500000,575000,575000,650000,ANITY00007,28,28,168,MEDIT00016,Incheon-Seo-gu,인천광역시,MEDIT00016,ANITY00007
CT비와 판독료 10kg,인천광역시,연수구,500000,600000,566667,600000,ANITY00007,28,28,169,MEDIT00016,Incheon-Yeonsu-gu,인천광역시,MEDIT00016,ANITY00007
CT비와 판독료 10kg,광주광역시,광산구,550000,600000,640000,770000,ANITY00007,29,29,89,MEDIT00016,Gwangju-Gwangsan-gu,광주광역시,MEDIT00016,ANITY00007
CT비와 판독료 10kg,광주광역시,남구,550000,875000,875000,1200000,ANITY00007,29,29,90,MEDIT00016,Gwangju-Nam-gu,광주광역시,MEDIT00016,ANITY00007
CT비와 판독료 10kg,대전광역시,서구,300000,700000,566667,700000,ANITY00007,30,30,107,MEDIT00016,Daejeon-Seo-gu,대전광역시,MEDIT00016,ANITY00007
CT비와 판독료 10kg,대전광역시,유성구,473000,486500,486500,500000,ANITY00007,30,30,108,MEDIT00016,Daejeon-Yuseong-gu,대전광역시,MEDIT00016,ANITY00007
CT비와 판독료 10kg,울산광역시,남구,500000,523000,531500,580000,ANITY00007,31,31,156,MEDIT00016,Ulsan-Nam-gu,울산광역시,MEDIT00016,ANITY00007
CT비와 판독료 10kg,경기도,고양시,400000,652500,636875,840000,ANITY00007,41,41,20,MEDIT00016,Gyeonggi-Goyang-si,경기도,MEDIT00016,ANITY00007
CT비와 판독료 10kg,경기도,광주시,500000,550000,550000,600000,ANITY00007,41,41,23,MEDIT00016,Gyeonggi-Gwangju-si,경기도,MEDIT00016,ANITY00007
CT비와 판독료 10kg,경기도,군포시,550000,723012,724337,900000,ANITY00007,41,41,25,MEDIT00016,Gyeonggi-Gunpo,경기도,MEDIT00016,ANITY00007
CT비와 판독료 10kg,경기도,김포시,700000,700000,700000,700000,ANITY00007,41,41,26,MEDIT00016,Gyeonggi-Gimpo-si,경기도,MEDIT00016,ANITY00007
CT비와 판독료 10kg,경기도,남양주시,550000,600000,650000,800000,ANITY00007,41,41,27,MEDIT00016,Gyeonggi-Namyangju-si,경기도,MEDIT00016,ANITY00007
CT비와 판독료 10kg,경기도,부천시,350000,500000,530000,800000,ANITY00007,41,41,29,MEDIT00016,Gyeonggi-Bucheon,경기도,MEDIT00016,ANITY00007
CT비와 판독료 10kg,경기도,성남시,483000,700000,703667,1000000,ANITY00007,41,41,30,MEDIT00016,Gyeonggi-Seongnam,경기도,MEDIT00016,ANITY00007
CT비와 판독료 10kg,경기도,수원시,350000,525000,557917,935000,ANITY00007,41,41,31,MEDIT00016,Gyeonggi-Suwon-si,경기도,MEDIT00016,ANITY00007
CT비와 판독료 10kg,경기도,시흥시,660000,666500,666500,673000,ANITY00007,41,41,32,MEDIT00016,Gyeonggi-Siheung,경기도,MEDIT00016,ANITY00007
CT비와 판독료 10kg,경기도,안산시,500000,550000,550000,600000,ANITY00007,41,41,33,MEDIT00016,Gyeonggi-Ansan,경기도,MEDIT00016,ANITY00007
CT비와 판독료 10kg,경기도,안양시,310000,600000,572000,700000,ANITY00007,41,41,35,MEDIT00016,Gyeonggi-Anyang,경기도,MEDIT00016,ANITY00007
CT비와 판독료 10kg,경기도,의정부시,550000,600000,600000,650000,ANITY00007,41,41,42,MEDIT00016,Gyeonggi-Uijeongbu-si,경기도,MEDIT00016,ANITY00007
CT비와 판독료 10kg,경기도,평택시,385000,600000,561667,700000,ANITY00007,41,41,45,MEDIT00016,Gyeonggi-Pyeongtaek-si,경기도,MEDIT00016,ANITY00007
CT비와 판독료 10kg,경기도,화성시,500000,625000,625000,750000,ANITY00007,41,41,48,MEDIT00016,Gyeonggi-Hwaseong-si,경기도,MEDIT00016,ANITY00007
CT비와 판독료 10kg,강원특별자치도,춘천시,497000,562750,562750,628500,ANITY00007,42,42,13,MEDIT00016,Gangwon-Chuncheon-si,강원특별자치도,MEDIT00016,ANITY00007
CT비와 판독료 10kg,충청북도,청주시,349300,500000,533100,750000,ANITY00007,43,43,232,MEDIT00016,Chungbuk-Cheongju-si,충청북도,MEDIT00016,ANITY00007
CT비와 판독료 10kg,충청남도,천안시,550000,569000,647000,900000,ANITY00007,44,44,218,MEDIT00016,Chungnam-Cheonan-si,충청남도,MEDIT00016,ANITY00007
CT비와 판독료 10kg,전북특별자치도,전주시,430000,600000,556667,640000,ANITY00007,45,45,201,MEDIT00016,Jeonbuk-Jeonju-si,전북특별자치도,MEDIT00016,ANITY00007
CT비와 판독료 10kg,경상북도,포항시,500000,800000,700000,800000,ANITY00007,47,47,87,MEDIT00016,Gyeongbuk-Pohang-si,경상북도,MEDIT00016,ANITY00007
CT비와 판독료 10kg,경상남도,양산시,462000,525525,525525,589050,ANITY00007,48,48,58,MEDIT00016,Gyeongnam-Yangsan-si,경상남도,MEDIT00016,ANITY00007
CT비와 판독료 10kg,경상남도,창원시,440000,450000,463333,500000,ANITY00007,48,48,62,MEDIT00016,Gyeongnam-Changwon-si,경상남도,MEDIT00016,ANITY00007
CT비와 판독료 10kg,제주특별자치도,제주시,400000,450000,556667,820000,ANITY00007,50,50,205,MEDIT00016,Jeju-Jeju-si,제주특별자치도,MEDIT00016,ANITY00007
CT비와 판독료 20kg,서울특별시,강남구,450000,725000,716250,1100000,ANITY00008,11,11,128,MEDIT00016,seoul-Gangnam-gu,서울특별시,MEDIT00016,ANITY00008
CT비와 판독료 20kg,서울특별시,강서구,460000,500000,503333,550000,ANITY00008,11,11,131,MEDIT00016,seoul-Gangseo-gu,서울특별시,MEDIT00016,ANITY00008
CT비와 판독료 20kg,서울특별시,광진구,500000,525000,525000,550000,ANITY00008,11,11,133,MEDIT00016,seoul-Gwangjin-gu,서울특별시,MEDIT00016,ANITY00008
CT비와 판독료 20kg,서울특별시,노원구,700000,740000,740000,780000,ANITY00008,11,11,136,MEDIT00016,seoul-Nowon-gu,서울특별시,MEDIT00016,ANITY00008
CT비와 판독료 20kg,서울특별시,동대문구,600000,685000,685000,770000,ANITY00008,11,11,138,MEDIT00016,seoul-Dongdaemun-gu,서울특별시,MEDIT00016,ANITY00008
CT비와 판독료 20kg,서울특별시,마포구,660000,660000,676933,710800,ANITY00008,11,11,140,MEDIT00016,seoul-Mapo-gu,서울특별시,MEDIT00016,ANITY00008
CT비와 판독료 20kg,서울특별시,서초구,440000,545000,545000,650000,ANITY00008,11,11,142,MEDIT00016,seoul-Seocho-gu,서울특별시,MEDIT00016,ANITY00008
CT비와 판독료 20kg,서울특별시,송파구,380000,600000,606000,750000,ANITY00008,11,11,145,MEDIT00016,seoul-Songpa-gu,서울특별시,MEDIT00016,ANITY00008
CT비와 판독료 20kg,서울특별시,양천구,649000,660000,703000,800000,ANITY00008,11,11,146,MEDIT00016,seoul-Yangcheon-gu,서울특별시,MEDIT00016,ANITY00008
CT비와 판독료 20kg,서울특별시,중구,700000,800000,760000,800000,ANITY00008,11,11,151,MEDIT00016,seoul-jung-gu,서울특별시,MEDIT00016,ANITY00008
CT비와 판독료 20kg,부산광역시,남구,400000,450000,490000,650000,ANITY00008,26,26,114,MEDIT00016,Busan-Nam-gu,부산광역시,MEDIT00016,ANITY00008
CT비와 판독료 20kg,부산광역시,연제구,550000,675000,675000,800000,ANITY00008,26,26,123,MEDIT00016,Busan-Yeonje-gu,부산광역시,MEDIT00016,ANITY00008
CT비와 판독료 20kg,대구광역시,달서구,550000,800000,735714,800000,ANITY00008,27,27,97,MEDIT00016,Daegu-Dalseo-gu,대구광역시,MEDIT00016,ANITY00008
CT비와 판독료 20kg,대구광역시,북구,500000,600000,600000,700000,ANITY00008,27,27,100,MEDIT00016,Daegu-Buk-gu,대구광역시,MEDIT00016,ANITY00008
CT비와 판독료 20kg,대구광역시,수성구,650000,750000,758333,900000,ANITY00008,27,27,102,MEDIT00016,Daegu-Suseong-gu,대구광역시,MEDIT00016,ANITY00008
CT비와 판독료 20kg,인천광역시,부평구,600000,650000,650000,700000,ANITY00008,28,28,167,MEDIT00016,Incheon-Bupyeong-gu,인천광역시,MEDIT00016,ANITY00008
CT비와 판독료 20kg,인천광역시,서구,600000,625000,625000,650000,ANITY00008,28,28,168,MEDIT00016,Incheon-Seo-gu,인천광역시,MEDIT00016,ANITY00008
CT비와 판독료 20kg,인천광역시,연수구,650000,725000,701667,730000,ANITY00008,28,28,169,MEDIT00016,Incheon-Yeonsu-gu,인천광역시,MEDIT00016,ANITY00008
CT비와 판독료 20kg,광주광역시,광산구,550000,600000,640000,770000,ANITY00008,29,29,89,MEDIT00016,Gwangju-Gwangsan-gu,광주광역시,MEDIT00016,ANITY00008
CT비와 판독료 20kg,광주광역시,남구,550000,1025000,1025000,1500000,ANITY00008,29,29,90,MEDIT00016,Gwangju-Nam-gu,광주광역시,MEDIT00016,ANITY00008
CT비와 판독료 20kg,대전광역시,서구,700000,800000,766667,800000,ANITY00008,30,30,107,MEDIT00016,Daejeon-Seo-gu,대전광역시,MEDIT00016,ANITY00008
CT비와 판독료 20kg,대전광역시,유성구,473000,536500,536500,600000,ANITY00008,30,30,108,MEDIT00016,Daejeon-Yuseong-gu,대전광역시,MEDIT00016,ANITY00008
CT비와 판독료 20kg,울산광역시,남구,630000,630000,636667,650000,ANITY00008,31,31,156,MEDIT00016,Ulsan-Nam-gu,울산광역시,MEDIT00016,ANITY00008
CT비와 판독료 20kg,경기도,고양시,600000,800000,763125,945000,ANITY00008,41,41,20,MEDIT00016,Gyeonggi-Goyang-si,경기도,MEDIT00016,ANITY00008
CT비와 판독료 20kg,경기도,광주시,600000,650000,650000,700000,ANITY00008,41,41,23,MEDIT00016,Gyeonggi-Gwangju-si,경기도,MEDIT00016,ANITY00008
CT비와 판독료 20kg,경기도,군포시,750000,774657,808219,900000,ANITY00008,41,41,25,MEDIT00016,Gyeonggi-Gunpo,경기도,MEDIT00016,ANITY00008
CT비와 판독료 20kg,경기도,김포시,800000,800000,800000,800000,ANITY00008,41,41,26,MEDIT00016,Gyeonggi-Gimpo-si,경기도,MEDIT00016,ANITY00008
CT비와 판독료 20kg,경기도,남양주시,600000,650000,716667,900000,ANITY00008,41,41,27,MEDIT00016,Gyeonggi-Namyangju-si,경기도,MEDIT00016,ANITY00008
CT비와 판독료 20kg,경기도,부천시,350000,550000,605833,900000,ANITY00008,41,41,29,MEDIT00016,Gyeonggi-Bucheon,경기도,MEDIT00016,ANITY00008
CT비와 판독료 20kg,경기도,성남시,483000,800000,775889,1000000,ANITY00008,41,41,30,MEDIT00016,Gyeonggi-Seongnam,경기도,MEDIT00016,ANITY00008
CT비와 판독료 20kg,경기도,수원시,400000,615000,639167,935000,ANITY00008,41,41,31,MEDIT00016,Gyeonggi-Suwon-si,경기도,MEDIT00016,ANITY00008
CT비와 판독료 20kg,경기도,시흥시,784000,832000,832000,880000,ANITY00008,41,41,32,MEDIT00016,Gyeonggi-Siheung,경기도,MEDIT00016,ANITY00008
CT비와 판독료 20kg,경기도,안산시,600000,600000,633333,700000,ANITY00008,41,41,33,MEDIT00016,Gyeonggi-Ansan,경기도,MEDIT00016,ANITY00008
CT비와 판독료 20kg,경기도,안양시,360000,700000,652000,800000,ANITY00008,41,41,35,MEDIT00016,Gyeonggi-Anyang,경기도,MEDIT00016,ANITY00008
CT비와 판독료 20kg,경기도,의정부시,650000,700000,700000,750000,ANITY00008,41,41,42,MEDIT00016,Gyeonggi-Uijeongbu-si,경기도,MEDIT00016,ANITY00008
CT비와 판독료 20kg,경기도,평택시,495000,800000,698333,800000,ANITY00008,41,41,45,MEDIT00016,Gyeonggi-Pyeongtaek-si,경기도,MEDIT00016,ANITY00008
CT비와 판독료 20kg,경기도,화성시,630000,740000,740000,850000,ANITY00008,41,41,48,MEDIT00016,Gyeonggi-Hwaseong-si,경기도,MEDIT00016,ANITY00008
CT비와 판독료 20kg,강원특별자치도,춘천시,517000,612125,612125,707250,ANITY00008,42,42,13,MEDIT00016,Gangwon-Chuncheon-si,강원특별자치도,MEDIT00016,ANITY00008
CT비와 판독료 20kg,충청북도,청주시,349300,630000,609767,850000,ANITY00008,43,43,232,MEDIT00016,Chungbuk-Cheongju-si,충청북도,MEDIT00016,ANITY00008
CT비와 판독료 20kg,충청남도,천안시,784000,850000,921000,1200000,ANITY00008,44,44,218,MEDIT00016,Chungnam-Cheonan-si,충청남도,MEDIT00016,ANITY00008
CT비와 판독료 20kg,전북특별자치도,전주시,430000,700000,616667,720000,ANITY00008,45,45,201,MEDIT00016,Jeonbuk-Jeonju-si,전북특별자치도,MEDIT00016,ANITY00008
CT비와 판독료 20kg,경상북도,구미시,450000,475000,475000,500000,ANITY00008,47,47,72,MEDIT00016,Gyeongbuk-Gumi-si,경상북도,MEDIT00016,ANITY00008
CT비와 판독료 20kg,경상북도,포항시,630000,900000,810000,900000,ANITY00008,47,47,87,MEDIT00016,Gyeongbuk-Pohang-si,경상북도,MEDIT00016,ANITY00008
CT비와 판독료 20kg,경상남도,양산시,572000,648230,648230,724460,ANITY00008,48,48,58,MEDIT00016,Gyeongnam-Yangsan-si,경상남도,MEDIT00016,ANITY00008
CT비와 판독료 20kg,경상남도,창원시,550000,600000,585000,605000,ANITY00008,48,48,62,MEDIT00016,Gyeongnam-Changwon-si,경상남도,MEDIT00016,ANITY00008
CT비와 판독료 20kg,제주특별자치도,제주시,450000,450000,606667,920000,ANITY00008,50,50,205,MEDIT00016,Jeju-Jeju-si,제주특별자치도,MEDIT00016,ANITY00008
MRI비와 판독료 5kg,서울특별시,강남구,600000,850000,792000,910000,ANITY00006,11,11,128,MEDIT00017,seoul-Gangnam-gu,서울특별시,MEDIT00017,ANITY00006
MRI비와 판독료 5kg,서울특별시,마포구,819400,880000,859800,880000,ANITY00006,11,11,140,MEDIT00017,seoul-Mapo-gu,서울특별시,MEDIT00017,ANITY00006
MRI비와 판독료 5kg,서울특별시,송파구,800000,825000,825000,850000,ANITY00006,11,11,145,MEDIT00017,seoul-Songpa-gu,서울특별시,MEDIT00017,ANITY00006
MRI비와 판독료 5kg,서울특별시,양천구,850000,865000,865000,880000,ANITY00006,11,11,146,MEDIT00017,seoul-Yangcheon-gu,서울특별시,MEDIT00017,ANITY00006
MRI비와 판독료 5kg,서울특별시,중구,650000,900000,800000,900000,ANITY00006,11,11,151,MEDIT00017,seoul-jung-gu,서울특별시,MEDIT00017,ANITY00006
MRI비와 판독료 5kg,부산광역시,금정구,500000,600000,600000,700000,ANITY00006,26,26,112,MEDIT00017,Busan-Geumjeong-gu,부산광역시,MEDIT00017,ANITY00006
MRI비와 판독료 5kg,부산광역시,남구,450000,500000,525000,650000,ANITY00006,26,26,114,MEDIT00017,Busan-Nam-gu,부산광역시,MEDIT00017,ANITY00006
MRI비와 판독료 5kg,부산광역시,동래구,605000,605000,703333,900000,ANITY00006,26,26,116,MEDIT00017,Busan-Dongrae-gu,부산광역시,MEDIT00017,ANITY00006
MRI비와 판독료 5kg,부산광역시,연제구,700000,700000,700000,700000,ANITY00006,26,26,123,MEDIT00017,Busan-Yeonje-gu,부산광역시,MEDIT00017,ANITY00006
MRI비와 판독료 5kg,대구광역시,달서구,800000,800000,800000,800000,ANITY00006,27,27,97,MEDIT00017,Daegu-Dalseo-gu,대구광역시,MEDIT00017,ANITY00006
MRI비와 판독료 5kg,대구광역시,북구,700000,700000,700000,700000,ANITY00006,27,27,100,MEDIT00017,Daegu-Buk-gu,대구광역시,MEDIT00017,ANITY00006
MRI비와 판독료 5kg,대구광역시,수성구,800000,800000,833333,900000,ANITY00006,27,27,102,MEDIT00017,Daegu-Suseong-gu,대구광역시,MEDIT00017,ANITY00006
MRI비와 판독료 5kg,광주광역시,광산구,750000,775000,775000,800000,ANITY00006,29,29,89,MEDIT00017,Gwangju-Gwangsan-gu,광주광역시,MEDIT00017,ANITY00006
MRI비와 판독료 5kg,대전광역시,서구,600000,800000,733333,800000,ANITY00006,30,30,107,MEDIT00017,Daejeon-Seo-gu,대전광역시,MEDIT00017,ANITY00006
MRI비와 판독료 5kg,대전광역시,유성구,616000,758000,758000,900000,ANITY00006,30,30,108,MEDIT00017,Daejeon-Yuseong-gu,대전광역시,MEDIT00017,ANITY00006
MRI비와 판독료 5kg,울산광역시,남구,600000,645500,645500,691000,ANITY00006,31,31,156,MEDIT00017,Ulsan-Nam-gu,울산광역시,MEDIT00017,ANITY00006
MRI비와 판독료 5kg,경기도,고양시,800000,850000,849000,945000,ANITY00006,41,41,20,MEDIT00017,Gyeonggi-Goyang-si,경기도,MEDIT00017,ANITY00006
MRI비와 판독료 5kg,경기도,성남시,650000,800000,790000,900000,ANITY00006,41,41,30,MEDIT00017,Gyeonggi-Seongnam,경기도,MEDIT00017,ANITY00006
MRI비와 판독료 5kg,경기도,수원시,400000,755000,690000,850000,ANITY00006,41,41,31,MEDIT00017,Gyeonggi-Suwon-si,경기도,MEDIT00017,ANITY00006
MRI비와 판독료 5kg,경기도,안양시,750000,875000,875000,1000000,ANITY00006,41,41,35,MEDIT00017,Gyeonggi-Anyang,경기도,MEDIT00017,ANITY00006
MRI비와 판독료 5kg,경기도,의정부시,600000,625000,625000,650000,ANITY00006,41,41,42,MEDIT00017,Gyeonggi-Uijeongbu-si,경기도,MEDIT00017,ANITY00006
MRI비와 판독료 5kg,충청북도,청주시,465800,610000,658600,900000,ANITY00006,43,43,232,MEDIT00017,Chungbuk-Cheongju-si,충청북도,MEDIT00017,ANITY00006
MRI비와 판독료 5kg,충청남도,천안시,784000,800000,801000,820000,ANITY00006,44,44,218,MEDIT00017,Chungnam-Cheonan-si,충청남도,MEDIT00017,ANITY00006
MRI비와 판독료 5kg,전북특별자치도,전주시,700000,775000,775000,850000,ANITY00006,45,45,201,MEDIT00017,Jeonbuk-Jeonju-si,전북특별자치도,MEDIT00017,ANITY00006
MRI비와 판독료 5kg,경상남도,창원시,500000,550000,550000,600000,ANITY00006,48,48,62,MEDIT00017,Gyeongnam-Changwon-si,경상남도,MEDIT00017,ANITY00006
MRI비와 판독료 5kg,제주특별자치도,제주시,600000,850000,850000,1100000,ANITY00006,50,50,205,MEDIT00017,Jeju-Jeju-si,제주특별자치도,MEDIT00017,ANITY00006
MRI비와 판독료 10kg,서울특별시,강남구,750000,930000,896000,950000,ANITY00007,11,11,128,MEDIT00017,seoul-Gangnam-gu,서울특별시,MEDIT00017,ANITY00007
MRI비와 판독료 10kg,서울특별시,노원구,750000,750000,750000,750000,ANITY00007,11,11,136,MEDIT00017,seoul-Nowon-gu,서울특별시,MEDIT00017,ANITY00007
MRI비와 판독료 10kg,서울특별시,마포구,874100,880000,878033,880000,ANITY00007,11,11,140,MEDIT00017,seoul-Mapo-gu,서울특별시,MEDIT00017,ANITY00007
MRI비와 판독료 10kg,서울특별시,송파구,900000,900000,900000,900000,ANITY00007,11,11,145,MEDIT00017,seoul-Songpa-gu,서울특별시,MEDIT00017,ANITY00007
MRI비와 판독료 10kg,서울특별시,양천구,850000,865000,865000,880000,ANITY00007,11,11,146,MEDIT00017,seoul-Yangcheon-gu,서울특별시,MEDIT00017,ANITY00007
MRI비와 판독료 10kg,서울특별시,중구,700000,900000,820000,900000,ANITY00007,11,11,151,MEDIT00017,seoul-jung-gu,서울특별시,MEDIT00017,ANITY00007
MRI비와 판독료 10kg,부산광역시,남구,500000,525000,575000,750000,ANITY00007,26,26,114,MEDIT00017,Busan-Nam-gu,부산광역시,MEDIT00017,ANITY00007
MRI비와 판독료 10kg,대구광역시,달서구,800000,900000,860000,900000,ANITY00007,27,27,97,MEDIT00017,Daegu-Dalseo-gu,대구광역시,MEDIT00017,ANITY00007
MRI비와 판독료 10kg,대구광역시,북구,700000,700000,700000,700000,ANITY00007,27,27,100,MEDIT00017,Daegu-Buk-gu,대구광역시,MEDIT00017,ANITY00007
MRI비와 판독료 10kg,대구광역시,수성구,900000,900000,933333,1000000,ANITY00007,27,27,102,MEDIT00017,Daegu-Suseong-gu,대구광역시,MEDIT00017,ANITY00007
MRI비와 판독료 10kg,광주광역시,광산구,750000,775000,775000,800000,ANITY00007,29,29,89,MEDIT00017,Gwangju-Gwangsan-gu,광주광역시,MEDIT00017,ANITY00007
MRI비와 판독료 10kg,대전광역시,서구,600000,800000,733333,800000,ANITY00007,30,30,107,MEDIT00017,Daejeon-Seo-gu,대전광역시,MEDIT00017,ANITY00007
MRI비와 판독료 10kg,대전광역시,유성구,638000,769000,769000,900000,ANITY00007,30,30,108,MEDIT00017,Daejeon-Yuseong-gu,대전광역시,MEDIT00017,ANITY00007
MRI비와 판독료 10kg,울산광역시,남구,600000,645500,645500,691000,ANITY00007,31,31,156,MEDIT00017,Ulsan-Nam-gu,울산광역시,MEDIT00017,ANITY00007
MRI비와 판독료 10kg,경기도,고양시,800000,850000,879500,997500,ANITY00007,41,41,20,MEDIT00017,Gyeonggi-Goyang-si,경기도,MEDIT00017,ANITY00007
MRI비와 판독료 10kg,경기도,성남시,700000,900000,880000,1000000,ANITY00007,41,41,30,MEDIT00017,Gyeonggi-Seongnam,경기도,MEDIT00017,ANITY00007
MRI비와 판독료 10kg,경기도,수원시,500000,755000,740000,950000,ANITY00007,41,41,31,MEDIT00017,Gyeonggi-Suwon-si,경기도,MEDIT00017,ANITY00007
MRI비와 판독료 10kg,경기도,안양시,800000,900000,900000,1000000,ANITY00007,41,41,35,MEDIT00017,Gyeonggi-Anyang,경기도,MEDIT00017,ANITY00007
MRI비와 판독료 10kg,경기도,의정부시,650000,700000,700000,750000,ANITY00007,41,41,42,MEDIT00017,Gyeonggi-Uijeongbu-si,경기도,MEDIT00017,ANITY00007
MRI비와 판독료 10kg,충청북도,청주시,465800,610000,691933,1000000,ANITY00007,43,43,232,MEDIT00017,Chungbuk-Cheongju-si,충청북도,MEDIT00017,ANITY00007
MRI비와 판독료 10kg,충청남도,천안시,800000,900000,950000,1200000,ANITY00007,44,44,218,MEDIT00017,Chungnam-Cheonan-si,충청남도,MEDIT00017,ANITY00007
MRI비와 판독료 10kg,전북특별자치도,전주시,700000,800000,800000,900000,ANITY00007,45,45,201,MEDIT00017,Jeonbuk-Jeonju-si,전북특별자치도,MEDIT00017,ANITY00007
MRI비와 판독료 10kg,경상남도,창원시,600000,650000,650000,700000,ANITY00007,48,48,62,MEDIT00017,Gyeongnam-Changwon-si,경상남도,MEDIT00017,ANITY00007
MRI비와 판독료 10kg,제주특별자치도,제주시,700000,900000,900000,1100000,ANITY00007,50,50,205,MEDIT00017,Jeju-Jeju-si,제주특별자치도,MEDIT00017,ANITY00007
MRI비와 판독료 20kg,서울특별시,강남구,900000,1050000,1006000,1100000,ANITY00008,11,11,128,MEDIT00017,seoul-Gangnam-gu,서울특별시,MEDIT00017,ANITY00008
MRI비와 판독료 20kg,서울특별시,마포구,880000,880000,896233,928700,ANITY00008,11,11,140,MEDIT00017,seoul-Mapo-gu,서울특별시,MEDIT00017,ANITY00008
MRI비와 판독료 20kg,서울특별시,송파구,950000,975000,975000,1000000,ANITY00008,11,11,145,MEDIT00017,seoul-Songpa-gu,서울특별시,MEDIT00017,ANITY00008
MRI비와 판독료 20kg,서울특별시,양천구,935000,992500,992500,1050000,ANITY00008,11,11,146,MEDIT00017,seoul-Yangcheon-gu,서울특별시,MEDIT00017,ANITY00008
MRI비와 판독료 20kg,서울특별시,중구,850000,950000,910000,950000,ANITY00008,11,11,151,MEDIT00017,seoul-jung-gu,서울특별시,MEDIT00017,ANITY00008
MRI비와 판독료 20kg,부산광역시,남구,545000,597500,647500,850000,ANITY00008,26,26,114,MEDIT00017,Busan-Nam-gu,부산광역시,MEDIT00017,ANITY00008
MRI비와 판독료 20kg,대구광역시,달서구,900000,1000000,960000,1000000,ANITY00008,27,27,97,MEDIT00017,Daegu-Dalseo-gu,대구광역시,MEDIT00017,ANITY00008
MRI비와 판독료 20kg,대구광역시,북구,800000,800000,800000,800000,ANITY00008,27,27,100,MEDIT00017,Daegu-Buk-gu,대구광역시,MEDIT00017,ANITY00008
MRI비와 판독료 20kg,대구광역시,수성구,1000000,1000000,1033333,1100000,ANITY00008,27,27,102,MEDIT00017,Daegu-Suseong-gu,대구광역시,MEDIT00017,ANITY00008
MRI비와 판독료 20kg,광주광역시,광산구,750000,775000,775000,800000,ANITY00008,29,29,89,MEDIT00017,Gwangju-Gwangsan-gu,광주광역시,MEDIT00017,ANITY00008
MRI비와 판독료 20kg,대전광역시,서구,900000,900000,900000,900000,ANITY00008,30,30,107,MEDIT00017,Daejeon-Seo-gu,대전광역시,MEDIT00017,ANITY00008
MRI비와 판독료 20kg,대전광역시,유성구,660000,930000,930000,1200000,ANITY00008,30,30,108,MEDIT00017,Daejeon-Yuseong-gu,대전광역시,MEDIT00017,ANITY00008
MRI비와 판독료 20kg,울산광역시,남구,650000,687250,687250,724500,ANITY00008,31,31,156,MEDIT00017,Ulsan-Nam-gu,울산광역시,MEDIT00017,ANITY00008
MRI비와 판독료 20kg,경기도,고양시,800000,1050000,1000000,1100000,ANITY00008,41,41,20,MEDIT00017,Gyeonggi-Goyang-si,경기도,MEDIT00017,ANITY00008
MRI비와 판독료 20kg,경기도,성남시,900000,1000000,1000000,1100000,ANITY00008,41,41,30,MEDIT00017,Gyeonggi-Seongnam,경기도,MEDIT00017,ANITY00008
MRI비와 판독료 20kg,경기도,수원시,650000,832500,841250,1050000,ANITY00008,41,41,31,MEDIT00017,Gyeonggi-Suwon-si,경기도,MEDIT00017,ANITY00008
MRI비와 판독료 20kg,경기도,안양시,850000,1125000,1125000,1400000,ANITY00008,41,41,35,MEDIT00017,Gyeonggi-Anyang,경기도,MEDIT00017,ANITY00008
MRI비와 판독료 20kg,경기도,의정부시,800000,800000,800000,800000,ANITY00008,41,41,42,MEDIT00017,Gyeonggi-Uijeongbu-si,경기도,MEDIT00017,ANITY00008
MRI비와 판독료 20kg,충청북도,청주시,465800,740000,835267,1300000,ANITY00008,43,43,232,MEDIT00017,Chungbuk-Cheongju-si,충청북도,MEDIT00017,ANITY00008
MRI비와 판독료 20kg,충청남도,천안시,1000000,1088000,1194000,1600000,ANITY00008,44,44,218,MEDIT00017,Chungnam-Cheonan-si,충청남도,MEDIT00017,ANITY00008
MRI비와 판독료 20kg,전북특별자치도,전주시,700000,825000,825000,950000,ANITY00008,45,45,201,MEDIT00017,Jeonbuk-Jeonju-si,전북특별자치도,MEDIT00017,ANITY00008
MRI비와 판독료 20kg,경상남도,창원시,700000,750000,750000,800000,ANITY00008,48,48,62,MEDIT00017,Gyeongnam-Changwon-si,경상남도,MEDIT00017,ANITY00008
MRI비와 판독료 20kg,제주특별자치도,제주시,800000,950000,950000,1100000,ANITY00008,50,50,205,MEDIT00017,Jeju-Jeju-si,제주특별자치도,MEDIT00017,ANITY00008
심장사상충 예방비,서울특별시,강남구,9000,21000,19637,32000,ANITY00006,11,11,128,MEDIT00018,seoul-Gangnam-gu,서울특별시,MEDIT00018,
심장사상충 예방비,서울특별시,강동구,2000,19000,16391,25000,ANITY00006,11,11,129,MEDIT00018,seoul-Gangdong-gu,서울특별시,MEDIT00018,
심장사상충 예방비,서울특별시,강북구,7000,10000,14222,23000,ANITY00006,11,11,130,MEDIT00018,seoul-Gangbuk-gu,서울특별시,MEDIT00018,
심장사상충 예방비,서울특별시,강서구,8000,17250,16304,24000,ANITY00006,11,11,131,MEDIT00018,seoul-Gangseo-gu,서울특별시,MEDIT00018,
심장사상충 예방비,서울특별시,관악구,9000,15000,14556,23000,ANITY00006,11,11,132,MEDIT00018,seoul-Gwanak-gu,서울특별시,MEDIT00018,
심장사상충 예방비,서울특별시,광진구,9000,16250,16429,25740,ANITY00006,11,11,133,MEDIT00018,seoul-Gwangjin-gu,서울특별시,MEDIT00018,
심장사상충 예방비,서울특별시,구로구,8000,16500,16037,23000,ANITY00006,11,11,134,MEDIT00018,seoul-Guro-gu,서울특별시,MEDIT00018,
심장사상충 예방비,서울특별시,금천구,5000,16000,15781,28000,ANITY00006,11,11,135,MEDIT00018,seoul-Geumcheon-gu,서울특별시,MEDIT00018,
심장사상충 예방비,서울특별시,노원구,5000,10000,15171,85000,ANITY00006,11,11,136,MEDIT00018,seoul-Nowon-gu,서울특별시,MEDIT00018,
심장사상충 예방비,서울특별시,도봉구,5000,16750,15813,24000,ANITY00006,11,11,137,MEDIT00018,seoul-Dobong-gu,서울특별시,MEDIT00018,
심장사상충 예방비,서울특별시,동대문구,6000,13000,15161,23000,ANITY00006,11,11,138,MEDIT00018,seoul-Dongdaemun-gu,서울특별시,MEDIT00018,
심장사상충 예방비,서울특별시,동작구,7500,10000,13143,23000,ANITY00006,11,11,139,MEDIT00018,seoul-Dongjak-gu,서울특별시,MEDIT00018,
심장사상충 예방비,서울특별시,마포구,2500,18000,17118,25000,ANITY00006,11,11,140,MEDIT00018,seoul-Mapo-gu,서울특별시,MEDIT00018,
심장사상충 예방비,서울특별시,서대문구,8000,10000,13795,23000,ANITY00006,11,11,141,MEDIT00018,seoul-Seodaemun-gu,서울특별시,MEDIT00018,
심장사상충 예방비,서울특별시,서초구,9000,17500,16670,24000,ANITY00006,11,11,142,MEDIT00018,seoul-Seocho-gu,서울특별시,MEDIT00018,
심장사상충 예방비,서울특별시,성동구,9000,18000,16570,23000,ANITY00006,11,11,143,MEDIT00018,seoul-Seongdong-gu,서울특별시,MEDIT00018,
심장사상충 예방비,서울특별시,성북구,8000,10000,14691,30000,ANITY00006,11,11,144,MEDIT00018,seoul-Seongbuk-gu,서울특별시,MEDIT00018,
심장사상충 예방비,서울특별시,송파구,9000,21000,19625,80000,ANITY00006,11,11,145,MEDIT00018,seoul-Songpa-gu,서울특별시,MEDIT00018,
심장사상충 예방비,서울특별시,양천구,8000,17500,19557,90000,ANITY00006,11,11,146,MEDIT00018,seoul-Yangcheon-gu,서울특별시,MEDIT00018,
심장사상충 예방비,서울특별시,영등포구,8000,14500,14550,25300,ANITY00006,11,11,147,MEDIT00018,seoul-Yeongdeungpo-gu,서울특별시,MEDIT00018,
심장사상충 예방비,서울특별시,용산구,10000,14000,16692,40000,ANITY00006,11,11,148,MEDIT00018,seoul-Yongsan-gu,서울특별시,MEDIT00018,
심장사상충 예방비,서울특별시,은평구,7000,16500,16486,23000,ANITY00006,11,11,149,MEDIT00018,seoul-Eunpyeong-gu,서울특별시,MEDIT00018,
심장사상충 예방비,서울특별시,종로구,9000,10000,20700,80000,ANITY00006,11,11,150,MEDIT00018,seoul-Jongno-gu,서울특별시,MEDIT00018,
심장사상충 예방비,서울특별시,중구,9000,18500,18143,40000,ANITY00006,11,11,151,MEDIT00018,seoul-jung-gu,서울특별시,MEDIT00018,
심장사상충 예방비,서울특별시,중랑구,9000,10000,13786,23000,ANITY00006,11,11,152,MEDIT00018,seoul-Jungnang-gu,서울특별시,MEDIT00018,
심장사상충 예방비,부산광역시,강서구,16000,21000,19955,25000,ANITY00006,26,26,111,MEDIT00018,Busan-Gangseo-gu,부산광역시,MEDIT00018,
심장사상충 예방비,부산광역시,금정구,8000,15500,20300,80000,ANITY00006,26,26,112,MEDIT00018,Busan-Geumjeong-gu,부산광역시,MEDIT00018,
심장사상충 예방비,부산광역시,기장군,5500,15000,15423,23000,ANITY00006,26,26,113,MEDIT00018,Busan-Gijang-gun,부산광역시,MEDIT00018,
심장사상충 예방비,부산광역시,남구,5000,20000,20900,80000,ANITY00006,26,26,114,MEDIT00018,Busan-Nam-gu,부산광역시,MEDIT00018,
심장사상충 예방비,부산광역시,동구,18000,20000,20250,23000,ANITY00006,26,26,115,MEDIT00018,Busan-Dong-gu,부산광역시,MEDIT00018,
심장사상충 예방비,부산광역시,동래구,5000,16500,16556,22000,ANITY00006,26,26,116,MEDIT00018,Busan-Dongrae-gu,부산광역시,MEDIT00018,
심장사상충 예방비,부산광역시,부산진구,8000,16750,19033,80000,ANITY00006,26,26,117,MEDIT00018,Busan-Busanjin-gu,부산광역시,MEDIT00018,
심장사상충 예방비,부산광역시,북구,5000,18000,16658,23000,ANITY00006,26,26,118,MEDIT00018,Busan-Buk-gu,부산광역시,MEDIT00018,
심장사상충 예방비,부산광역시,사상구,5000,16000,16545,23000,ANITY00006,26,26,119,MEDIT00018,Busan-Sasang-gu,부산광역시,MEDIT00018,
심장사상충 예방비,부산광역시,사하구,5000,15500,15028,23000,ANITY00006,26,26,120,MEDIT00018,Busan-Saha-gu,부산광역시,MEDIT00018,
심장사상충 예방비,부산광역시,서구,5000,8000,11800,21000,ANITY00006,26,26,121,MEDIT00018,Busan-Seo-gu,부산광역시,MEDIT00018,
심장사상충 예방비,부산광역시,수영구,6000,18000,17619,25000,ANITY00006,26,26,122,MEDIT00018,Busan-Suyeong-gu,부산광역시,MEDIT00018,
심장사상충 예방비,부산광역시,연제구,5000,16500,15867,25000,ANITY00006,26,26,123,MEDIT00018,Busan-Yeonje-gu,부산광역시,MEDIT00018,
심장사상충 예방비,부산광역시,영도구,8000,23000,37000,80000,ANITY00006,26,26,124,MEDIT00018,Busan-Yeongdo-gu,부산광역시,MEDIT00018,
심장사상충 예방비,부산광역시,중구,5000,5000,6333,9000,ANITY00006,26,26,125,MEDIT00018,Busan-Jung-gu,부산광역시,MEDIT00018,
심장사상충 예방비,부산광역시,해운대구,5000,18000,17644,24000,ANITY00006,26,26,126,MEDIT00018,Busan-Haeundae-gu,부산광역시,MEDIT00018,
심장사상충 예방비,대구광역시,남구,5000,22000,18222,23000,ANITY00006,27,27,96,MEDIT00018,Daegu-Nam-gu,대구광역시,MEDIT00018,
심장사상충 예방비,대구광역시,달서구,5000,18000,17817,23000,ANITY00006,27,27,97,MEDIT00018,Daegu-Dalseo-gu,대구광역시,MEDIT00018,
심장사상충 예방비,대구광역시,달성군,5000,16000,15600,23000,ANITY00006,27,27,98,MEDIT00018,Daegu-Dal-Sung-gun,대구광역시,MEDIT00018,
심장사상충 예방비,대구광역시,동구,5000,10000,12895,23000,ANITY00006,27,27,99,MEDIT00018,Daegu-Dong-gu,대구광역시,MEDIT00018,
심장사상충 예방비,대구광역시,북구,3000,18000,18741,80000,ANITY00006,27,27,100,MEDIT00018,Daegu-Buk-gu,대구광역시,MEDIT00018,
심장사상충 예방비,대구광역시,서구,5000,15000,15318,23000,ANITY00006,27,27,101,MEDIT00018,Daegu-Seo-gu,대구광역시,MEDIT00018,
심장사상충 예방비,대구광역시,수성구,5000,16500,18054,80000,ANITY00006,27,27,102,MEDIT00018,Daegu-Suseong-gu,대구광역시,MEDIT00018,
심장사상충 예방비,대구광역시,중구,15000,18900,18718,23000,ANITY00006,27,27,103,MEDIT00018,Daegu-Jung-gu,대구광역시,MEDIT00018,
심장사상충 예방비,인천광역시,강화군,3000,25000,28167,80000,ANITY00006,28,28,162,MEDIT00018,Incheon-Ganghwa-gun,인천광역시,MEDIT00018,
심장사상충 예방비,인천광역시,계양구,7000,14000,15933,24000,ANITY00006,28,28,163,MEDIT00018,Incheon-Gyeyang-gu,인천광역시,MEDIT00018,
심장사상충 예방비,인천광역시,남동구,5000,18000,16250,24500,ANITY00006,28,28,164,MEDIT00018,Incheon-Namdong-gu,인천광역시,MEDIT00018,
심장사상충 예방비,인천광역시,동구,16000,18000,18000,20000,ANITY00006,28,28,165,MEDIT00018,Incheon-Dong-gu,인천광역시,MEDIT00018,
심장사상충 예방비,인천광역시,미추홀구,7000,18000,16435,23000,ANITY00006,28,28,166,MEDIT00018,Incheon-Michuhol-gu,인천광역시,MEDIT00018,
심장사상충 예방비,인천광역시,부평구,5000,16250,15172,23000,ANITY00006,28,28,167,MEDIT00018,Incheon-Bupyeong-gu,인천광역시,MEDIT00018,
심장사상충 예방비,인천광역시,서구,4000,19250,17327,24500,ANITY00006,28,28,168,MEDIT00018,Incheon-Seo-gu,인천광역시,MEDIT00018,
심장사상충 예방비,인천광역시,연수구,9000,21000,18988,24000,ANITY00006,28,28,169,MEDIT00018,Incheon-Yeonsu-gu,인천광역시,MEDIT00018,
심장사상충 예방비,인천광역시,중구,5000,10000,14778,23000,ANITY00006,28,28,170,MEDIT00018,Incheon-Jung-gu,인천광역시,MEDIT00018,
심장사상충 예방비,광주광역시,광산구,6000,15500,17617,80000,ANITY00006,29,29,89,MEDIT00018,Gwangju-Gwangsan-gu,광주광역시,MEDIT00018,
심장사상충 예방비,광주광역시,남구,7000,10000,14789,24000,ANITY00006,29,29,90,MEDIT00018,Gwangju-Nam-gu,광주광역시,MEDIT00018,
심장사상충 예방비,광주광역시,동구,9000,10000,14000,25000,ANITY00006,29,29,91,MEDIT00018,Gwangju-Dong-gu,광주광역시,MEDIT00018,
심장사상충 예방비,광주광역시,북구,5000,12000,15336,40000,ANITY00006,29,29,92,MEDIT00018,Gwangju-Buk-gu,광주광역시,MEDIT00018,
심장사상충 예방비,광주광역시,서구,9000,16500,16155,23000,ANITY00006,29,29,93,MEDIT00018,Gwangju-Seo-gu,광주광역시,MEDIT00018,
심장사상충 예방비,대전광역시,대덕구,9000,15500,14950,23000,ANITY00006,30,30,105,MEDIT00018,Daejeon-Daedeok-gu,대전광역시,MEDIT00018,
심장사상충 예방비,대전광역시,동구,8000,16000,16031,30000,ANITY00006,30,30,106,MEDIT00018,Daejeon-Dong-gu,대전광역시,MEDIT00018,
심장사상충 예방비,대전광역시,서구,9000,18250,17688,25000,ANITY00006,30,30,107,MEDIT00018,Daejeon-Seo-gu,대전광역시,MEDIT00018,
심장사상충 예방비,대전광역시,유성구,5000,18500,18000,40000,ANITY00006,30,30,108,MEDIT00018,Daejeon-Yuseong-gu,대전광역시,MEDIT00018,
심장사상충 예방비,대전광역시,중구,3000,15000,13733,21000,ANITY00006,30,30,109,MEDIT00018,Daejeon-Jung-gu,대전광역시,MEDIT00018,
심장사상충 예방비,울산광역시,남구,9000,21500,23604,82000,ANITY00006,31,31,156,MEDIT00018,Ulsan-Nam-gu,울산광역시,MEDIT00018,
심장사상충 예방비,울산광역시,동구,9000,16000,16167,23000,ANITY00006,31,31,157,MEDIT00018,Ulsan-Dong-gu,울산광역시,MEDIT00018,
심장사상충 예방비,울산광역시,북구,9000,14000,15111,24000,ANITY00006,31,31,158,MEDIT00018,Ulsan-Buk-gu,울산광역시,MEDIT00018,
심장사상충 예방비,울산광역시,울주군,10000,10500,14750,23000,ANITY00006,31,31,159,MEDIT00018,Ulsan-Ulju-gun,울산광역시,MEDIT00018,
심장사상충 예방비,울산광역시,중구,5000,10000,13417,23000,ANITY00006,31,31,160,MEDIT00018,Ulsan-Jung-gu,울산광역시,MEDIT00018,
심장사상충 예방비,세종특별자치시,세종특별자치시,3000,20000,16850,23000,ANITY00006,36,36,154,MEDIT00018,Sejong-Sejong-si,세종특별자치시,MEDIT00018,
심장사상충 예방비,경기도,가평군,5000,16000,13750,18000,ANITY00006,41,41,19,MEDIT00018,Gyeonggi-Gapyeong-gun,경기도,MEDIT00018,
심장사상충 예방비,경기도,고양시,4000,18000,17124,90000,ANITY00006,41,41,20,MEDIT00018,Gyeonggi-Goyang-si,경기도,MEDIT00018,
심장사상충 예방비,경기도,과천시,9000,17000,16929,23000,ANITY00006,41,41,21,MEDIT00018,Gyeonggi-Gwacheon,경기도,MEDIT00018,
심장사상충 예방비,경기도,광명시,9000,23000,19031,30000,ANITY00006,41,41,22,MEDIT00018,Gyeonggi-Gwangmyeong,경기도,MEDIT00018,
심장사상충 예방비,경기도,광주시,5000,17500,18000,90000,ANITY00006,41,41,23,MEDIT00018,Gyeonggi-Gwangju-si,경기도,MEDIT00018,
심장사상충 예방비,경기도,구리시,9000,14500,15306,23000,ANITY00006,41,41,24,MEDIT00018,Gyeonggi-Guri-si,경기도,MEDIT00018,
심장사상충 예방비,경기도,군포시,9000,16500,16667,23000,ANITY00006,41,41,25,MEDIT00018,Gyeonggi-Gunpo,경기도,MEDIT00018,
심장사상충 예방비,경기도,김포시,5000,22000,19063,80000,ANITY00006,41,41,26,MEDIT00018,Gyeonggi-Gimpo-si,경기도,MEDIT00018,
심장사상충 예방비,경기도,남양주시,5000,12000,15208,28000,ANITY00006,41,41,27,MEDIT00018,Gyeonggi-Namyangju-si,경기도,MEDIT00018,
심장사상충 예방비,경기도,동두천시,5000,16000,15643,23000,ANITY00006,41,41,28,MEDIT00018,Gyeonggi-Dongducheon-si,경기도,MEDIT00018,
심장사상충 예방비,경기도,부천시,6000,16500,15216,25000,ANITY00006,41,41,29,MEDIT00018,Gyeonggi-Bucheon,경기도,MEDIT00018,
심장사상충 예방비,경기도,성남시,4000,18500,17770,80000,ANITY00006,41,41,30,MEDIT00018,Gyeonggi-Seongnam,경기도,MEDIT00018,
심장사상충 예방비,경기도,수원시,3000,17500,16321,25000,ANITY00006,41,41,31,MEDIT00018,Gyeonggi-Suwon-si,경기도,MEDIT00018,
심장사상충 예방비,경기도,시흥시,3000,21000,18044,24500,ANITY00006,41,41,32,MEDIT00018,Gyeonggi-Siheung,경기도,MEDIT00018,
심장사상충 예방비,경기도,안산시,4000,10000,13953,23000,ANITY00006,41,41,33,MEDIT00018,Gyeonggi-Ansan,경기도,MEDIT00018,
심장사상충 예방비,경기도,안성시,5000,10000,14577,23000,ANITY00006,41,41,34,MEDIT00018,Gyeonggi-Anseong-si,경기도,MEDIT00018,
심장사상충 예방비,경기도,안양시,8000,16750,16471,27000,ANITY00006,41,41,35,MEDIT00018,Gyeonggi-Anyang,경기도,MEDIT00018,
심장사상충 예방비,경기도,양주시,2500,21500,17292,23000,ANITY00006,41,41,36,MEDIT00018,Gyeonggi-Yangju-si,경기도,MEDIT00018,
심장사상충 예방비,경기도,양평군,9000,10000,20300,80000,ANITY00006,41,41,37,MEDIT00018,Gyeonggi-Yangpyeong-gun,경기도,MEDIT00018,
심장사상충 예방비,경기도,여주시,5000,22500,18250,23000,ANITY00006,41,41,38,MEDIT00018,Gyeonggi-Yeoju-si,경기도,MEDIT00018,
심장사상충 예방비,경기도,오산시,9800,22000,18331,25000,ANITY00006,41,41,39,MEDIT00018,Gyeonggi-Osan-si,경기도,MEDIT00018,
심장사상충 예방비,경기도,용인시,3000,10500,16882,90000,ANITY00006,41,41,40,MEDIT00018,Gyeonggi-Yongin-si,경기도,MEDIT00018,
심장사상충 예방비,경기도,의왕시,7000,10000,12944,21000,ANITY00006,41,41,41,MEDIT00018,Gyeonggi-Uiwang,경기도,MEDIT00018,
심장사상충 예방비,경기도,의정부시,5000,19500,16000,23000,ANITY00006,41,41,42,MEDIT00018,Gyeonggi-Uijeongbu-si,경기도,MEDIT00018,
심장사상충 예방비,경기도,이천시,8000,20000,18333,30000,ANITY00006,41,41,43,MEDIT00018,Gyeonggi-Icheon-si,경기도,MEDIT00018,
심장사상충 예방비,경기도,파주시,2500,17500,18162,90000,ANITY00006,41,41,44,MEDIT00018,Gyeonggi-Paju-si,경기도,MEDIT00018,
심장사상충 예방비,경기도,평택시,2000,18500,16013,25000,ANITY00006,41,41,45,MEDIT00018,Gyeonggi-Pyeongtaek-si,경기도,MEDIT00018,
심장사상충 예방비,경기도,포천시,5000,10000,13600,23000,ANITY00006,41,41,46,MEDIT00018,Gyeonggi-Pocheon-si,경기도,MEDIT00018,
심장사상충 예방비,경기도,하남시,1000,21000,18000,24000,ANITY00006,41,41,47,MEDIT00018,Gyeonggi-Hanam-si,경기도,MEDIT00018,
심장사상충 예방비,경기도,화성시,5000,20000,18409,45000,ANITY00006,41,41,48,MEDIT00018,Gyeonggi-Hwaseong-si,경기도,MEDIT00018,
심장사상충 예방비,강원특별자치도,강릉시,9000,13000,15438,25000,ANITY00006,42,42,2,MEDIT00018,Gangwon-Gangneung-si,강원특별자치도,MEDIT00018,
심장사상충 예방비,강원특별자치도,고성군,9000,12000,12000,15000,ANITY00006,42,42,3,MEDIT00018,Gangwon-Gosung-gun,강원특별자치도,MEDIT00018,
심장사상충 예방비,강원특별자치도,동해시,9000,10000,14750,30000,ANITY00006,42,42,4,MEDIT00018,Gangwon-Donghae-si,강원특별자치도,MEDIT00018,
심장사상충 예방비,강원특별자치도,삼척시,9000,10000,13000,20000,ANITY00006,42,42,5,MEDIT00018,Gangwon-Samcheok-si,강원특별자치도,MEDIT00018,
심장사상충 예방비,강원특별자치도,속초시,5000,13000,14333,24000,ANITY00006,42,42,6,MEDIT00018,Gangwon-Sokcho-si,강원특별자치도,MEDIT00018,
심장사상충 예방비,강원특별자치도,양양군,8000,10000,14333,25000,ANITY00006,42,42,8,MEDIT00018,Gangwon-Yangyang-gun,강원특별자치도,MEDIT00018,
심장사상충 예방비,강원특별자치도,영월군,9000,13500,13500,18000,ANITY00006,42,42,9,MEDIT00018,Gangwon-Yeongwol-gun,강원특별자치도,MEDIT00018,
심장사상충 예방비,강원특별자치도,원주시,5000,17000,16292,24000,ANITY00006,42,42,10,MEDIT00018,Gangwon-Wonju-si,강원특별자치도,MEDIT00018,
심장사상충 예방비,강원특별자치도,인제군,7000,15000,14667,22000,ANITY00006,42,42,11,MEDIT00018,Gangwon-Inje-gun,강원특별자치도,MEDIT00018,
심장사상충 예방비,강원특별자치도,정선군,7000,11000,11000,15000,ANITY00006,42,42,12,MEDIT00018,Gangwon-Jeongseon-gun,강원특별자치도,MEDIT00018,
심장사상충 예방비,강원특별자치도,춘천시,5000,11500,15389,40000,ANITY00006,42,42,13,MEDIT00018,Gangwon-Chuncheon-si,강원특별자치도,MEDIT00018,
심장사상충 예방비,강원특별자치도,태백시,21000,21500,21500,22000,ANITY00006,42,42,14,MEDIT00018,Gangwon-Taebaek-si,강원특별자치도,MEDIT00018,
심장사상충 예방비,강원특별자치도,홍천군,2000,21000,16667,23000,ANITY00006,42,42,15,MEDIT00018,Gangwon-Hongcheon-gun,강원특별자치도,MEDIT00018,
심장사상충 예방비,강원특별자치도,화천군,10000,11500,11500,13000,ANITY00006,42,42,16,MEDIT00018,Gangwon-Hwacheon-gun,강원특별자치도,MEDIT00018,
심장사상충 예방비,강원특별자치도,횡성군,1500,10750,10750,20000,ANITY00006,42,42,17,MEDIT00018,Gangwon-Hoengseong-gun,강원특별자치도,MEDIT00018,
심장사상충 예방비,충청북도,괴산군,2000,3500,3500,5000,ANITY00006,43,43,223,MEDIT00018,Chungbuk-Goesan-gun,충청북도,MEDIT00018,
심장사상충 예방비,충청북도,보은군,6000,6000,6000,6000,ANITY00006,43,43,225,MEDIT00018,Chungbuk-Boeun-gun,충청북도,MEDIT00018,
심장사상충 예방비,충청북도,영동군,10000,17500,17500,25000,ANITY00006,43,43,226,MEDIT00018,Chungbuk-Yeongdong-gun,충청북도,MEDIT00018,
심장사상충 예방비,충청북도,옥천군,5000,8000,7333,9000,ANITY00006,43,43,227,MEDIT00018,Chungbuk-Okcheon-gun,충청북도,MEDIT00018,
심장사상충 예방비,충청북도,음성군,9000,11000,13250,22000,ANITY00006,43,43,228,MEDIT00018,Chungbuk-Eumseong-gun,충청북도,MEDIT00018,
심장사상충 예방비,충청북도,제천시,6000,12500,13167,23000,ANITY00006,43,43,229,MEDIT00018,Chungbuk-Jecheon-si,충청북도,MEDIT00018,
심장사상충 예방비,충청북도,증평군,10000,16000,16000,22000,ANITY00006,43,43,230,MEDIT00018,Chungbuk-Jeungpyeong-gun,충청북도,MEDIT00018,
심장사상충 예방비,충청북도,진천군,5000,10000,13200,23000,ANITY00006,43,43,231,MEDIT00018,Chungbuk-Jincheon-gun,충청북도,MEDIT00018,
심장사상충 예방비,충청북도,청주시,7000,18500,17787,23500,ANITY00006,43,43,232,MEDIT00018,Chungbuk-Cheongju-si,충청북도,MEDIT00018,
심장사상충 예방비,충청북도,충주시,7000,16000,15944,23000,ANITY00006,43,43,233,MEDIT00018,Chungbuk-Chungju-si,충청북도,MEDIT00018,
심장사상충 예방비,충청남도,계룡시,9000,15000,15667,23000,ANITY00006,44,44,207,MEDIT00018,Chungnam-Gyeryong-si,충청남도,MEDIT00018,
심장사상충 예방비,충청남도,공주시,7000,10000,11375,18500,ANITY00006,44,44,208,MEDIT00018,Chungnam-Gongju-si,충청남도,MEDIT00018,
심장사상충 예방비,충청남도,금산군,6000,12000,12500,20000,ANITY00006,44,44,209,MEDIT00018,Chungnam-Geumsan-gun,충청남도,MEDIT00018,
심장사상충 예방비,충청남도,논산시,10000,17000,16750,23000,ANITY00006,44,44,210,MEDIT00018,Chungnam-Nonsan-si,충청남도,MEDIT00018,
심장사상충 예방비,충청남도,당진시,5000,12000,13000,22000,ANITY00006,44,44,211,MEDIT00018,Chungnam-Dangjin-si,충청남도,MEDIT00018,
심장사상충 예방비,충청남도,보령시,9000,15000,15667,23000,ANITY00006,44,44,212,MEDIT00018,Chungnam-Boryeong-si,충청남도,MEDIT00018,
심장사상충 예방비,충청남도,부여군,8000,8000,8500,10000,ANITY00006,44,44,213,MEDIT00018,Chungnam-Buyeo-gun,충청남도,MEDIT00018,
심장사상충 예방비,충청남도,서산시,10000,10000,11100,20000,ANITY00006,44,44,214,MEDIT00018,Chungnam-Seosan-si,충청남도,MEDIT00018,
심장사상충 예방비,충청남도,서천군,3000,4000,4000,5000,ANITY00006,44,44,215,MEDIT00018,Chungnam-Seocheon-gun,충청남도,MEDIT00018,
심장사상충 예방비,충청남도,아산시,3000,15000,14192,23000,ANITY00006,44,44,216,MEDIT00018,Chungnam-Asan-si,충청남도,MEDIT00018,
심장사상충 예방비,충청남도,예산군,9000,9500,9500,10000,ANITY00006,44,44,217,MEDIT00018,Chungnam-Yesan-gun,충청남도,MEDIT00018,
심장사상충 예방비,충청남도,천안시,9000,15750,15821,28000,ANITY00006,44,44,218,MEDIT00018,Chungnam-Cheonan-si,충청남도,MEDIT00018,
심장사상충 예방비,충청남도,태안군,9000,10000,9667,10000,ANITY00006,44,44,220,MEDIT00018,Chungnam-Taean-gu,충청남도,MEDIT00018,
심장사상충 예방비,충청남도,홍성군,5000,10000,14286,23000,ANITY00006,44,44,221,MEDIT00018,Chungnam-Hongseong-gun,충청남도,MEDIT00018,
심장사상충 예방비,전북특별자치도,고창군,2000,3000,4333,8000,ANITY00006,45,45,191,MEDIT00018,Jeonbuk-Gochang-gun,전북특별자치도,MEDIT00018,
심장사상충 예방비,전북특별자치도,군산시,5000,10000,12036,25000,ANITY00006,45,45,192,MEDIT00018,Jeonbuk-Gunsan-si,전북특별자치도,MEDIT00018,
심장사상충 예방비,전북특별자치도,김제시,5000,15000,15000,25000,ANITY00006,45,45,193,MEDIT00018,Jeonbuk-Gimje-si,전북특별자치도,MEDIT00018,
심장사상충 예방비,전북특별자치도,남원시,2000,8000,8600,20000,ANITY00006,45,45,194,MEDIT00018,Jeonbuk-Namwon-si,전북특별자치도,MEDIT00018,
심장사상충 예방비,전북특별자치도,부안군,7000,16000,14333,20000,ANITY00006,45,45,196,MEDIT00018,Jeonbuk-Buan-gun,전북특별자치도,MEDIT00018,
심장사상충 예방비,전북특별자치도,순창군,7000,10000,12667,21000,ANITY00006,45,45,197,MEDIT00018,Jeonbuk-Sunchang-gun,전북특별자치도,MEDIT00018,
심장사상충 예방비,전북특별자치도,완주군,5000,10000,13400,22000,ANITY00006,45,45,198,MEDIT00018,Jeonbuk-Wanju-gun,전북특별자치도,MEDIT00018,
심장사상충 예방비,전북특별자치도,익산시,4000,10000,13867,24000,ANITY00006,45,45,199,MEDIT00018,Jeonbuk-Iksan-si,전북특별자치도,MEDIT00018,
심장사상충 예방비,전북특별자치도,전주시,5000,10000,14705,23000,ANITY00006,45,45,201,MEDIT00018,Jeonbuk-Jeonju-si,전북특별자치도,MEDIT00018,
심장사상충 예방비,전북특별자치도,정읍시,1500,10000,9100,22000,ANITY00006,45,45,202,MEDIT00018,Jeonbuk-Jeongeup-si,전북특별자치도,MEDIT00018,
심장사상충 예방비,전라남도,고흥군,20000,22000,22000,24000,ANITY00006,46,46,172,MEDIT00018,Jeonnam-Goheung-gun,전라남도,MEDIT00018,
심장사상충 예방비,전라남도,곡성군,3000,10500,10500,18000,ANITY00006,46,46,173,MEDIT00018,Jeonnam-Gokseong-gun,전라남도,MEDIT00018,
심장사상충 예방비,전라남도,광양시,5000,10000,9667,13000,ANITY00006,46,46,174,MEDIT00018,Jeonnam-Gwangyang-si,전라남도,MEDIT00018,
심장사상충 예방비,전라남도,구례군,3000,4500,4500,6000,ANITY00006,46,46,175,MEDIT00018,Jeonnam-Gurye-gun,전라남도,MEDIT00018,
심장사상충 예방비,전라남도,나주시,8000,15000,15000,23000,ANITY00006,46,46,176,MEDIT00018,Jeonnam-Naju-si,전라남도,MEDIT00018,
심장사상충 예방비,전라남도,담양군,3000,11500,11500,20000,ANITY00006,46,46,177,MEDIT00018,Jeonnam-Damyang-gun,전라남도,MEDIT00018,
심장사상충 예방비,전라남도,목포시,5000,16000,15643,23000,ANITY00006,46,46,178,MEDIT00018,Jeonnam-Mokpo-si,전라남도,MEDIT00018,
심장사상충 예방비,전라남도,무안군,8000,20000,17800,23000,ANITY00006,46,46,179,MEDIT00018,Jeonnam-Muan-gun,전라남도,MEDIT00018,
심장사상충 예방비,전라남도,순천시,9000,12000,14467,24000,ANITY00006,46,46,180,MEDIT00018,Jeonnam-Suncheon-si,전라남도,MEDIT00018,
심장사상충 예방비,전라남도,여수시,9000,11500,13625,21000,ANITY00006,46,46,181,MEDIT00018,Jeonnam-Yeosu-si,전라남도,MEDIT00018,
심장사상충 예방비,전라남도,영광군,9000,12000,12000,15000,ANITY00006,46,46,182,MEDIT00018,Jeonnam-Yeonggwang-gun,전라남도,MEDIT00018,
심장사상충 예방비,전라남도,장성군,10000,10000,10000,10000,ANITY00006,46,46,185,MEDIT00018,Jeonnam-Jangseong-gun,전라남도,MEDIT00018,
심장사상충 예방비,전라남도,장흥군,9000,9000,9000,9000,ANITY00006,46,46,186,MEDIT00018,Jeonnam-Jangheung-gun,전라남도,MEDIT00018,
심장사상충 예방비,전라남도,해남군,10000,15500,17750,30000,ANITY00006,46,46,188,MEDIT00018,Jeonnam-Haenam-gun,전라남도,MEDIT00018,
심장사상충 예방비,전라남도,화순군,5000,7000,9750,20000,ANITY00006,46,46,189,MEDIT00018,Jeonnam-Hwasun-gun,전라남도,MEDIT00018,
심장사상충 예방비,경상북도,경산시,2000,14500,14219,23000,ANITY00006,47,47,69,MEDIT00018,Gyeongbuk-Gyeongsan-si,경상북도,MEDIT00018,
심장사상충 예방비,경상북도,경주시,9000,10000,14455,23000,ANITY00006,47,47,70,MEDIT00018,Gyeongbuk-Gyeongju-si,경상북도,MEDIT00018,
심장사상충 예방비,경상북도,구미시,9000,20000,18278,30500,ANITY00006,47,47,72,MEDIT00018,Gyeongbuk-Gumi-si,경상북도,MEDIT00018,
심장사상충 예방비,경상북도,김천시,8000,17400,16233,24600,ANITY00006,47,47,73,MEDIT00018,Gyeongbuk-Gimcheon-si,경상북도,MEDIT00018,
심장사상충 예방비,경상북도,문경시,11250,13625,13625,16000,ANITY00006,47,47,74,MEDIT00018,Gyeongbuk-Mungyeong-si,경상북도,MEDIT00018,
심장사상충 예방비,경상북도,상주시,5000,8000,11000,23000,ANITY00006,47,47,75,MEDIT00018,Gyeongbuk-Sangju-si,경상북도,MEDIT00018,
심장사상충 예방비,경상북도,성주군,10000,16500,16500,23000,ANITY00006,47,47,76,MEDIT00018,Gyeongbuk-Seongju-gun,경상북도,MEDIT00018,
심장사상충 예방비,경상북도,안동시,6000,9500,12000,23000,ANITY00006,47,47,77,MEDIT00018,Gyeongbuk-Andong-si,경상북도,MEDIT00018,
심장사상충 예방비,경상북도,영덕군,8000,9000,9000,10000,ANITY00006,47,47,78,MEDIT00018,Gyeongbuk-Yeongdeok-gun,경상북도,MEDIT00018,
심장사상충 예방비,경상북도,영주시,15000,20000,19500,23000,ANITY00006,47,47,79,MEDIT00018,Gyeongbuk-Yeongju-si,경상북도,MEDIT00018,
심장사상충 예방비,경상북도,영천시,9000,12500,12500,16000,ANITY00006,47,47,80,MEDIT00018,Gyeongbuk-Yeongcheon-si,경상북도,MEDIT00018,
심장사상충 예방비,경상북도,예천군,22000,22500,22500,23000,ANITY00006,47,47,81,MEDIT00018,Gyeongbuk-Yecheon-gun,경상북도,MEDIT00018,
심장사상충 예방비,경상북도,청도군,5000,23000,26000,50000,ANITY00006,47,47,84,MEDIT00018,Gyeongbuk-Cheongdo-gun,경상북도,MEDIT00018,
심장사상충 예방비,경상북도,칠곡군,2000,15000,14333,23000,ANITY00006,47,47,86,MEDIT00018,Gyeongbuk-Chilgok-gun,경상북도,MEDIT00018,
심장사상충 예방비,경상북도,포항시,5000,20500,19357,80000,ANITY00006,47,47,87,MEDIT00018,Gyeongbuk-Pohang-si,경상북도,MEDIT00018,
심장사상충 예방비,경상남도,거제시,9000,20000,18000,23000,ANITY00006,48,48,50,MEDIT00018,Gyeongnam-Geoje-si,경상남도,MEDIT00018,
심장사상충 예방비,경상남도,거창군,5000,10000,8333,10000,ANITY00006,48,48,51,MEDIT00018,Gyeongnam-Geochang-gun,경상남도,MEDIT00018,
심장사상충 예방비,경상남도,고성군,8000,10000,9500,10000,ANITY00006,48,48,52,MEDIT00018,Gyeongnam-Goseong-gun,경상남도,MEDIT00018,
심장사상충 예방비,경상남도,김해시,5000,15900,17126,80000,ANITY00006,48,48,53,MEDIT00018,Gyeongnam-Gimhae-si,경상남도,MEDIT00018,
심장사상충 예방비,경상남도,남해군,7000,20000,17333,25000,ANITY00006,48,48,54,MEDIT00018,Gyeongnam-Namhae-gun,경상남도,MEDIT00018,
심장사상충 예방비,경상남도,밀양시,8000,10000,9333,10000,ANITY00006,48,48,55,MEDIT00018,Gyeongnam-Miryang-si,경상남도,MEDIT00018,
심장사상충 예방비,경상남도,사천시,5000,15250,15188,23000,ANITY00006,48,48,56,MEDIT00018,Gyeongnam-Sacheon-si,경상남도,MEDIT00018,
심장사상충 예방비,경상남도,산청군,20000,21000,21000,22000,ANITY00006,48,48,57,MEDIT00018,Gyeongnam-Sancheong-gun,경상남도,MEDIT00018,
심장사상충 예방비,경상남도,양산시,9000,21500,19500,25000,ANITY00006,48,48,58,MEDIT00018,Gyeongnam-Yangsan-si,경상남도,MEDIT00018,
심장사상충 예방비,경상남도,진주시,9000,17500,16333,23000,ANITY00006,48,48,60,MEDIT00018,Gyeongnam-Jinju-si,경상남도,MEDIT00018,
심장사상충 예방비,경상남도,창녕군,1000,9000,9000,17000,ANITY00006,48,48,61,MEDIT00018,Gyeongnam-Changnyeong-gun,경상남도,MEDIT00018,
심장사상충 예방비,경상남도,창원시,8000,9000,17780,80000,ANITY00006,48,48,62,MEDIT00018,Gyeongnam-Changwon-si,경상남도,MEDIT00018,
심장사상충 예방비,경상남도,통영시,4000,10000,11200,21500,ANITY00006,48,48,63,MEDIT00018,Gyeongnam-Tongyeong-si,경상남도,MEDIT00018,
심장사상충 예방비,경상남도,하동군,9000,16000,16000,23000,ANITY00006,48,48,64,MEDIT00018,Gyeongnam-Hadong-gun,경상남도,MEDIT00018,
심장사상충 예방비,경상남도,함안군,9000,9000,13000,21000,ANITY00006,48,48,65,MEDIT00018,Gyeongnam-Haman-gun,경상남도,MEDIT00018,
심장사상충 예방비,경상남도,합천군,15000,17500,17500,20000,ANITY00006,48,48,67,MEDIT00018,Gyeongnam-Hapcheon-gu,경상남도,MEDIT00018,
심장사상충 예방비,제주특별자치도,서귀포시,9000,21000,17231,25000,ANITY00006,50,50,204,MEDIT00018,Jeju-Seogwipo,제주특별자치도,MEDIT00018,
심장사상충 예방비,제주특별자치도,제주시,5000,22000,18702,25000,ANITY00006,50,50,205,MEDIT00018,Jeju-Jeju-si,제주특별자치도,MEDIT00018,
외부기생충 예방비,서울특별시,강남구,11000,16000,17246,45000,ANITY00006,11,11,128,MEDIT00019,seoul-Gangnam-gu,서울특별시,MEDIT00019,
외부기생충 예방비,서울특별시,강동구,13000,16000,19231,46000,ANITY00006,11,11,129,MEDIT00019,seoul-Gangdong-gu,서울특별시,MEDIT00019,
외부기생충 예방비,서울특별시,강북구,10000,15000,17916,47000,ANITY00006,11,11,130,MEDIT00019,seoul-Gangbuk-gu,서울특별시,MEDIT00019,
외부기생충 예방비,서울특별시,강서구,11000,16000,18100,45000,ANITY00006,11,11,131,MEDIT00019,seoul-Gangseo-gu,서울특별시,MEDIT00019,
외부기생충 예방비,서울특별시,관악구,12000,16000,15500,17000,ANITY00006,11,11,132,MEDIT00019,seoul-Gwanak-gu,서울특별시,MEDIT00019,
외부기생충 예방비,서울특별시,광진구,9000,16000,20158,45000,ANITY00006,11,11,133,MEDIT00019,seoul-Gwangjin-gu,서울특별시,MEDIT00019,
외부기생충 예방비,서울특별시,구로구,12000,16000,18846,45000,ANITY00006,11,11,134,MEDIT00019,seoul-Guro-gu,서울특별시,MEDIT00019,
외부기생충 예방비,서울특별시,금천구,12000,16000,17733,40000,ANITY00006,11,11,135,MEDIT00019,seoul-Geumcheon-gu,서울특별시,MEDIT00019,
외부기생충 예방비,서울특별시,노원구,12000,15000,19817,45000,ANITY00006,11,11,136,MEDIT00019,seoul-Nowon-gu,서울특별시,MEDIT00019,
외부기생충 예방비,서울특별시,도봉구,10000,15000,18458,48000,ANITY00006,11,11,137,MEDIT00019,seoul-Dobong-gu,서울특별시,MEDIT00019,
외부기생충 예방비,서울특별시,동대문구,10000,16000,19242,45000,ANITY00006,11,11,138,MEDIT00019,seoul-Dongdaemun-gu,서울특별시,MEDIT00019,
외부기생충 예방비,서울특별시,동작구,10000,16000,15238,20000,ANITY00006,11,11,139,MEDIT00019,seoul-Dongjak-gu,서울특별시,MEDIT00019,
외부기생충 예방비,서울특별시,마포구,14000,16000,18105,48000,ANITY00006,11,11,140,MEDIT00019,seoul-Mapo-gu,서울특별시,MEDIT00019,
외부기생충 예방비,서울특별시,서대문구,10000,16000,17643,42000,ANITY00006,11,11,141,MEDIT00019,seoul-Seodaemun-gu,서울특별시,MEDIT00019,
외부기생충 예방비,서울특별시,서초구,12000,16000,18500,47000,ANITY00006,11,11,142,MEDIT00019,seoul-Seocho-gu,서울특별시,MEDIT00019,
외부기생충 예방비,서울특별시,성동구,10000,16000,21304,45000,ANITY00006,11,11,143,MEDIT00019,seoul-Seongdong-gu,서울특별시,MEDIT00019,
외부기생충 예방비,서울특별시,성북구,14000,16000,19765,45000,ANITY00006,11,11,144,MEDIT00019,seoul-Seongbuk-gu,서울특별시,MEDIT00019,
외부기생충 예방비,서울특별시,송파구,8000,16000,17201,42000,ANITY00006,11,11,145,MEDIT00019,seoul-Songpa-gu,서울특별시,MEDIT00019,
외부기생충 예방비,서울특별시,양천구,12000,16000,19619,45000,ANITY00006,11,11,146,MEDIT00019,seoul-Yangcheon-gu,서울특별시,MEDIT00019,
외부기생충 예방비,서울특별시,영등포구,11000,16000,19038,45000,ANITY00006,11,11,147,MEDIT00019,seoul-Yeongdeungpo-gu,서울특별시,MEDIT00019,
외부기생충 예방비,서울특별시,용산구,14000,16000,17292,40000,ANITY00006,11,11,148,MEDIT00019,seoul-Yongsan-gu,서울특별시,MEDIT00019,
외부기생충 예방비,서울특별시,은평구,12000,15000,17108,45000,ANITY00006,11,11,149,MEDIT00019,seoul-Eunpyeong-gu,서울특별시,MEDIT00019,
외부기생충 예방비,서울특별시,종로구,12000,16000,20545,45000,ANITY00006,11,11,150,MEDIT00019,seoul-Jongno-gu,서울특별시,MEDIT00019,
외부기생충 예방비,서울특별시,중구,14000,17000,21385,45000,ANITY00006,11,11,151,MEDIT00019,seoul-jung-gu,서울특별시,MEDIT00019,
외부기생충 예방비,서울특별시,중랑구,13000,16000,18750,45000,ANITY00006,11,11,152,MEDIT00019,seoul-Jungnang-gu,서울특별시,MEDIT00019,
외부기생충 예방비,부산광역시,강서구,12000,15000,18455,45000,ANITY00006,26,26,111,MEDIT00019,Busan-Gangseo-gu,부산광역시,MEDIT00019,
외부기생충 예방비,부산광역시,금정구,13000,15000,19133,45000,ANITY00006,26,26,112,MEDIT00019,Busan-Geumjeong-gu,부산광역시,MEDIT00019,
외부기생충 예방비,부산광역시,기장군,10000,15000,15875,20000,ANITY00006,26,26,113,MEDIT00019,Busan-Gijang-gun,부산광역시,MEDIT00019,
외부기생충 예방비,부산광역시,남구,15000,16000,23179,45000,ANITY00006,26,26,114,MEDIT00019,Busan-Nam-gu,부산광역시,MEDIT00019,
외부기생충 예방비,부산광역시,동구,15000,16000,16250,18000,ANITY00006,26,26,115,MEDIT00019,Busan-Dong-gu,부산광역시,MEDIT00019,
외부기생충 예방비,부산광역시,동래구,10000,16000,19466,45000,ANITY00006,26,26,116,MEDIT00019,Busan-Dongrae-gu,부산광역시,MEDIT00019,
외부기생충 예방비,부산광역시,부산진구,12000,16000,20300,45000,ANITY00006,26,26,117,MEDIT00019,Busan-Busanjin-gu,부산광역시,MEDIT00019,
외부기생충 예방비,부산광역시,북구,12000,15000,15944,22000,ANITY00006,26,26,118,MEDIT00019,Busan-Buk-gu,부산광역시,MEDIT00019,
외부기생충 예방비,부산광역시,사상구,12000,16000,14909,16000,ANITY00006,26,26,119,MEDIT00019,Busan-Sasang-gu,부산광역시,MEDIT00019,
외부기생충 예방비,부산광역시,사하구,12000,15000,16250,25000,ANITY00006,26,26,120,MEDIT00019,Busan-Saha-gu,부산광역시,MEDIT00019,
외부기생충 예방비,부산광역시,서구,15000,16000,16000,17000,ANITY00006,26,26,121,MEDIT00019,Busan-Seo-gu,부산광역시,MEDIT00019,
외부기생충 예방비,부산광역시,수영구,13000,16000,19167,48000,ANITY00006,26,26,122,MEDIT00019,Busan-Suyeong-gu,부산광역시,MEDIT00019,
외부기생충 예방비,부산광역시,연제구,14000,16000,21375,45000,ANITY00006,26,26,123,MEDIT00019,Busan-Yeonje-gu,부산광역시,MEDIT00019,
외부기생충 예방비,부산광역시,영도구,13000,15750,15375,17000,ANITY00006,26,26,124,MEDIT00019,Busan-Yeongdo-gu,부산광역시,MEDIT00019,
외부기생충 예방비,부산광역시,중구,15000,15000,15000,15000,ANITY00006,26,26,125,MEDIT00019,Busan-Jung-gu,부산광역시,MEDIT00019,
외부기생충 예방비,부산광역시,해운대구,11000,16000,19643,46200,ANITY00006,26,26,126,MEDIT00019,Busan-Haeundae-gu,부산광역시,MEDIT00019,
외부기생충 예방비,대구광역시,남구,5000,15000,17125,40000,ANITY00006,27,27,96,MEDIT00019,Daegu-Nam-gu,대구광역시,MEDIT00019,
외부기생충 예방비,대구광역시,달서구,12000,16000,16486,44000,ANITY00006,27,27,97,MEDIT00019,Daegu-Dalseo-gu,대구광역시,MEDIT00019,
외부기생충 예방비,대구광역시,달성군,13000,16000,15367,17000,ANITY00006,27,27,98,MEDIT00019,Daegu-Dal-Sung-gun,대구광역시,MEDIT00019,
외부기생충 예방비,대구광역시,동구,12000,15500,24111,48000,ANITY00006,27,27,99,MEDIT00019,Daegu-Dong-gu,대구광역시,MEDIT00019,
외부기생충 예방비,대구광역시,북구,10000,15000,17407,45000,ANITY00006,27,27,100,MEDIT00019,Daegu-Buk-gu,대구광역시,MEDIT00019,
외부기생충 예방비,대구광역시,서구,10000,15000,14727,17000,ANITY00006,27,27,101,MEDIT00019,Daegu-Seo-gu,대구광역시,MEDIT00019,
외부기생충 예방비,대구광역시,수성구,10000,15000,16007,40000,ANITY00006,27,27,102,MEDIT00019,Daegu-Suseong-gu,대구광역시,MEDIT00019,
외부기생충 예방비,대구광역시,중구,10000,16000,17350,45000,ANITY00006,27,27,103,MEDIT00019,Daegu-Jung-gu,대구광역시,MEDIT00019,
외부기생충 예방비,인천광역시,강화군,10000,15000,19000,42000,ANITY00006,28,28,162,MEDIT00019,Incheon-Ganghwa-gun,인천광역시,MEDIT00019,
외부기생충 예방비,인천광역시,계양구,12000,16000,17607,42000,ANITY00006,28,28,163,MEDIT00019,Incheon-Gyeyang-gu,인천광역시,MEDIT00019,
외부기생충 예방비,인천광역시,남동구,10000,16000,16824,45000,ANITY00006,28,28,164,MEDIT00019,Incheon-Namdong-gu,인천광역시,MEDIT00019,
외부기생충 예방비,인천광역시,동구,21000,33000,33000,45000,ANITY00006,28,28,165,MEDIT00019,Incheon-Dong-gu,인천광역시,MEDIT00019,
외부기생충 예방비,인천광역시,미추홀구,14000,17500,24636,45000,ANITY00006,28,28,166,MEDIT00019,Incheon-Michuhol-gu,인천광역시,MEDIT00019,
외부기생충 예방비,인천광역시,부평구,11000,15000,16397,42000,ANITY00006,28,28,167,MEDIT00019,Incheon-Bupyeong-gu,인천광역시,MEDIT00019,
외부기생충 예방비,인천광역시,서구,11000,16000,17581,45000,ANITY00006,28,28,168,MEDIT00019,Incheon-Seo-gu,인천광역시,MEDIT00019,
외부기생충 예방비,인천광역시,연수구,10000,16000,16959,45000,ANITY00006,28,28,169,MEDIT00019,Incheon-Yeonsu-gu,인천광역시,MEDIT00019,
외부기생충 예방비,인천광역시,중구,15000,16000,21000,40000,ANITY00006,28,28,170,MEDIT00019,Incheon-Jung-gu,인천광역시,MEDIT00019,
외부기생충 예방비,광주광역시,광산구,10000,15500,17567,40000,ANITY00006,29,29,89,MEDIT00019,Gwangju-Gwangsan-gu,광주광역시,MEDIT00019,
외부기생충 예방비,광주광역시,남구,10000,16500,18333,45000,ANITY00006,29,29,90,MEDIT00019,Gwangju-Nam-gu,광주광역시,MEDIT00019,
외부기생충 예방비,광주광역시,동구,13000,16000,15857,20000,ANITY00006,29,29,91,MEDIT00019,Gwangju-Dong-gu,광주광역시,MEDIT00019,
외부기생충 예방비,광주광역시,북구,13900,16000,22816,45000,ANITY00006,29,29,92,MEDIT00019,Gwangju-Buk-gu,광주광역시,MEDIT00019,
외부기생충 예방비,광주광역시,서구,12000,16000,21429,45000,ANITY00006,29,29,93,MEDIT00019,Gwangju-Seo-gu,광주광역시,MEDIT00019,
외부기생충 예방비,대전광역시,대덕구,15000,15000,15556,17000,ANITY00006,30,30,105,MEDIT00019,Daejeon-Daedeok-gu,대전광역시,MEDIT00019,
외부기생충 예방비,대전광역시,동구,10000,16000,22667,45000,ANITY00006,30,30,106,MEDIT00019,Daejeon-Dong-gu,대전광역시,MEDIT00019,
외부기생충 예방비,대전광역시,서구,15000,16000,20250,45000,ANITY00006,30,30,107,MEDIT00019,Daejeon-Seo-gu,대전광역시,MEDIT00019,
외부기생충 예방비,대전광역시,유성구,12000,16000,22500,45000,ANITY00006,30,30,108,MEDIT00019,Daejeon-Yuseong-gu,대전광역시,MEDIT00019,
외부기생충 예방비,대전광역시,중구,7000,15000,16900,40000,ANITY00006,30,30,109,MEDIT00019,Daejeon-Jung-gu,대전광역시,MEDIT00019,
외부기생충 예방비,울산광역시,남구,13000,16000,18854,45000,ANITY00006,31,31,156,MEDIT00019,Ulsan-Nam-gu,울산광역시,MEDIT00019,
외부기생충 예방비,울산광역시,동구,15000,30500,30333,45000,ANITY00006,31,31,157,MEDIT00019,Ulsan-Dong-gu,울산광역시,MEDIT00019,
외부기생충 예방비,울산광역시,북구,15000,16000,15625,16000,ANITY00006,31,31,158,MEDIT00019,Ulsan-Buk-gu,울산광역시,MEDIT00019,
외부기생충 예방비,울산광역시,울주군,15000,16000,19833,40000,ANITY00006,31,31,159,MEDIT00019,Ulsan-Ulju-gun,울산광역시,MEDIT00019,
외부기생충 예방비,울산광역시,중구,11000,17500,26750,45000,ANITY00006,31,31,160,MEDIT00019,Ulsan-Jung-gu,울산광역시,MEDIT00019,
외부기생충 예방비,세종특별자치시,세종특별자치시,11000,15000,21411,50000,ANITY00006,36,36,154,MEDIT00019,Sejong-Sejong-si,세종특별자치시,MEDIT00019,
외부기생충 예방비,경기도,가평군,13000,13500,13750,15000,ANITY00006,41,41,19,MEDIT00019,Gyeonggi-Gapyeong-gun,경기도,MEDIT00019,
외부기생충 예방비,경기도,고양시,10000,16000,18649,45000,ANITY00006,41,41,20,MEDIT00019,Gyeonggi-Goyang-si,경기도,MEDIT00019,
외부기생충 예방비,경기도,과천시,15000,15000,19571,45000,ANITY00006,41,41,21,MEDIT00019,Gyeonggi-Gwacheon,경기도,MEDIT00019,
외부기생충 예방비,경기도,광명시,15000,15500,18644,45000,ANITY00006,41,41,22,MEDIT00019,Gyeonggi-Gwangmyeong,경기도,MEDIT00019,
외부기생충 예방비,경기도,광주시,9000,15000,18808,45000,ANITY00006,41,41,23,MEDIT00019,Gyeonggi-Gwangju-si,경기도,MEDIT00019,
외부기생충 예방비,경기도,구리시,15000,16000,22294,45000,ANITY00006,41,41,24,MEDIT00019,Gyeonggi-Guri-si,경기도,MEDIT00019,
외부기생충 예방비,경기도,군포시,15000,16000,17227,22000,ANITY00006,41,41,25,MEDIT00019,Gyeonggi-Gunpo,경기도,MEDIT00019,
외부기생충 예방비,경기도,김포시,10000,16000,17859,45000,ANITY00006,41,41,26,MEDIT00019,Gyeonggi-Gimpo-si,경기도,MEDIT00019,
외부기생충 예방비,경기도,남양주시,12000,16000,17420,42000,ANITY00006,41,41,27,MEDIT00019,Gyeonggi-Namyangju-si,경기도,MEDIT00019,
외부기생충 예방비,경기도,동두천시,5000,16000,18833,45000,ANITY00006,41,41,28,MEDIT00019,Gyeonggi-Dongducheon-si,경기도,MEDIT00019,
외부기생충 예방비,경기도,부천시,7000,16000,16788,45000,ANITY00006,41,41,29,MEDIT00019,Gyeonggi-Bucheon,경기도,MEDIT00019,
외부기생충 예방비,경기도,성남시,10000,16000,17615,45000,ANITY00006,41,41,30,MEDIT00019,Gyeonggi-Seongnam,경기도,MEDIT00019,
외부기생충 예방비,경기도,수원시,10000,16000,20221,48000,ANITY00006,41,41,31,MEDIT00019,Gyeonggi-Suwon-si,경기도,MEDIT00019,
외부기생충 예방비,경기도,시흥시,15000,16000,18557,45000,ANITY00006,41,41,32,MEDIT00019,Gyeonggi-Siheung,경기도,MEDIT00019,
외부기생충 예방비,경기도,안산시,12000,16000,20969,45000,ANITY00006,41,41,33,MEDIT00019,Gyeonggi-Ansan,경기도,MEDIT00019,
외부기생충 예방비,경기도,안성시,12000,16000,20923,45000,ANITY00006,41,41,34,MEDIT00019,Gyeonggi-Anseong-si,경기도,MEDIT00019,
외부기생충 예방비,경기도,안양시,14000,16000,22488,45000,ANITY00006,41,41,35,MEDIT00019,Gyeonggi-Anyang,경기도,MEDIT00019,
외부기생충 예방비,경기도,양주시,15000,16000,22083,45000,ANITY00006,41,41,36,MEDIT00019,Gyeonggi-Yangju-si,경기도,MEDIT00019,
외부기생충 예방비,경기도,양평군,10000,15000,20100,45000,ANITY00006,41,41,37,MEDIT00019,Gyeonggi-Yangpyeong-gun,경기도,MEDIT00019,
외부기생충 예방비,경기도,여주시,14000,28000,28750,45000,ANITY00006,41,41,38,MEDIT00019,Gyeonggi-Yeoju-si,경기도,MEDIT00019,
외부기생충 예방비,경기도,오산시,13500,16000,20167,45000,ANITY00006,41,41,39,MEDIT00019,Gyeonggi-Osan-si,경기도,MEDIT00019,
외부기생충 예방비,경기도,용인시,10000,16000,18619,48000,ANITY00006,41,41,40,MEDIT00019,Gyeonggi-Yongin-si,경기도,MEDIT00019,
외부기생충 예방비,경기도,의왕시,12000,15000,14700,16000,ANITY00006,41,41,41,MEDIT00019,Gyeonggi-Uiwang,경기도,MEDIT00019,
외부기생충 예방비,경기도,의정부시,12000,15000,16667,45000,ANITY00006,41,41,42,MEDIT00019,Gyeonggi-Uijeongbu-si,경기도,MEDIT00019,
외부기생충 예방비,경기도,이천시,10000,15500,17071,42000,ANITY00006,41,41,43,MEDIT00019,Gyeonggi-Icheon-si,경기도,MEDIT00019,
외부기생충 예방비,경기도,파주시,5000,16000,19091,45000,ANITY00006,41,41,44,MEDIT00019,Gyeonggi-Paju-si,경기도,MEDIT00019,
외부기생충 예방비,경기도,평택시,10000,16000,21641,45000,ANITY00006,41,41,45,MEDIT00019,Gyeonggi-Pyeongtaek-si,경기도,MEDIT00019,
외부기생충 예방비,경기도,포천시,15000,15000,15200,16000,ANITY00006,41,41,46,MEDIT00019,Gyeonggi-Pocheon-si,경기도,MEDIT00019,
외부기생충 예방비,경기도,하남시,10000,16000,18250,48000,ANITY00006,41,41,47,MEDIT00019,Gyeonggi-Hanam-si,경기도,MEDIT00019,
외부기생충 예방비,경기도,화성시,10000,16000,22962,45000,ANITY00006,41,41,48,MEDIT00019,Gyeonggi-Hwaseong-si,경기도,MEDIT00019,
외부기생충 예방비,강원특별자치도,강릉시,15000,16000,22813,45000,ANITY00006,42,42,2,MEDIT00019,Gangwon-Gangneung-si,강원특별자치도,MEDIT00019,
외부기생충 예방비,강원특별자치도,고성군,15000,31500,31500,48000,ANITY00006,42,42,3,MEDIT00019,Gangwon-Gosung-gun,강원특별자치도,MEDIT00019,
외부기생충 예방비,강원특별자치도,동해시,16000,23000,26750,45000,ANITY00006,42,42,4,MEDIT00019,Gangwon-Donghae-si,강원특별자치도,MEDIT00019,
외부기생충 예방비,강원특별자치도,삼척시,15000,15000,15333,16000,ANITY00006,42,42,5,MEDIT00019,Gangwon-Samcheok-si,강원특별자치도,MEDIT00019,
외부기생충 예방비,강원특별자치도,속초시,15000,15500,19500,40000,ANITY00006,42,42,6,MEDIT00019,Gangwon-Sokcho-si,강원특별자치도,MEDIT00019,
외부기생충 예방비,강원특별자치도,양양군,15000,15000,15000,15000,ANITY00006,42,42,8,MEDIT00019,Gangwon-Yangyang-gun,강원특별자치도,MEDIT00019,
외부기생충 예방비,강원특별자치도,영월군,16000,16000,16000,16000,ANITY00006,42,42,9,MEDIT00019,Gangwon-Yeongwol-gun,강원특별자치도,MEDIT00019,
외부기생충 예방비,강원특별자치도,원주시,15000,16000,24348,45000,ANITY00006,42,42,10,MEDIT00019,Gangwon-Wonju-si,강원특별자치도,MEDIT00019,
외부기생충 예방비,강원특별자치도,인제군,12000,28500,28500,45000,ANITY00006,42,42,11,MEDIT00019,Gangwon-Inje-gun,강원특별자치도,MEDIT00019,
외부기생충 예방비,강원특별자치도,정선군,12000,13500,13500,15000,ANITY00006,42,42,12,MEDIT00019,Gangwon-Jeongseon-gun,강원특별자치도,MEDIT00019,
외부기생충 예방비,강원특별자치도,춘천시,8000,15000,15556,40000,ANITY00006,42,42,13,MEDIT00019,Gangwon-Chuncheon-si,강원특별자치도,MEDIT00019,
외부기생충 예방비,강원특별자치도,태백시,14000,17500,17500,21000,ANITY00006,42,42,14,MEDIT00019,Gangwon-Taebaek-si,강원특별자치도,MEDIT00019,
외부기생충 예방비,강원특별자치도,홍천군,9000,16000,19500,45000,ANITY00006,42,42,15,MEDIT00019,Gangwon-Hongcheon-gun,강원특별자치도,MEDIT00019,
외부기생충 예방비,강원특별자치도,화천군,10000,11500,11500,13000,ANITY00006,42,42,16,MEDIT00019,Gangwon-Hwacheon-gun,강원특별자치도,MEDIT00019,
외부기생충 예방비,강원특별자치도,횡성군,6000,15500,15500,25000,ANITY00006,42,42,17,MEDIT00019,Gangwon-Hoengseong-gun,강원특별자치도,MEDIT00019,
외부기생충 예방비,충청북도,괴산군,10000,10000,10000,10000,ANITY00006,43,43,223,MEDIT00019,Chungbuk-Goesan-gun,충청북도,MEDIT00019,
외부기생충 예방비,충청북도,보은군,12000,12000,12000,12000,ANITY00006,43,43,225,MEDIT00019,Chungbuk-Boeun-gun,충청북도,MEDIT00019,
외부기생충 예방비,충청북도,영동군,25000,25000,25000,25000,ANITY00006,43,43,226,MEDIT00019,Chungbuk-Yeongdong-gun,충청북도,MEDIT00019,
외부기생충 예방비,충청북도,옥천군,12000,13000,13333,15000,ANITY00006,43,43,227,MEDIT00019,Chungbuk-Okcheon-gun,충청북도,MEDIT00019,
외부기생충 예방비,충청북도,음성군,10000,13000,18800,45000,ANITY00006,43,43,228,MEDIT00019,Chungbuk-Eumseong-gun,충청북도,MEDIT00019,
외부기생충 예방비,충청북도,제천시,15000,16000,16167,18000,ANITY00006,43,43,229,MEDIT00019,Chungbuk-Jecheon-si,충청북도,MEDIT00019,
외부기생충 예방비,충청북도,증평군,15000,18500,18500,22000,ANITY00006,43,43,230,MEDIT00019,Chungbuk-Jeungpyeong-gun,충청북도,MEDIT00019,
외부기생충 예방비,충청북도,진천군,15000,15000,21000,45000,ANITY00006,43,43,231,MEDIT00019,Chungbuk-Jincheon-gun,충청북도,MEDIT00019,
외부기생충 예방비,충청북도,청주시,14000,16000,21437,45000,ANITY00006,43,43,232,MEDIT00019,Chungbuk-Cheongju-si,충청북도,MEDIT00019,
외부기생충 예방비,충청북도,충주시,12000,15000,14833,16000,ANITY00006,43,43,233,MEDIT00019,Chungbuk-Chungju-si,충청북도,MEDIT00019,
외부기생충 예방비,충청남도,계룡시,15000,15000,25000,45000,ANITY00006,44,44,207,MEDIT00019,Chungnam-Gyeryong-si,충청남도,MEDIT00019,
외부기생충 예방비,충청남도,공주시,16000,16000,16000,16000,ANITY00006,44,44,208,MEDIT00019,Chungnam-Gongju-si,충청남도,MEDIT00019,
외부기생충 예방비,충청남도,금산군,15000,17000,24000,40000,ANITY00006,44,44,209,MEDIT00019,Chungnam-Geumsan-gun,충청남도,MEDIT00019,
외부기생충 예방비,충청남도,논산시,15000,30500,30250,45000,ANITY00006,44,44,210,MEDIT00019,Chungnam-Nonsan-si,충청남도,MEDIT00019,
외부기생충 예방비,충청남도,당진시,10000,15000,16911,40000,ANITY00006,44,44,211,MEDIT00019,Chungnam-Dangjin-si,충청남도,MEDIT00019,
외부기생충 예방비,충청남도,보령시,15000,15000,24000,42000,ANITY00006,44,44,212,MEDIT00019,Chungnam-Boryeong-si,충청남도,MEDIT00019,
외부기생충 예방비,충청남도,부여군,16000,16500,22250,40000,ANITY00006,44,44,213,MEDIT00019,Chungnam-Buyeo-gun,충청남도,MEDIT00019,
외부기생충 예방비,충청남도,서산시,12000,15500,15500,18000,ANITY00006,44,44,214,MEDIT00019,Chungnam-Seosan-si,충청남도,MEDIT00019,
외부기생충 예방비,충청남도,서천군,8000,9000,9000,10000,ANITY00006,44,44,215,MEDIT00019,Chungnam-Seocheon-gun,충청남도,MEDIT00019,
외부기생충 예방비,충청남도,아산시,15000,15500,21643,45000,ANITY00006,44,44,216,MEDIT00019,Chungnam-Asan-si,충청남도,MEDIT00019,
외부기생충 예방비,충청남도,예산군,15000,15500,15500,16000,ANITY00006,44,44,217,MEDIT00019,Chungnam-Yesan-gun,충청남도,MEDIT00019,
외부기생충 예방비,충청남도,천안시,12000,16000,17724,42000,ANITY00006,44,44,218,MEDIT00019,Chungnam-Cheonan-si,충청남도,MEDIT00019,
외부기생충 예방비,충청남도,태안군,15000,16000,15667,16000,ANITY00006,44,44,220,MEDIT00019,Chungnam-Taean-gu,충청남도,MEDIT00019,
외부기생충 예방비,충청남도,홍성군,15000,16000,19571,40000,ANITY00006,44,44,221,MEDIT00019,Chungnam-Hongseong-gun,충청남도,MEDIT00019,
외부기생충 예방비,전북특별자치도,고창군,15000,16500,16500,18000,ANITY00006,45,45,191,MEDIT00019,Jeonbuk-Gochang-gun,전북특별자치도,MEDIT00019,
외부기생충 예방비,전북특별자치도,군산시,6000,16000,18385,45000,ANITY00006,45,45,192,MEDIT00019,Jeonbuk-Gunsan-si,전북특별자치도,MEDIT00019,
외부기생충 예방비,전북특별자치도,김제시,14000,19000,18250,21000,ANITY00006,45,45,193,MEDIT00019,Jeonbuk-Gimje-si,전북특별자치도,MEDIT00019,
외부기생충 예방비,전북특별자치도,남원시,11000,15000,19200,42000,ANITY00006,45,45,194,MEDIT00019,Jeonbuk-Namwon-si,전북특별자치도,MEDIT00019,
외부기생충 예방비,전북특별자치도,부안군,6000,7000,7000,8000,ANITY00006,45,45,196,MEDIT00019,Jeonbuk-Buan-gun,전북특별자치도,MEDIT00019,
외부기생충 예방비,전북특별자치도,순창군,15000,15000,24000,42000,ANITY00006,45,45,197,MEDIT00019,Jeonbuk-Sunchang-gun,전북특별자치도,MEDIT00019,
외부기생충 예방비,전북특별자치도,완주군,10000,14000,16000,30000,ANITY00006,45,45,198,MEDIT00019,Jeonbuk-Wanju-gun,전북특별자치도,MEDIT00019,
외부기생충 예방비,전북특별자치도,익산시,10000,16000,19529,45000,ANITY00006,45,45,199,MEDIT00019,Jeonbuk-Iksan-si,전북특별자치도,MEDIT00019,
외부기생충 예방비,전북특별자치도,전주시,5000,16000,16091,45000,ANITY00006,45,45,201,MEDIT00019,Jeonbuk-Jeonju-si,전북특별자치도,MEDIT00019,
외부기생충 예방비,전북특별자치도,정읍시,10000,16000,14800,16000,ANITY00006,45,45,202,MEDIT00019,Jeonbuk-Jeongeup-si,전북특별자치도,MEDIT00019,
외부기생충 예방비,전라남도,고흥군,13000,14000,14000,15000,ANITY00006,46,46,172,MEDIT00019,Jeonnam-Goheung-gun,전라남도,MEDIT00019,
외부기생충 예방비,전라남도,곡성군,14000,20500,20500,27000,ANITY00006,46,46,173,MEDIT00019,Jeonnam-Gokseong-gun,전라남도,MEDIT00019,
외부기생충 예방비,전라남도,광양시,13000,16000,20000,40000,ANITY00006,46,46,174,MEDIT00019,Jeonnam-Gwangyang-si,전라남도,MEDIT00019,
외부기생충 예방비,전라남도,구례군,10000,10000,20667,42000,ANITY00006,46,46,175,MEDIT00019,Jeonnam-Gurye-gun,전라남도,MEDIT00019,
외부기생충 예방비,전라남도,나주시,15000,18500,25500,45000,ANITY00006,46,46,176,MEDIT00019,Jeonnam-Naju-si,전라남도,MEDIT00019,
외부기생충 예방비,전라남도,담양군,8000,14000,14000,20000,ANITY00006,46,46,177,MEDIT00019,Jeonnam-Damyang-gun,전라남도,MEDIT00019,
외부기생충 예방비,전라남도,목포시,12000,16000,23667,43000,ANITY00006,46,46,178,MEDIT00019,Jeonnam-Mokpo-si,전라남도,MEDIT00019,
외부기생충 예방비,전라남도,무안군,12000,15000,14800,20000,ANITY00006,46,46,179,MEDIT00019,Jeonnam-Muan-gun,전라남도,MEDIT00019,
외부기생충 예방비,전라남도,순천시,10000,15000,14133,17000,ANITY00006,46,46,180,MEDIT00019,Jeonnam-Suncheon-si,전라남도,MEDIT00019,
외부기생충 예방비,전라남도,여수시,13000,15000,14500,15000,ANITY00006,46,46,181,MEDIT00019,Jeonnam-Yeosu-si,전라남도,MEDIT00019,
외부기생충 예방비,전라남도,영광군,18000,18000,18000,18000,ANITY00006,46,46,182,MEDIT00019,Jeonnam-Yeonggwang-gun,전라남도,MEDIT00019,
외부기생충 예방비,전라남도,장흥군,12000,23500,23500,35000,ANITY00006,46,46,186,MEDIT00019,Jeonnam-Jangheung-gun,전라남도,MEDIT00019,
외부기생충 예방비,전라남도,해남군,10000,15500,20250,40000,ANITY00006,46,46,188,MEDIT00019,Jeonnam-Haenam-gun,전라남도,MEDIT00019,
외부기생충 예방비,전라남도,화순군,5000,22500,23000,42000,ANITY00006,46,46,189,MEDIT00019,Jeonnam-Hwasun-gun,전라남도,MEDIT00019,
외부기생충 예방비,경상북도,경산시,14000,16000,24000,45000,ANITY00006,47,47,69,MEDIT00019,Gyeongbuk-Gyeongsan-si,경상북도,MEDIT00019,
외부기생충 예방비,경상북도,경주시,12000,16000,15636,18000,ANITY00006,47,47,70,MEDIT00019,Gyeongbuk-Gyeongju-si,경상북도,MEDIT00019,
외부기생충 예방비,경상북도,구미시,14000,16000,17940,42000,ANITY00006,47,47,72,MEDIT00019,Gyeongbuk-Gumi-si,경상북도,MEDIT00019,
외부기생충 예방비,경상북도,김천시,12400,15000,18833,32000,ANITY00006,47,47,73,MEDIT00019,Gyeongbuk-Gimcheon-si,경상북도,MEDIT00019,
외부기생충 예방비,경상북도,문경시,12000,12000,12000,12000,ANITY00006,47,47,74,MEDIT00019,Gyeongbuk-Mungyeong-si,경상북도,MEDIT00019,
외부기생충 예방비,경상북도,상주시,14000,15000,14750,15000,ANITY00006,47,47,75,MEDIT00019,Gyeongbuk-Sangju-si,경상북도,MEDIT00019,
외부기생충 예방비,경상북도,성주군,17000,29500,29500,42000,ANITY00006,47,47,76,MEDIT00019,Gyeongbuk-Seongju-gun,경상북도,MEDIT00019,
외부기생충 예방비,경상북도,안동시,10000,15500,14667,16000,ANITY00006,47,47,77,MEDIT00019,Gyeongbuk-Andong-si,경상북도,MEDIT00019,
외부기생충 예방비,경상북도,영덕군,15000,15000,15000,15000,ANITY00006,47,47,78,MEDIT00019,Gyeongbuk-Yeongdeok-gun,경상북도,MEDIT00019,
외부기생충 예방비,경상북도,영주시,15000,15500,15500,16000,ANITY00006,47,47,79,MEDIT00019,Gyeongbuk-Yeongju-si,경상북도,MEDIT00019,
외부기생충 예방비,경상북도,영천시,15000,15500,15500,16000,ANITY00006,47,47,80,MEDIT00019,Gyeongbuk-Yeongcheon-si,경상북도,MEDIT00019,
외부기생충 예방비,경상북도,예천군,37000,41000,41000,45000,ANITY00006,47,47,81,MEDIT00019,Gyeongbuk-Yecheon-gun,경상북도,MEDIT00019,
외부기생충 예방비,경상북도,청도군,13000,15000,24333,45000,ANITY00006,47,47,84,MEDIT00019,Gyeongbuk-Cheongdo-gun,경상북도,MEDIT00019,
외부기생충 예방비,경상북도,칠곡군,15000,15000,16200,18000,ANITY00006,47,47,86,MEDIT00019,Gyeongbuk-Chilgok-gun,경상북도,MEDIT00019,
외부기생충 예방비,경상북도,포항시,12000,33000,28665,45000,ANITY00006,47,47,87,MEDIT00019,Gyeongbuk-Pohang-si,경상북도,MEDIT00019,
외부기생충 예방비,경상남도,거제시,12000,15000,19818,45000,ANITY00006,48,48,50,MEDIT00019,Gyeongnam-Geoje-si,경상남도,MEDIT00019,
외부기생충 예방비,경상남도,거창군,10000,15000,13667,16000,ANITY00006,48,48,51,MEDIT00019,Gyeongnam-Geochang-gun,경상남도,MEDIT00019,
외부기생충 예방비,경상남도,고성군,10000,15500,14250,16000,ANITY00006,48,48,52,MEDIT00019,Gyeongnam-Goseong-gun,경상남도,MEDIT00019,
외부기생충 예방비,경상남도,김해시,12000,16000,20521,48000,ANITY00006,48,48,53,MEDIT00019,Gyeongnam-Gimhae-si,경상남도,MEDIT00019,
외부기생충 예방비,경상남도,남해군,15000,15000,15000,15000,ANITY00006,48,48,54,MEDIT00019,Gyeongnam-Namhae-gun,경상남도,MEDIT00019,
외부기생충 예방비,경상남도,밀양시,14000,15000,15333,17000,ANITY00006,48,48,55,MEDIT00019,Gyeongnam-Miryang-si,경상남도,MEDIT00019,
외부기생충 예방비,경상남도,사천시,13000,18750,26313,45000,ANITY00006,48,48,56,MEDIT00019,Gyeongnam-Sacheon-si,경상남도,MEDIT00019,
외부기생충 예방비,경상남도,산청군,15000,16500,16500,18000,ANITY00006,48,48,57,MEDIT00019,Gyeongnam-Sancheong-gun,경상남도,MEDIT00019,
외부기생충 예방비,경상남도,양산시,14000,16000,18500,45000,ANITY00006,48,48,58,MEDIT00019,Gyeongnam-Yangsan-si,경상남도,MEDIT00019,
외부기생충 예방비,경상남도,진주시,10000,16000,16217,40000,ANITY00006,48,48,60,MEDIT00019,Gyeongnam-Jinju-si,경상남도,MEDIT00019,
외부기생충 예방비,경상남도,창녕군,7000,16500,21250,45000,ANITY00006,48,48,61,MEDIT00019,Gyeongnam-Changnyeong-gun,경상남도,MEDIT00019,
외부기생충 예방비,경상남도,창원시,10000,16000,18858,45000,ANITY00006,48,48,62,MEDIT00019,Gyeongnam-Changwon-si,경상남도,MEDIT00019,
외부기생충 예방비,경상남도,통영시,10000,16000,16000,21000,ANITY00006,48,48,63,MEDIT00019,Gyeongnam-Tongyeong-si,경상남도,MEDIT00019,
외부기생충 예방비,경상남도,하동군,12000,13500,13500,15000,ANITY00006,48,48,64,MEDIT00019,Gyeongnam-Hadong-gun,경상남도,MEDIT00019,
외부기생충 예방비,경상남도,함안군,15000,15000,24000,42000,ANITY00006,48,48,65,MEDIT00019,Gyeongnam-Haman-gun,경상남도,MEDIT00019,
외부기생충 예방비,경상남도,합천군,15000,17500,17500,20000,ANITY00006,48,48,67,MEDIT00019,Gyeongnam-Hapcheon-gu,경상남도,MEDIT00019,
외부기생충 예방비,제주특별자치도,서귀포시,10000,15000,15538,23000,ANITY00006,50,50,204,MEDIT00019,Jeju-Seogwipo,제주특별자치도,MEDIT00019,
외부기생충 예방비,제주특별자치도,제주시,10000,16000,18205,45000,ANITY00006,50,50,205,MEDIT00019,Jeju-Jeju-si,제주특별자치도,MEDIT00019,
광범위 구충비,서울특별시,강남구,2000,4000,4742,23000,ANITY00006,11,11,128,MEDIT00020,seoul-Gangnam-gu,서울특별시,MEDIT00020,
광범위 구충비,서울특별시,강동구,1000,3500,3935,10000,ANITY00006,11,11,129,MEDIT00020,seoul-Gangdong-gu,서울특별시,MEDIT00020,
광범위 구충비,서울특별시,강북구,1000,3000,3346,6000,ANITY00006,11,11,130,MEDIT00020,seoul-Gangbuk-gu,서울특별시,MEDIT00020,
광범위 구충비,서울특별시,강서구,1000,3000,3548,8800,ANITY00006,11,11,131,MEDIT00020,seoul-Gangseo-gu,서울특별시,MEDIT00020,
광범위 구충비,서울특별시,관악구,1000,5000,4071,8000,ANITY00006,11,11,132,MEDIT00020,seoul-Gwanak-gu,서울특별시,MEDIT00020,
광범위 구충비,서울특별시,광진구,1000,4000,5729,23000,ANITY00006,11,11,133,MEDIT00020,seoul-Gwangjin-gu,서울특별시,MEDIT00020,
광범위 구충비,서울특별시,구로구,1000,3000,3604,7000,ANITY00006,11,11,134,MEDIT00020,seoul-Guro-gu,서울특별시,MEDIT00020,
광범위 구충비,서울특별시,금천구,1000,3650,3769,6500,ANITY00006,11,11,135,MEDIT00020,seoul-Geumcheon-gu,서울특별시,MEDIT00020,
광범위 구충비,서울특별시,노원구,2000,4000,3935,8000,ANITY00006,11,11,136,MEDIT00020,seoul-Nowon-gu,서울특별시,MEDIT00020,
광범위 구충비,서울특별시,도봉구,2000,3000,3700,8800,ANITY00006,11,11,137,MEDIT00020,seoul-Dobong-gu,서울특별시,MEDIT00020,
광범위 구충비,서울특별시,동대문구,2000,4000,4352,16500,ANITY00006,11,11,138,MEDIT00020,seoul-Dongdaemun-gu,서울특별시,MEDIT00020,
광범위 구충비,서울특별시,동작구,2000,3000,3647,8000,ANITY00006,11,11,139,MEDIT00020,seoul-Dongjak-gu,서울특별시,MEDIT00020,
광범위 구충비,서울특별시,마포구,1000,4000,3814,7700,ANITY00006,11,11,140,MEDIT00020,seoul-Mapo-gu,서울특별시,MEDIT00020,
광범위 구충비,서울특별시,서대문구,2000,3000,3565,7000,ANITY00006,11,11,141,MEDIT00020,seoul-Seodaemun-gu,서울특별시,MEDIT00020,
광범위 구충비,서울특별시,서초구,2000,5000,4450,8000,ANITY00006,11,11,142,MEDIT00020,seoul-Seocho-gu,서울특별시,MEDIT00020,
광범위 구충비,서울특별시,성동구,2000,5000,5862,22000,ANITY00006,11,11,143,MEDIT00020,seoul-Seongdong-gu,서울특별시,MEDIT00020,
광범위 구충비,서울특별시,성북구,2000,3300,4141,15000,ANITY00006,11,11,144,MEDIT00020,seoul-Seongbuk-gu,서울특별시,MEDIT00020,
광범위 구충비,서울특별시,송파구,2000,5000,5335,23000,ANITY00006,11,11,145,MEDIT00020,seoul-Songpa-gu,서울특별시,MEDIT00020,
광범위 구충비,서울특별시,양천구,2000,3500,4015,10000,ANITY00006,11,11,146,MEDIT00020,seoul-Yangcheon-gu,서울특별시,MEDIT00020,
광범위 구충비,서울특별시,영등포구,2000,5000,4467,10000,ANITY00006,11,11,147,MEDIT00020,seoul-Yeongdeungpo-gu,서울특별시,MEDIT00020,
광범위 구충비,서울특별시,용산구,3000,4000,5182,10000,ANITY00006,11,11,148,MEDIT00020,seoul-Yongsan-gu,서울특별시,MEDIT00020,
광범위 구충비,서울특별시,은평구,2000,3000,3286,10000,ANITY00006,11,11,149,MEDIT00020,seoul-Eunpyeong-gu,서울특별시,MEDIT00020,
광범위 구충비,서울특별시,종로구,2000,4500,4300,7000,ANITY00006,11,11,150,MEDIT00020,seoul-Jongno-gu,서울특별시,MEDIT00020,
광범위 구충비,서울특별시,중구,3000,4700,5300,10000,ANITY00006,11,11,151,MEDIT00020,seoul-jung-gu,서울특별시,MEDIT00020,
광범위 구충비,서울특별시,중랑구,1000,3000,5729,22000,ANITY00006,11,11,152,MEDIT00020,seoul-Jungnang-gu,서울특별시,MEDIT00020,
광범위 구충비,부산광역시,강서구,1000,3000,3444,5000,ANITY00006,26,26,111,MEDIT00020,Busan-Gangseo-gu,부산광역시,MEDIT00020,
광범위 구충비,부산광역시,금정구,1000,3000,3833,11000,ANITY00006,26,26,112,MEDIT00020,Busan-Geumjeong-gu,부산광역시,MEDIT00020,
광범위 구충비,부산광역시,기장군,1000,3300,3527,5500,ANITY00006,26,26,113,MEDIT00020,Busan-Gijang-gun,부산광역시,MEDIT00020,
광범위 구충비,부산광역시,남구,1000,3000,5630,27500,ANITY00006,26,26,114,MEDIT00020,Busan-Nam-gu,부산광역시,MEDIT00020,
광범위 구충비,부산광역시,동구,2000,2500,3250,6000,ANITY00006,26,26,115,MEDIT00020,Busan-Dong-gu,부산광역시,MEDIT00020,
광범위 구충비,부산광역시,동래구,1000,3575,5461,21000,ANITY00006,26,26,116,MEDIT00020,Busan-Dongrae-gu,부산광역시,MEDIT00020,
광범위 구충비,부산광역시,부산진구,1000,3000,3769,10000,ANITY00006,26,26,117,MEDIT00020,Busan-Busanjin-gu,부산광역시,MEDIT00020,
광범위 구충비,부산광역시,북구,1000,3009,3734,5500,ANITY00006,26,26,118,MEDIT00020,Busan-Buk-gu,부산광역시,MEDIT00020,
광범위 구충비,부산광역시,사상구,2000,3000,2714,4000,ANITY00006,26,26,119,MEDIT00020,Busan-Sasang-gu,부산광역시,MEDIT00020,
광범위 구충비,부산광역시,사하구,1500,2505,4032,21000,ANITY00006,26,26,120,MEDIT00020,Busan-Saha-gu,부산광역시,MEDIT00020,
광범위 구충비,부산광역시,서구,1000,3000,2800,5000,ANITY00006,26,26,121,MEDIT00020,Busan-Seo-gu,부산광역시,MEDIT00020,
광범위 구충비,부산광역시,수영구,2000,4000,4588,18500,ANITY00006,26,26,122,MEDIT00020,Busan-Suyeong-gu,부산광역시,MEDIT00020,
광범위 구충비,부산광역시,연제구,3000,3000,6111,20000,ANITY00006,26,26,123,MEDIT00020,Busan-Yeonje-gu,부산광역시,MEDIT00020,
광범위 구충비,부산광역시,영도구,1000,4500,4250,7000,ANITY00006,26,26,124,MEDIT00020,Busan-Yeongdo-gu,부산광역시,MEDIT00020,
광범위 구충비,부산광역시,중구,2000,3500,3500,5000,ANITY00006,26,26,125,MEDIT00020,Busan-Jung-gu,부산광역시,MEDIT00020,
광범위 구충비,부산광역시,해운대구,1100,3000,3744,7000,ANITY00006,26,26,126,MEDIT00020,Busan-Haeundae-gu,부산광역시,MEDIT00020,
광범위 구충비,대구광역시,남구,1000,3000,2857,5000,ANITY00006,27,27,96,MEDIT00020,Daegu-Nam-gu,대구광역시,MEDIT00020,
광범위 구충비,대구광역시,달서구,1000,3000,4184,23000,ANITY00006,27,27,97,MEDIT00020,Daegu-Dalseo-gu,대구광역시,MEDIT00020,
광범위 구충비,대구광역시,달성군,1000,3500,3929,10000,ANITY00006,27,27,98,MEDIT00020,Daegu-Dal-Sung-gun,대구광역시,MEDIT00020,
광범위 구충비,대구광역시,동구,2000,3000,3346,5000,ANITY00006,27,27,99,MEDIT00020,Daegu-Dong-gu,대구광역시,MEDIT00020,
광범위 구충비,대구광역시,북구,1000,3000,3200,5000,ANITY00006,27,27,100,MEDIT00020,Daegu-Buk-gu,대구광역시,MEDIT00020,
광범위 구충비,대구광역시,서구,1000,3000,2778,5000,ANITY00006,27,27,101,MEDIT00020,Daegu-Seo-gu,대구광역시,MEDIT00020,
광범위 구충비,대구광역시,수성구,1000,4000,4100,15000,ANITY00006,27,27,102,MEDIT00020,Daegu-Suseong-gu,대구광역시,MEDIT00020,
광범위 구충비,대구광역시,중구,2000,3000,3900,10000,ANITY00006,27,27,103,MEDIT00020,Daegu-Jung-gu,대구광역시,MEDIT00020,
광범위 구충비,인천광역시,강화군,1000,2500,2917,5000,ANITY00006,28,28,162,MEDIT00020,Incheon-Ganghwa-gun,인천광역시,MEDIT00020,
광범위 구충비,인천광역시,계양구,1000,3000,6308,42000,ANITY00006,28,28,163,MEDIT00020,Incheon-Gyeyang-gu,인천광역시,MEDIT00020,
광범위 구충비,인천광역시,남동구,2000,5000,4793,19000,ANITY00006,28,28,164,MEDIT00020,Incheon-Namdong-gu,인천광역시,MEDIT00020,
광범위 구충비,인천광역시,동구,3000,3300,3767,5000,ANITY00006,28,28,165,MEDIT00020,Incheon-Dong-gu,인천광역시,MEDIT00020,
광범위 구충비,인천광역시,미추홀구,2000,3000,5435,23000,ANITY00006,28,28,166,MEDIT00020,Incheon-Michuhol-gu,인천광역시,MEDIT00020,
광범위 구충비,인천광역시,부평구,1000,3000,3503,7500,ANITY00006,28,28,167,MEDIT00020,Incheon-Bupyeong-gu,인천광역시,MEDIT00020,
광범위 구충비,인천광역시,서구,1000,3300,4135,20000,ANITY00006,28,28,168,MEDIT00020,Incheon-Seo-gu,인천광역시,MEDIT00020,
광범위 구충비,인천광역시,연수구,1000,4000,4683,23000,ANITY00006,28,28,169,MEDIT00020,Incheon-Yeonsu-gu,인천광역시,MEDIT00020,
광범위 구충비,인천광역시,중구,2000,3000,3222,5500,ANITY00006,28,28,170,MEDIT00020,Incheon-Jung-gu,인천광역시,MEDIT00020,
광범위 구충비,광주광역시,광산구,1000,3000,3397,10000,ANITY00006,29,29,89,MEDIT00020,Gwangju-Gwangsan-gu,광주광역시,MEDIT00020,
광범위 구충비,광주광역시,남구,1000,3300,3606,6000,ANITY00006,29,29,90,MEDIT00020,Gwangju-Nam-gu,광주광역시,MEDIT00020,
광범위 구충비,광주광역시,동구,3000,5000,4686,8800,ANITY00006,29,29,91,MEDIT00020,Gwangju-Dong-gu,광주광역시,MEDIT00020,
광범위 구충비,광주광역시,북구,2000,3150,5200,24000,ANITY00006,29,29,92,MEDIT00020,Gwangju-Buk-gu,광주광역시,MEDIT00020,
광범위 구충비,광주광역시,서구,2000,3000,4239,15000,ANITY00006,29,29,93,MEDIT00020,Gwangju-Seo-gu,광주광역시,MEDIT00020,
광범위 구충비,대전광역시,대덕구,1000,3000,3333,5000,ANITY00006,30,30,105,MEDIT00020,Daejeon-Daedeok-gu,대전광역시,MEDIT00020,
광범위 구충비,대전광역시,동구,2000,3000,4182,10000,ANITY00006,30,30,106,MEDIT00020,Daejeon-Dong-gu,대전광역시,MEDIT00020,
광범위 구충비,대전광역시,서구,1000,3300,3485,10000,ANITY00006,30,30,107,MEDIT00020,Daejeon-Seo-gu,대전광역시,MEDIT00020,
광범위 구충비,대전광역시,유성구,1500,3000,4625,18500,ANITY00006,30,30,108,MEDIT00020,Daejeon-Yuseong-gu,대전광역시,MEDIT00020,
광범위 구충비,대전광역시,중구,2000,3400,3525,5000,ANITY00006,30,30,109,MEDIT00020,Daejeon-Jung-gu,대전광역시,MEDIT00020,
광범위 구충비,울산광역시,남구,2000,3000,3317,5000,ANITY00006,31,31,156,MEDIT00020,Ulsan-Nam-gu,울산광역시,MEDIT00020,
광범위 구충비,울산광역시,동구,2000,3000,3500,5000,ANITY00006,31,31,157,MEDIT00020,Ulsan-Dong-gu,울산광역시,MEDIT00020,
광범위 구충비,울산광역시,북구,2000,5000,4671,7700,ANITY00006,31,31,158,MEDIT00020,Ulsan-Buk-gu,울산광역시,MEDIT00020,
광범위 구충비,울산광역시,울주군,2000,3250,3563,5500,ANITY00006,31,31,159,MEDIT00020,Ulsan-Ulju-gun,울산광역시,MEDIT00020,
광범위 구충비,울산광역시,중구,2000,3000,3440,7000,ANITY00006,31,31,160,MEDIT00020,Ulsan-Jung-gu,울산광역시,MEDIT00020,
광범위 구충비,세종특별자치시,세종특별자치시,1000,3300,4858,26000,ANITY00006,36,36,154,MEDIT00020,Sejong-Sejong-si,세종특별자치시,MEDIT00020,
광범위 구충비,경기도,가평군,1000,2500,2500,4000,ANITY00006,41,41,19,MEDIT00020,Gyeonggi-Gapyeong-gun,경기도,MEDIT00020,
광범위 구충비,경기도,고양시,1000,3000,4038,18000,ANITY00006,41,41,20,MEDIT00020,Gyeonggi-Goyang-si,경기도,MEDIT00020,
광범위 구충비,경기도,과천시,2000,3000,3857,8000,ANITY00006,41,41,21,MEDIT00020,Gyeonggi-Gwacheon,경기도,MEDIT00020,
광범위 구충비,경기도,광명시,1000,3000,3453,6000,ANITY00006,41,41,22,MEDIT00020,Gyeonggi-Gwangmyeong,경기도,MEDIT00020,
광범위 구충비,경기도,광주시,1000,5000,4279,8000,ANITY00006,41,41,23,MEDIT00020,Gyeonggi-Gwangju-si,경기도,MEDIT00020,
광범위 구충비,경기도,구리시,1000,3300,3446,6000,ANITY00006,41,41,24,MEDIT00020,Gyeonggi-Guri-si,경기도,MEDIT00020,
광범위 구충비,경기도,군포시,1500,3000,3538,6500,ANITY00006,41,41,25,MEDIT00020,Gyeonggi-Gunpo,경기도,MEDIT00020,
광범위 구충비,경기도,김포시,2000,3500,4100,10000,ANITY00006,41,41,26,MEDIT00020,Gyeonggi-Gimpo-si,경기도,MEDIT00020,
광범위 구충비,경기도,남양주시,1000,4700,4552,21000,ANITY00006,41,41,27,MEDIT00020,Gyeonggi-Namyangju-si,경기도,MEDIT00020,
광범위 구충비,경기도,동두천시,3000,4000,4000,5000,ANITY00006,41,41,28,MEDIT00020,Gyeonggi-Dongducheon-si,경기도,MEDIT00020,
광범위 구충비,경기도,부천시,1000,3000,4232,23000,ANITY00006,41,41,29,MEDIT00020,Gyeonggi-Bucheon,경기도,MEDIT00020,
광범위 구충비,경기도,성남시,1000,4000,4380,22000,ANITY00006,41,41,30,MEDIT00020,Gyeonggi-Seongnam,경기도,MEDIT00020,
광범위 구충비,경기도,수원시,400,4000,4058,10000,ANITY00006,41,41,31,MEDIT00020,Gyeonggi-Suwon-si,경기도,MEDIT00020,
광범위 구충비,경기도,시흥시,1000,3000,3576,8000,ANITY00006,41,41,32,MEDIT00020,Gyeonggi-Siheung,경기도,MEDIT00020,
광범위 구충비,경기도,안산시,1000,3000,4696,21000,ANITY00006,41,41,33,MEDIT00020,Gyeonggi-Ansan,경기도,MEDIT00020,
광범위 구충비,경기도,안성시,2000,3000,3536,6000,ANITY00006,41,41,34,MEDIT00020,Gyeonggi-Anseong-si,경기도,MEDIT00020,
광범위 구충비,경기도,안양시,1000,3000,4095,23000,ANITY00006,41,41,35,MEDIT00020,Gyeonggi-Anyang,경기도,MEDIT00020,
광범위 구충비,경기도,양주시,1000,3000,3636,8000,ANITY00006,41,41,36,MEDIT00020,Gyeonggi-Yangju-si,경기도,MEDIT00020,
광범위 구충비,경기도,양평군,660,3000,3108,5000,ANITY00006,41,41,37,MEDIT00020,Gyeonggi-Yangpyeong-gun,경기도,MEDIT00020,
광범위 구충비,경기도,여주시,1000,2000,2750,6000,ANITY00006,41,41,38,MEDIT00020,Gyeonggi-Yeoju-si,경기도,MEDIT00020,
광범위 구충비,경기도,오산시,1000,3000,3350,5000,ANITY00006,41,41,39,MEDIT00020,Gyeonggi-Osan-si,경기도,MEDIT00020,
광범위 구충비,경기도,용인시,1000,4000,4433,30000,ANITY00006,41,41,40,MEDIT00020,Gyeonggi-Yongin-si,경기도,MEDIT00020,
광범위 구충비,경기도,의왕시,1000,3500,3375,5000,ANITY00006,41,41,41,MEDIT00020,Gyeonggi-Uiwang,경기도,MEDIT00020,
광범위 구충비,경기도,의정부시,1000,3000,3028,5000,ANITY00006,41,41,42,MEDIT00020,Gyeonggi-Uijeongbu-si,경기도,MEDIT00020,
광범위 구충비,경기도,이천시,1000,2250,2536,5000,ANITY00006,41,41,43,MEDIT00020,Gyeonggi-Icheon-si,경기도,MEDIT00020,
광범위 구충비,경기도,파주시,1000,3000,4464,18500,ANITY00006,41,41,44,MEDIT00020,Gyeonggi-Paju-si,경기도,MEDIT00020,
광범위 구충비,경기도,평택시,1000,3000,4345,23000,ANITY00006,41,41,45,MEDIT00020,Gyeonggi-Pyeongtaek-si,경기도,MEDIT00020,
광범위 구충비,경기도,포천시,1500,3250,3250,5000,ANITY00006,41,41,46,MEDIT00020,Gyeonggi-Pocheon-si,경기도,MEDIT00020,
광범위 구충비,경기도,하남시,2000,3000,4044,20000,ANITY00006,41,41,47,MEDIT00020,Gyeonggi-Hanam-si,경기도,MEDIT00020,
광범위 구충비,경기도,화성시,500,3000,3727,11000,ANITY00006,41,41,48,MEDIT00020,Gyeonggi-Hwaseong-si,경기도,MEDIT00020,
광범위 구충비,강원특별자치도,강릉시,1000,4000,4308,14000,ANITY00006,42,42,2,MEDIT00020,Gangwon-Gangneung-si,강원특별자치도,MEDIT00020,
광범위 구충비,강원특별자치도,고성군,3000,3000,3000,3000,ANITY00006,42,42,3,MEDIT00020,Gangwon-Gosung-gun,강원특별자치도,MEDIT00020,
광범위 구충비,강원특별자치도,동해시,2000,3000,5000,10000,ANITY00006,42,42,4,MEDIT00020,Gangwon-Donghae-si,강원특별자치도,MEDIT00020,
광범위 구충비,강원특별자치도,삼척시,2000,2500,2500,3000,ANITY00006,42,42,5,MEDIT00020,Gangwon-Samcheok-si,강원특별자치도,MEDIT00020,
광범위 구충비,강원특별자치도,속초시,2000,3000,3200,5000,ANITY00006,42,42,6,MEDIT00020,Gangwon-Sokcho-si,강원특별자치도,MEDIT00020,
광범위 구충비,강원특별자치도,양양군,1000,2000,8167,21500,ANITY00006,42,42,8,MEDIT00020,Gangwon-Yangyang-gun,강원특별자치도,MEDIT00020,
광범위 구충비,강원특별자치도,영월군,19000,19000,19000,19000,ANITY00006,42,42,9,MEDIT00020,Gangwon-Yeongwol-gun,강원특별자치도,MEDIT00020,
광범위 구충비,강원특별자치도,원주시,500,3000,3976,16000,ANITY00006,42,42,10,MEDIT00020,Gangwon-Wonju-si,강원특별자치도,MEDIT00020,
광범위 구충비,강원특별자치도,인제군,2000,3000,2833,3500,ANITY00006,42,42,11,MEDIT00020,Gangwon-Inje-gun,강원특별자치도,MEDIT00020,
광범위 구충비,강원특별자치도,정선군,1000,1000,1000,1000,ANITY00006,42,42,12,MEDIT00020,Gangwon-Jeongseon-gun,강원특별자치도,MEDIT00020,
광범위 구충비,강원특별자치도,춘천시,1000,2000,2485,5000,ANITY00006,42,42,13,MEDIT00020,Gangwon-Chuncheon-si,강원특별자치도,MEDIT00020,
광범위 구충비,강원특별자치도,태백시,1000,1000,1000,1000,ANITY00006,42,42,14,MEDIT00020,Gangwon-Taebaek-si,강원특별자치도,MEDIT00020,
광범위 구충비,강원특별자치도,홍천군,1000,1500,4500,20000,ANITY00006,42,42,15,MEDIT00020,Gangwon-Hongcheon-gun,강원특별자치도,MEDIT00020,
광범위 구충비,강원특별자치도,화천군,1000,1250,1250,1500,ANITY00006,42,42,16,MEDIT00020,Gangwon-Hwacheon-gun,강원특별자치도,MEDIT00020,
광범위 구충비,강원특별자치도,횡성군,2000,13500,13500,25000,ANITY00006,42,42,17,MEDIT00020,Gangwon-Hoengseong-gun,강원특별자치도,MEDIT00020,
광범위 구충비,충청북도,괴산군,1000,1000,1000,1000,ANITY00006,43,43,223,MEDIT00020,Chungbuk-Goesan-gun,충청북도,MEDIT00020,
광범위 구충비,충청북도,보은군,1000,1000,1000,1000,ANITY00006,43,43,225,MEDIT00020,Chungbuk-Boeun-gun,충청북도,MEDIT00020,
광범위 구충비,충청북도,영동군,5000,5000,5000,5000,ANITY00006,43,43,226,MEDIT00020,Chungbuk-Yeongdong-gun,충청북도,MEDIT00020,
광범위 구충비,충청북도,옥천군,2000,2000,2000,2000,ANITY00006,43,43,227,MEDIT00020,Chungbuk-Okcheon-gun,충청북도,MEDIT00020,
광범위 구충비,충청북도,음성군,1000,2000,1750,2000,ANITY00006,43,43,228,MEDIT00020,Chungbuk-Eumseong-gun,충청북도,MEDIT00020,
광범위 구충비,충청북도,제천시,1000,4000,3667,6000,ANITY00006,43,43,229,MEDIT00020,Chungbuk-Jecheon-si,충청북도,MEDIT00020,
광범위 구충비,충청북도,증평군,1000,1500,1500,2000,ANITY00006,43,43,230,MEDIT00020,Chungbuk-Jeungpyeong-gun,충청북도,MEDIT00020,
광범위 구충비,충청북도,진천군,1000,2000,2040,3000,ANITY00006,43,43,231,MEDIT00020,Chungbuk-Jincheon-gun,충청북도,MEDIT00020,
광범위 구충비,충청북도,청주시,1000,3000,3263,23000,ANITY00006,43,43,232,MEDIT00020,Chungbuk-Cheongju-si,충청북도,MEDIT00020,
광범위 구충비,충청북도,충주시,2000,3500,3500,5000,ANITY00006,43,43,233,MEDIT00020,Chungbuk-Chungju-si,충청북도,MEDIT00020,
광범위 구충비,충청남도,계룡시,1000,2000,2333,4000,ANITY00006,44,44,207,MEDIT00020,Chungnam-Gyeryong-si,충청남도,MEDIT00020,
광범위 구충비,충청남도,공주시,2000,2000,2250,3000,ANITY00006,44,44,208,MEDIT00020,Chungnam-Gongju-si,충청남도,MEDIT00020,
광범위 구충비,충청남도,금산군,1000,2000,1667,2000,ANITY00006,44,44,209,MEDIT00020,Chungnam-Geumsan-gun,충청남도,MEDIT00020,
광범위 구충비,충청남도,논산시,3000,4000,5500,11000,ANITY00006,44,44,210,MEDIT00020,Chungnam-Nonsan-si,충청남도,MEDIT00020,
광범위 구충비,충청남도,당진시,1000,3500,5222,20000,ANITY00006,44,44,211,MEDIT00020,Chungnam-Dangjin-si,충청남도,MEDIT00020,
광범위 구충비,충청남도,보령시,1000,3000,2333,3000,ANITY00006,44,44,212,MEDIT00020,Chungnam-Boryeong-si,충청남도,MEDIT00020,
광범위 구충비,충청남도,부여군,500,1000,1167,2000,ANITY00006,44,44,213,MEDIT00020,Chungnam-Buyeo-gun,충청남도,MEDIT00020,
광범위 구충비,충청남도,서산시,1000,2000,2111,4000,ANITY00006,44,44,214,MEDIT00020,Chungnam-Seosan-si,충청남도,MEDIT00020,
광범위 구충비,충청남도,서천군,1000,1000,1000,1000,ANITY00006,44,44,215,MEDIT00020,Chungnam-Seocheon-gun,충청남도,MEDIT00020,
광범위 구충비,충청남도,아산시,2000,3000,3154,5000,ANITY00006,44,44,216,MEDIT00020,Chungnam-Asan-si,충청남도,MEDIT00020,
광범위 구충비,충청남도,예산군,4000,4750,4750,5500,ANITY00006,44,44,217,MEDIT00020,Chungnam-Yesan-gun,충청남도,MEDIT00020,
광범위 구충비,충청남도,천안시,500,3250,5332,23000,ANITY00006,44,44,218,MEDIT00020,Chungnam-Cheonan-si,충청남도,MEDIT00020,
광범위 구충비,충청남도,태안군,500,1000,1500,3000,ANITY00006,44,44,220,MEDIT00020,Chungnam-Taean-gu,충청남도,MEDIT00020,
광범위 구충비,충청남도,홍성군,1000,4500,4083,6000,ANITY00006,44,44,221,MEDIT00020,Chungnam-Hongseong-gun,충청남도,MEDIT00020,
광범위 구충비,전북특별자치도,고창군,1000,2000,7000,18000,ANITY00006,45,45,191,MEDIT00020,Jeonbuk-Gochang-gun,전북특별자치도,MEDIT00020,
광범위 구충비,전북특별자치도,군산시,500,3250,3429,8000,ANITY00006,45,45,192,MEDIT00020,Jeonbuk-Gunsan-si,전북특별자치도,MEDIT00020,
광범위 구충비,전북특별자치도,김제시,500,1000,2600,10000,ANITY00006,45,45,193,MEDIT00020,Jeonbuk-Gimje-si,전북특별자치도,MEDIT00020,
광범위 구충비,전북특별자치도,남원시,1000,1500,1750,3000,ANITY00006,45,45,194,MEDIT00020,Jeonbuk-Namwon-si,전북특별자치도,MEDIT00020,
광범위 구충비,전북특별자치도,부안군,1000,1000,1333,2000,ANITY00006,45,45,196,MEDIT00020,Jeonbuk-Buan-gun,전북특별자치도,MEDIT00020,
광범위 구충비,전북특별자치도,순창군,1000,1000,1667,3000,ANITY00006,45,45,197,MEDIT00020,Jeonbuk-Sunchang-gun,전북특별자치도,MEDIT00020,
광범위 구충비,전북특별자치도,완주군,1000,1000,1667,3000,ANITY00006,45,45,198,MEDIT00020,Jeonbuk-Wanju-gun,전북특별자치도,MEDIT00020,
광범위 구충비,전북특별자치도,익산시,1000,3000,5771,24000,ANITY00006,45,45,199,MEDIT00020,Jeonbuk-Iksan-si,전북특별자치도,MEDIT00020,
광범위 구충비,전북특별자치도,전주시,1000,3000,2972,8800,ANITY00006,45,45,201,MEDIT00020,Jeonbuk-Jeonju-si,전북특별자치도,MEDIT00020,
광범위 구충비,전북특별자치도,정읍시,1000,2000,2000,3000,ANITY00006,45,45,202,MEDIT00020,Jeonbuk-Jeongeup-si,전북특별자치도,MEDIT00020,
광범위 구충비,전라남도,고흥군,500,2250,2250,4000,ANITY00006,46,46,172,MEDIT00020,Jeonnam-Goheung-gun,전라남도,MEDIT00020,
광범위 구충비,전라남도,곡성군,1000,3000,3000,5000,ANITY00006,46,46,173,MEDIT00020,Jeonnam-Gokseong-gun,전라남도,MEDIT00020,
광범위 구충비,전라남도,광양시,1000,3500,5250,13000,ANITY00006,46,46,174,MEDIT00020,Jeonnam-Gwangyang-si,전라남도,MEDIT00020,
광범위 구충비,전라남도,구례군,500,1000,2167,5000,ANITY00006,46,46,175,MEDIT00020,Jeonnam-Gurye-gun,전라남도,MEDIT00020,
광범위 구충비,전라남도,나주시,1000,3000,3200,5000,ANITY00006,46,46,176,MEDIT00020,Jeonnam-Naju-si,전라남도,MEDIT00020,
광범위 구충비,전라남도,담양군,2000,2000,2000,2000,ANITY00006,46,46,177,MEDIT00020,Jeonnam-Damyang-gun,전라남도,MEDIT00020,
광범위 구충비,전라남도,목포시,1000,2000,2500,5000,ANITY00006,46,46,178,MEDIT00020,Jeonnam-Mokpo-si,전라남도,MEDIT00020,
광범위 구충비,전라남도,무안군,2000,4000,6800,20000,ANITY00006,46,46,179,MEDIT00020,Jeonnam-Muan-gun,전라남도,MEDIT00020,
광범위 구충비,전라남도,순천시,1000,3000,3200,8000,ANITY00006,46,46,180,MEDIT00020,Jeonnam-Suncheon-si,전라남도,MEDIT00020,
광범위 구충비,전라남도,여수시,2000,3000,2857,5000,ANITY00006,46,46,181,MEDIT00020,Jeonnam-Yeosu-si,전라남도,MEDIT00020,
광범위 구충비,전라남도,영광군,2000,3500,3500,5000,ANITY00006,46,46,182,MEDIT00020,Jeonnam-Yeonggwang-gun,전라남도,MEDIT00020,
광범위 구충비,전라남도,장성군,500,750,750,1000,ANITY00006,46,46,185,MEDIT00020,Jeonnam-Jangseong-gun,전라남도,MEDIT00020,
광범위 구충비,전라남도,장흥군,2000,2500,2500,3000,ANITY00006,46,46,186,MEDIT00020,Jeonnam-Jangheung-gun,전라남도,MEDIT00020,
광범위 구충비,전라남도,해남군,2000,2000,2000,2000,ANITY00006,46,46,188,MEDIT00020,Jeonnam-Haenam-gun,전라남도,MEDIT00020,
광범위 구충비,전라남도,화순군,2000,3000,2750,3000,ANITY00006,46,46,189,MEDIT00020,Jeonnam-Hwasun-gun,전라남도,MEDIT00020,
광범위 구충비,경상북도,경산시,500,2000,2214,5000,ANITY00006,47,47,69,MEDIT00020,Gyeongbuk-Gyeongsan-si,경상북도,MEDIT00020,
광범위 구충비,경상북도,경주시,1000,3000,2856,5000,ANITY00006,47,47,70,MEDIT00020,Gyeongbuk-Gyeongju-si,경상북도,MEDIT00020,
광범위 구충비,경상북도,구미시,1000,2000,2868,10000,ANITY00006,47,47,72,MEDIT00020,Gyeongbuk-Gumi-si,경상북도,MEDIT00020,
광범위 구충비,경상북도,김천시,2000,3000,3000,5000,ANITY00006,47,47,73,MEDIT00020,Gyeongbuk-Gimcheon-si,경상북도,MEDIT00020,
광범위 구충비,경상북도,문경시,2000,2000,2000,2000,ANITY00006,47,47,74,MEDIT00020,Gyeongbuk-Mungyeong-si,경상북도,MEDIT00020,
광범위 구충비,경상북도,상주시,1000,2000,1750,2000,ANITY00006,47,47,75,MEDIT00020,Gyeongbuk-Sangju-si,경상북도,MEDIT00020,
광범위 구충비,경상북도,성주군,3000,3000,5333,10000,ANITY00006,47,47,76,MEDIT00020,Gyeongbuk-Seongju-gun,경상북도,MEDIT00020,
광범위 구충비,경상북도,안동시,2000,3000,2600,3000,ANITY00006,47,47,77,MEDIT00020,Gyeongbuk-Andong-si,경상북도,MEDIT00020,
광범위 구충비,경상북도,영덕군,1000,1000,1000,1000,ANITY00006,47,47,78,MEDIT00020,Gyeongbuk-Yeongdeok-gun,경상북도,MEDIT00020,
광범위 구충비,경상북도,영주시,2000,3000,3000,5000,ANITY00006,47,47,79,MEDIT00020,Gyeongbuk-Yeongju-si,경상북도,MEDIT00020,
광범위 구충비,경상북도,영천시,3000,3000,3000,3000,ANITY00006,47,47,80,MEDIT00020,Gyeongbuk-Yeongcheon-si,경상북도,MEDIT00020,
광범위 구충비,경상북도,예천군,5000,5250,5250,5500,ANITY00006,47,47,81,MEDIT00020,Gyeongbuk-Yecheon-gun,경상북도,MEDIT00020,
광범위 구충비,경상북도,청도군,2000,3000,3333,5000,ANITY00006,47,47,84,MEDIT00020,Gyeongbuk-Cheongdo-gun,경상북도,MEDIT00020,
광범위 구충비,경상북도,칠곡군,1000,3300,2767,4000,ANITY00006,47,47,86,MEDIT00020,Gyeongbuk-Chilgok-gun,경상북도,MEDIT00020,
광범위 구충비,경상북도,포항시,1000,3000,3644,10000,ANITY00006,47,47,87,MEDIT00020,Gyeongbuk-Pohang-si,경상북도,MEDIT00020,
광범위 구충비,경상남도,거제시,1000,4000,3409,5500,ANITY00006,48,48,50,MEDIT00020,Gyeongnam-Geoje-si,경상남도,MEDIT00020,
광범위 구충비,경상남도,거창군,5000,5000,6000,8000,ANITY00006,48,48,51,MEDIT00020,Gyeongnam-Geochang-gun,경상남도,MEDIT00020,
광범위 구충비,경상남도,고성군,1000,2000,2000,3000,ANITY00006,48,48,52,MEDIT00020,Gyeongnam-Goseong-gun,경상남도,MEDIT00020,
광범위 구충비,경상남도,김해시,1500,3000,3497,7000,ANITY00006,48,48,53,MEDIT00020,Gyeongnam-Gimhae-si,경상남도,MEDIT00020,
광범위 구충비,경상남도,남해군,1000,2000,2000,3000,ANITY00006,48,48,54,MEDIT00020,Gyeongnam-Namhae-gun,경상남도,MEDIT00020,
광범위 구충비,경상남도,밀양시,500,1000,1700,4000,ANITY00006,48,48,55,MEDIT00020,Gyeongnam-Miryang-si,경상남도,MEDIT00020,
광범위 구충비,경상남도,사천시,1000,2000,2500,5000,ANITY00006,48,48,56,MEDIT00020,Gyeongnam-Sacheon-si,경상남도,MEDIT00020,
광범위 구충비,경상남도,산청군,1000,1000,1000,1000,ANITY00006,48,48,57,MEDIT00020,Gyeongnam-Sancheong-gun,경상남도,MEDIT00020,
광범위 구충비,경상남도,양산시,2000,3750,4833,25000,ANITY00006,48,48,58,MEDIT00020,Gyeongnam-Yangsan-si,경상남도,MEDIT00020,
광범위 구충비,경상남도,진주시,1000,2250,2523,5000,ANITY00006,48,48,60,MEDIT00020,Gyeongnam-Jinju-si,경상남도,MEDIT00020,
광범위 구충비,경상남도,창녕군,1000,2500,2250,3000,ANITY00006,48,48,61,MEDIT00020,Gyeongnam-Changnyeong-gun,경상남도,MEDIT00020,
광범위 구충비,경상남도,창원시,500,3000,3442,6000,ANITY00006,48,48,62,MEDIT00020,Gyeongnam-Changwon-si,경상남도,MEDIT00020,
광범위 구충비,경상남도,통영시,1000,2000,2300,5000,ANITY00006,48,48,63,MEDIT00020,Gyeongnam-Tongyeong-si,경상남도,MEDIT00020,
광범위 구충비,경상남도,하동군,2000,4500,4500,7000,ANITY00006,48,48,64,MEDIT00020,Gyeongnam-Hadong-gun,경상남도,MEDIT00020,
광범위 구충비,경상남도,함안군,1000,1000,1000,1000,ANITY00006,48,48,65,MEDIT00020,Gyeongnam-Haman-gun,경상남도,MEDIT00020,
광범위 구충비,경상남도,합천군,3000,11500,11500,20000,ANITY00006,48,48,67,MEDIT00020,Gyeongnam-Hapcheon-gu,경상남도,MEDIT00020,
광범위 구충비,제주특별자치도,서귀포시,1000,3000,3167,7000,ANITY00006,50,50,204,MEDIT00020,Jeju-Seogwipo,제주특별자치도,MEDIT00020,
광범위 구충비,제주특별자치도,제주시,1000,3000,3217,6000,ANITY00006,50,50,205,MEDIT00020,Jeju-Jeju-si,제주특별자치도,MEDIT00020,
